HH,4,0,338,yellow,G,H,G,red,N,X
HH,4,378,58,yellow,G,H,G,purple,N,X
HH,4,1111,755,yellow,G,H,G,orange,R,H
HH,4,2510,651,yellow,G,H,G,orange,R,H
HH,4,3219,576,yellow,G,H,G,purple,N,X
HH,4,3900,2230,yellow,G,H,G,purple,N,X
HH,4,6661,426,yellow,G,H,G,orange,R,H
HH,4,7720,444,yellow,G,H,G,orange,R,H
HH,4,8592,1527,yellow,G,H,G,red,N,X
HH,4,10700,833,yellow,G,H,G,red,N,X
HH,4,11580,29,yellow,G,H,G,red,N,X
HH,4,12048,857,yellow,G,H,G,red,N,X
HH,4,13082,89,yellow,G,H,G,purple,N,X
HH,4,13371,201,yellow,G,H,G,red,N,X
HH,4,13696,11,yellow,G,H,G,red,N,X
HH,4,13738,12,yellow,G,H,G,red,N,X
HH,4,13759,16,yellow,G,H,G,red,N,X
HH,4,14625,31,yellow,G,H,S,yellow,G,H
HH,4,14681,40,yellow,G,H,S,yellow,G,H
HH,4,14969,128,yellow,G,H,G,purple,N,X
HH,4,15115,403,yellow,G,H,G,red,N,X
HH,4,15829,227,yellow,G,H,G,red,N,X
HH,4,16161,555,yellow,G,H,G,red,N,X
HH,4,16724,61,yellow,G,H,G,red,N,X
HH,4,16963,306,yellow,G,H,G,red,N,X
HH,4,17408,214,yellow,G,H,G,red,N,X
HH,4,17688,18,yellow,G,H,G,red,N,X
HH,4,17721,224,yellow,G,H,G,red,N,X
HH,4,18435,63,yellow,G,H,G,red,N,X
HH,4,18549,152,yellow,G,H,G,red,N,X
HH,4,18722,13,yellow,G,H,G,red,N,X
HH,4,18745,137,yellow,G,H,G,red,N,X
HH,4,19767,820,yellow,G,H,G,green,N,X
HH,4,20767,31,yellow,G,H,G,purple,N,X
HH,4,21309,21,yellow,G,H,S,yellow,G,H
HH,4,21356,450,yellow,G,H,G,green,N,X
HH,4,22134,3397,yellow,G,H,G,purple,N,X
HH,4,25707,249,yellow,G,H,G,red,N,X
HH,4,26288,55,yellow,G,H,G,red,N,X
HH,4,26921,301,yellow,G,H,G,purple,N,X
HH,4,27425,19,yellow,G,H,S,yellow,G,H
HH,4,28579,61,yellow,G,H,G,purple,N,X
HH,4,3628,234,orange,R,H,G,green,N,X
HH,4,4059,19,orange,R,H,S,orange,R,H
HH,4,4703,146,orange,R,H,G,yellow,G,H
HH,4,5025,155,orange,R,H,G,purple,N,X
HH,4,5766,253,orange,R,H,G,red,N,X
HH,4,7091,23,orange,R,H,G,green,N,X
HH,4,7542,50,orange,R,H,S,orange,R,H
HH,4,8640,370,orange,R,H,G,red,N,X
HH,4,12365,12,orange,R,H,S,orange,R,H
HH,4,12393,467,orange,R,H,G,red,N,X
HH,4,13372,56,orange,R,H,S,orange,R,H
HH,4,14161,28,orange,R,H,S,orange,R,H
HH,4,14238,56,orange,R,H,S,orange,R,H
HH,4,27354,43,orange,R,H,S,orange,R,H
HH,4,28349,41,orange,R,H,S,orange,R,H
HH,4,28452,188,orange,R,H,G,green,N,X
HH,4,3319,3057,red,N,X,G,purple,N,X
HH,4,10591,38,red,N,X,S,red,N,X
HH,4,21529,12,red,N,X,S,red,N,X
HH,4,23146,647,red,N,X,G,purple,N,X
HH,4,23887,95,red,N,X,G,yellow,G,H
HH,4,24138,5,red,N,X,S,red,N,X
HH,4,25141,41,red,N,X,S,red,N,X
HH,4,25208,382,red,N,X,G,yellow,G,H
HH,4,27408,11,red,N,X,S,red,N,X
HH,4,0,387,purple,N,X,G,red,N,X
HH,4,553,87,purple,N,X,G,red,N,X
HH,4,667,27,purple,N,X,G,red,N,X
HH,4,701,53,purple,N,X,G,red,N,X
HH,4,1783,923,purple,N,X,G,orange,R,H
HH,4,6566,512,purple,N,X,G,green,N,X
HH,4,7163,42,purple,N,X,G,green,N,X
HH,4,7269,690,purple,N,X,G,green,N,X
HH,4,8024,810,purple,N,X,G,green,N,X
HH,4,8915,326,purple,N,X,G,green,N,X
HH,4,9294,46,purple,N,X,G,green,N,X
HH,4,9360,621,purple,N,X,G,red,N,X
HH,4,10390,1650,purple,N,X,G,orange,R,H
HH,4,12071,830,purple,N,X,G,red,N,X
HH,4,12958,148,purple,N,X,G,red,N,X
HH,4,13288,21,purple,N,X,G,green,N,X
HH,4,13385,276,purple,N,X,G,green,N,X
HH,4,13701,51,purple,N,X,G,orange,R,H
HH,4,14257,45,purple,N,X,S,purple,N,X
HH,4,14559,561,purple,N,X,G,red,N,X
HH,4,16211,303,purple,N,X,G,yellow,G,H
HH,4,16949,685,purple,N,X,G,green,N,X
HH,4,18097,29,purple,N,X,G,red,N,X
HH,4,19579,29,purple,N,X,S,purple,N,X
HH,4,19738,21,purple,N,X,G,red,N,X
HH,4,19882,12,purple,N,X,S,purple,N,X
HH,4,20000,778,purple,N,X,G,orange,R,H
HH,4,21013,65,purple,N,X,S,purple,N,X
HH,4,26245,34,purple,N,X,S,purple,N,X
HH,4,26308,113,purple,N,X,G,orange,R,H
HH,4,26573,622,purple,N,X,G,green,N,X
HH,4,27323,48,purple,N,X,S,purple,N,X
HH,4,1474,16,blue,N,X,S,blue,N,X
HH,4,2704,19,blue,N,X,G,purple,N,X
HH,4,3672,141,blue,N,X,G,yellow,G,H
HH,4,4236,5,blue,N,X,G,purple,N,X
HH,4,4247,10,blue,N,X,G,red,N,X
HH,4,5114,278,blue,N,X,G,red,N,X
HH,4,5446,707,blue,N,X,G,red,N,X
HH,4,6350,392,blue,N,X,G,red,N,X
HH,4,7057,289,blue,N,X,G,purple,N,X
HH,4,8810,23,blue,N,X,S,blue,N,X
HH,4,10359,277,blue,N,X,G,yellow,G,H
HH,4,10657,189,blue,N,X,G,purple,N,X
HH,4,10990,21,blue,N,X,G,purple,N,X
HH,4,15086,1,blue,N,X,G,purple,N,X
HH,4,15095,86,blue,N,X,G,red,N,X
HH,4,15231,20,blue,N,X,G,purple,N,X
HH,4,15262,3,blue,N,X,G,purple,N,X
HH,4,15273,2,blue,N,X,G,purple,N,X
HH,4,21392,50,blue,N,X,S,blue,N,X
HH,4,22858,33,blue,N,X,G,orange,R,H
HH,4,22905,40,blue,N,X,S,blue,N,X
HH,4,24643,14,blue,N,X,S,blue,N,X
HH,4,25117,39,blue,N,X,S,blue,N,X
HH,4,25202,19,blue,N,X,S,blue,N,X
HH,4,25286,589,blue,N,X,G,purple,N,X
HH,4,12416,521,green,N,X,G,purple,N,X
HH,4,777,1,yellow,G,H,A,yellow,G,H
HH,4,789,1,yellow,G,H,A,yellow,G,H
HH,4,800,1,yellow,G,H,A,yellow,G,H
HH,4,814,1,yellow,G,H,A,yellow,G,H
HH,4,825,1,yellow,G,H,A,yellow,G,H
HH,4,837,1,yellow,G,H,A,yellow,G,H
HH,4,850,1,yellow,G,H,A,yellow,G,H
HH,4,862,1,yellow,G,H,A,yellow,G,H
HH,4,874,1,yellow,G,H,A,yellow,G,H
HH,4,884,1,yellow,G,H,A,yellow,G,H
HH,4,896,1,yellow,G,H,A,yellow,G,H
HH,4,908,1,yellow,G,H,A,yellow,G,H
HH,4,919,1,yellow,G,H,A,yellow,G,H
HH,4,931,1,yellow,G,H,A,yellow,G,H
HH,4,1030,1,yellow,G,H,A,yellow,G,H
HH,4,1042,1,yellow,G,H,A,yellow,G,H
HH,4,1056,1,yellow,G,H,A,yellow,G,H
HH,4,1068,1,yellow,G,H,A,yellow,G,H
HH,4,1081,1,yellow,G,H,A,yellow,G,H
HH,4,1103,1,yellow,G,H,A,yellow,G,H
HH,4,1886,1,yellow,G,H,A,yellow,G,H
HH,4,1898,1,yellow,G,H,A,yellow,G,H
HH,4,1911,1,yellow,G,H,A,yellow,G,H
HH,4,1924,1,yellow,G,H,A,yellow,G,H
HH,4,1937,1,yellow,G,H,A,yellow,G,H
HH,4,1952,1,yellow,G,H,A,yellow,G,H
HH,4,1982,1,yellow,G,H,A,yellow,G,H
HH,4,1993,509,yellow,G,H,H,yellow,G,H
HH,4,3857,1,yellow,G,H,A,yellow,G,H
HH,4,3875,1,yellow,G,H,A,yellow,G,H
HH,4,3893,1,yellow,G,H,A,yellow,G,H
HH,4,3927,1,yellow,G,H,A,yellow,G,H
HH,4,6167,1,yellow,G,H,A,yellow,G,H
HH,4,6183,1,yellow,G,H,A,yellow,G,H
HH,4,6199,1,yellow,G,H,A,yellow,G,H
HH,4,6219,1,yellow,G,H,A,yellow,G,H
HH,4,6243,1,yellow,G,H,A,yellow,G,H
HH,4,6267,1,yellow,G,H,A,yellow,G,H
HH,4,6292,1,yellow,G,H,A,yellow,G,H
HH,4,6341,1,yellow,G,H,A,yellow,G,H
HH,4,6414,1,yellow,G,H,A,yellow,G,H
HH,4,6430,1,yellow,G,H,A,yellow,G,H
HH,4,6453,1,yellow,G,H,A,yellow,G,H
HH,4,6469,1,yellow,G,H,A,yellow,G,H
HH,4,6492,145,yellow,G,H,H,yellow,G,H
HH,4,7155,1,yellow,G,H,A,yellow,G,H
HH,4,7176,1,yellow,G,H,A,yellow,G,H
HH,4,7191,1,yellow,G,H,A,yellow,G,H
HH,4,7207,1,yellow,G,H,A,yellow,G,H
HH,4,7226,478,yellow,G,H,H,yellow,G,H
HH,4,7704,1,yellow,G,H,A,yellow,G,H
HH,4,8286,1,yellow,G,H,A,yellow,G,H
HH,4,8302,1,yellow,G,H,A,yellow,G,H
HH,4,8323,1,yellow,G,H,A,yellow,G,H
HH,4,8353,76,yellow,G,H,H,yellow,G,H
HH,4,8429,131,yellow,G,H,R,yellow,G,H
HH,4,10301,1,yellow,G,H,A,yellow,G,H
HH,4,10324,1,yellow,G,H,A,yellow,G,H
HH,4,11714,1,yellow,G,H,A,yellow,G,H
HH,4,11727,1,yellow,G,H,A,yellow,G,H
HH,4,11816,1,yellow,G,H,A,yellow,G,H
HH,4,11830,1,yellow,G,H,A,yellow,G,H
HH,4,11847,1,yellow,G,H,A,yellow,G,H
HH,4,11863,1,yellow,G,H,A,yellow,G,H
HH,4,11899,1,yellow,G,H,A,yellow,G,H
HH,4,13252,1,yellow,G,H,A,yellow,G,H
HH,4,13273,1,yellow,G,H,A,yellow,G,H
HH,4,13300,1,yellow,G,H,A,yellow,G,H
HH,4,13896,1,yellow,G,H,A,yellow,G,H
HH,4,13959,1,yellow,G,H,A,yellow,G,H
HH,4,13975,1,yellow,G,H,A,yellow,G,H
HH,4,14006,1,yellow,G,H,A,yellow,G,H
HH,4,14460,1,yellow,G,H,A,yellow,G,H
HH,4,14474,1,yellow,G,H,A,yellow,G,H
HH,4,14491,1,yellow,G,H,A,yellow,G,H
HH,4,14509,1,yellow,G,H,A,yellow,G,H
HH,4,14525,1,yellow,G,H,A,yellow,G,H
HH,4,14542,1,yellow,G,H,A,yellow,G,H
HH,4,14559,1,yellow,G,H,A,yellow,G,H
HH,4,14577,39,yellow,G,H,H,yellow,G,H
HH,4,14681,1,yellow,G,H,A,yellow,G,H
HH,4,15783,1,yellow,G,H,A,yellow,G,H
HH,4,15800,1,yellow,G,H,A,yellow,G,H
HH,4,16138,1,yellow,G,H,A,yellow,G,H
HH,4,16804,121,yellow,G,H,H,yellow,G,H
HH,4,16925,1,yellow,G,H,A,yellow,G,H
HH,4,17702,1,yellow,G,H,A,yellow,G,H
HH,4,18150,1,yellow,G,H,A,yellow,G,H
HH,4,18179,1,yellow,G,H,A,yellow,G,H
HH,4,18192,1,yellow,G,H,A,yellow,G,H
HH,4,18209,1,yellow,G,H,A,yellow,G,H
HH,4,18224,1,yellow,G,H,A,yellow,G,H
HH,4,18250,1,yellow,G,H,A,yellow,G,H
HH,4,18288,6,yellow,G,H,H,yellow,G,H
HH,4,18294,1,yellow,G,H,A,yellow,G,H
HH,4,18952,1,yellow,G,H,A,yellow,G,H
HH,4,19018,1,yellow,G,H,A,yellow,G,H
HH,4,19033,1,yellow,G,H,A,yellow,G,H
HH,4,19053,1,yellow,G,H,A,yellow,G,H
HH,4,19067,1,yellow,G,H,A,yellow,G,H
HH,4,19087,1,yellow,G,H,A,yellow,G,H
HH,4,19103,1,yellow,G,H,A,yellow,G,H
HH,4,19120,1,yellow,G,H,A,yellow,G,H
HH,4,19224,1,yellow,G,H,A,yellow,G,H
HH,4,19239,1,yellow,G,H,A,yellow,G,H
HH,4,19250,1,yellow,G,H,A,yellow,G,H
HH,4,19264,1,yellow,G,H,A,yellow,G,H
HH,4,19286,1,yellow,G,H,A,yellow,G,H
HH,4,19349,1,yellow,G,H,A,yellow,G,H
HH,4,19365,1,yellow,G,H,A,yellow,G,H
HH,4,19399,1,yellow,G,H,A,yellow,G,H
HH,4,19422,1,yellow,G,H,A,yellow,G,H
HH,4,19453,1,yellow,G,H,A,yellow,G,H
HH,4,19479,1,yellow,G,H,A,yellow,G,H
HH,4,19511,233,yellow,G,H,H,yellow,G,H
HH,4,20695,1,yellow,G,H,A,yellow,G,H
HH,4,20906,1,yellow,G,H,A,yellow,G,H
HH,4,20922,1,yellow,G,H,A,yellow,G,H
HH,4,20944,1,yellow,G,H,A,yellow,G,H
HH,4,20975,1,yellow,G,H,A,yellow,G,H
HH,4,21039,1,yellow,G,H,A,yellow,G,H
HH,4,21064,1,yellow,G,H,A,yellow,G,H
HH,4,21107,1,yellow,G,H,A,yellow,G,H
HH,4,21124,1,yellow,G,H,A,yellow,G,H
HH,4,21142,1,yellow,G,H,A,yellow,G,H
HH,4,21162,1,yellow,G,H,A,yellow,G,H
HH,4,21184,1,yellow,G,H,A,yellow,G,H
HH,4,21217,1,yellow,G,H,A,yellow,G,H
HH,4,21234,54,yellow,G,H,H,yellow,G,H
HH,4,21960,1,yellow,G,H,A,yellow,G,H
HH,4,21981,1,yellow,G,H,A,yellow,G,H
HH,4,22001,1,yellow,G,H,A,yellow,G,H
HH,4,22029,1,yellow,G,H,A,yellow,G,H
HH,4,25677,1,yellow,G,H,A,yellow,G,H
HH,4,26099,1,yellow,G,H,A,yellow,G,H
HH,4,26180,1,yellow,G,H,A,yellow,G,H
HH,4,26463,1,yellow,G,H,A,yellow,G,H
HH,4,26477,1,yellow,G,H,A,yellow,G,H
HH,4,26489,1,yellow,G,H,A,yellow,G,H
HH,4,26659,1,yellow,G,H,A,yellow,G,H
HH,4,26672,1,yellow,G,H,A,yellow,G,H
HH,4,26725,1,yellow,G,H,A,yellow,G,H
HH,4,26738,1,yellow,G,H,A,yellow,G,H
HH,4,26778,1,yellow,G,H,A,yellow,G,H
HH,4,26790,1,yellow,G,H,A,yellow,G,H
HH,4,26820,1,yellow,G,H,A,yellow,G,H
HH,4,26835,1,yellow,G,H,A,yellow,G,H
HH,4,26865,1,yellow,G,H,A,yellow,G,H
HH,4,26877,1,yellow,G,H,A,yellow,G,H
HH,4,26893,1,yellow,G,H,A,yellow,G,H
HH,4,27356,1,yellow,G,H,A,yellow,G,H
HH,4,27369,1,yellow,G,H,A,yellow,G,H
HH,4,27461,1,yellow,G,H,A,yellow,G,H
HH,4,27690,1,yellow,G,H,A,yellow,G,H
HH,4,27703,1,yellow,G,H,A,yellow,G,H
HH,4,27715,1,yellow,G,H,A,yellow,G,H
HH,4,27729,1,yellow,G,H,A,yellow,G,H
HH,4,27742,1,yellow,G,H,A,yellow,G,H
HH,4,27756,1,yellow,G,H,A,yellow,G,H
HH,4,27771,1,yellow,G,H,A,yellow,G,H
HH,4,27800,1,yellow,G,H,A,yellow,G,H
HH,4,27814,1,yellow,G,H,A,yellow,G,H
HH,4,27831,1,yellow,G,H,A,yellow,G,H
HH,4,27911,1,yellow,G,H,A,yellow,G,H
HH,4,27923,1,yellow,G,H,A,yellow,G,H
HH,4,27937,1,yellow,G,H,A,yellow,G,H
HH,4,27952,1,yellow,G,H,A,yellow,G,H
HH,4,27968,1,yellow,G,H,A,yellow,G,H
HH,4,28131,1,yellow,G,H,A,yellow,G,H
HH,4,28145,1,yellow,G,H,A,yellow,G,H
HH,4,28159,1,yellow,G,H,A,yellow,G,H
HH,4,28173,1,yellow,G,H,A,yellow,G,H
HH,4,28191,1,yellow,G,H,A,yellow,G,H
HH,4,28207,1,yellow,G,H,A,yellow,G,H
HH,4,28223,1,yellow,G,H,A,yellow,G,H
HH,4,28266,1,yellow,G,H,A,yellow,G,H
HH,4,28278,1,yellow,G,H,A,yellow,G,H
HH,4,28292,1,yellow,G,H,A,yellow,G,H
HH,4,28306,1,yellow,G,H,A,yellow,G,H
HH,4,28320,1,yellow,G,H,A,yellow,G,H
HH,4,28338,203,yellow,G,H,H,yellow,G,H
HH,4,18,1,orange,R,H,A,orange,R,H
HH,4,91,1,orange,R,H,A,orange,R,H
HH,4,134,1,orange,R,H,A,orange,R,H
HH,4,158,1,orange,R,H,A,orange,R,H
HH,4,182,1,orange,R,H,A,orange,R,H
HH,4,505,1,orange,R,H,A,orange,R,H
HH,4,522,1,orange,R,H,A,orange,R,H
HH,4,540,1,orange,R,H,A,orange,R,H
HH,4,568,1,orange,R,H,A,orange,R,H
HH,4,613,1,orange,R,H,A,orange,R,H
HH,4,642,1,orange,R,H,A,orange,R,H
HH,4,657,123,orange,R,H,H,orange,R,H
HH,4,780,1,orange,R,H,A,orange,R,H
HH,4,3315,1,orange,R,H,A,orange,R,H
HH,4,3352,1,orange,R,H,A,orange,R,H
HH,4,3501,1,orange,R,H,A,orange,R,H
HH,4,4006,1,orange,R,H,A,orange,R,H
HH,4,4086,1,orange,R,H,A,orange,R,H
HH,4,4181,1,orange,R,H,A,orange,R,H
HH,4,4257,1,orange,R,H,A,orange,R,H
HH,4,4294,152,orange,R,H,H,orange,R,H
HH,4,4446,193,orange,R,H,R,orange,R,H
HH,4,5337,1,orange,R,H,A,orange,R,H
HH,4,5480,1,orange,R,H,A,orange,R,H
HH,4,5514,1,orange,R,H,A,orange,R,H
HH,4,5537,32,orange,R,H,H,orange,R,H
HH,4,5569,1,orange,R,H,A,orange,R,H
HH,4,6180,1,orange,R,H,A,orange,R,H
HH,4,7238,1,orange,R,H,A,orange,R,H
HH,4,7256,1,orange,R,H,A,orange,R,H
HH,4,7286,93,orange,R,H,H,orange,R,H
HH,4,7532,1,orange,R,H,A,orange,R,H
HH,4,8448,1,orange,R,H,A,orange,R,H
HH,4,8471,1,orange,R,H,A,orange,R,H
HH,4,8484,148,orange,R,H,H,orange,R,H
HH,4,9226,1,orange,R,H,A,orange,R,H
HH,4,9248,1,orange,R,H,A,orange,R,H
HH,4,9264,244,orange,R,H,H,orange,R,H
HH,4,9508,1,orange,R,H,A,orange,R,H
HH,4,12217,1,orange,R,H,A,orange,R,H
HH,4,12258,1,orange,R,H,A,orange,R,H
HH,4,12299,1,orange,R,H,A,orange,R,H
HH,4,12895,231,orange,R,H,H,orange,R,H
HH,4,13126,144,orange,R,H,R,orange,R,H
HH,4,13448,1,orange,R,H,A,orange,R,H
HH,4,13465,1,orange,R,H,A,orange,R,H
HH,4,13487,1,orange,R,H,A,orange,R,H
HH,4,13561,1,orange,R,H,A,orange,R,H
HH,4,14201,1,orange,R,H,A,orange,R,H
HH,4,14370,1,orange,R,H,A,orange,R,H
HH,4,14415,15,orange,R,H,H,orange,R,H
HH,4,14430,1,orange,R,H,A,orange,R,H
HH,4,19608,1,orange,R,H,A,orange,R,H
HH,4,19627,1,orange,R,H,A,orange,R,H
HH,4,19662,41,orange,R,H,H,orange,R,H
HH,4,19703,1,orange,R,H,A,orange,R,H
HH,4,26645,1,orange,R,H,A,orange,R,H
HH,4,26674,1,orange,R,H,A,orange,R,H
HH,4,26706,1,orange,R,H,A,orange,R,H
HH,4,26738,1,orange,R,H,A,orange,R,H
HH,4,26756,1,orange,R,H,A,orange,R,H
HH,4,26831,1,orange,R,H,A,orange,R,H
HH,4,26886,1,orange,R,H,A,orange,R,H
HH,4,26920,1,orange,R,H,A,orange,R,H
HH,4,26938,1,orange,R,H,A,orange,R,H
HH,4,26954,1,orange,R,H,A,orange,R,H
HH,4,27108,1,orange,R,H,A,orange,R,H
HH,4,27128,1,orange,R,H,A,orange,R,H
HH,4,27156,175,orange,R,H,H,orange,R,H
HH,4,27949,1,orange,R,H,A,orange,R,H
HH,4,27968,1,orange,R,H,A,orange,R,H
HH,4,27995,1,orange,R,H,A,orange,R,H
HH,4,28024,1,orange,R,H,A,orange,R,H
HH,4,28046,1,orange,R,H,A,orange,R,H
HH,4,28084,1,orange,R,H,A,orange,R,H
HH,4,28123,1,orange,R,H,A,orange,R,H
HH,4,28143,1,orange,R,H,A,orange,R,H
HH,4,28162,1,orange,R,H,A,orange,R,H
HH,4,28177,57,orange,R,H,H,orange,R,H
HH,4,28389,55,orange,R,H,H,orange,R,H
HH,4,850,1,red,N,X,A,red,N,X
HH,4,867,1,red,N,X,A,red,N,X
HH,4,896,1,red,N,X,A,red,N,X
HH,4,1198,1,red,N,X,A,red,N,X
HH,4,1226,1,red,N,X,A,red,N,X
HH,4,1250,117,red,N,X,H,red,N,X
HH,4,1783,1,red,N,X,A,red,N,X
HH,4,1796,1,red,N,X,A,red,N,X
HH,4,1811,1,red,N,X,A,red,N,X
HH,4,1818,125,red,N,X,R,red,N,X
HH,4,2467,1,red,N,X,A,red,N,X
HH,4,2479,1,red,N,X,A,red,N,X
HH,4,2491,1,red,N,X,A,red,N,X
HH,4,2502,1,red,N,X,A,red,N,X
HH,4,2514,1,red,N,X,A,red,N,X
HH,4,2525,1,red,N,X,A,red,N,X
HH,4,2537,1,red,N,X,A,red,N,X
HH,4,2558,84,red,N,X,H,red,N,X
HH,4,2642,1,red,N,X,A,red,N,X
HH,4,2777,1,red,N,X,A,red,N,X
HH,4,2789,1,red,N,X,A,red,N,X
HH,4,2798,347,red,N,X,H,red,N,X
HH,4,3145,1,red,N,X,A,red,N,X
HH,4,7446,1,red,N,X,A,red,N,X
HH,4,7462,1,red,N,X,A,red,N,X
HH,4,7725,1,red,N,X,A,red,N,X
HH,4,7746,1,red,N,X,A,red,N,X
HH,4,7893,1,red,N,X,A,red,N,X
HH,4,7925,1,red,N,X,A,red,N,X
HH,4,10382,1,red,N,X,A,red,N,X
HH,4,10397,1,red,N,X,A,red,N,X
HH,4,10418,1,red,N,X,A,red,N,X
HH,4,10576,1,red,N,X,A,red,N,X
HH,4,10631,1,red,N,X,A,red,N,X
HH,4,13988,1,red,N,X,A,red,N,X
HH,4,14005,1,red,N,X,A,red,N,X
HH,4,14051,1,red,N,X,A,red,N,X
HH,4,14074,1,red,N,X,A,red,N,X
HH,4,14139,1,red,N,X,A,red,N,X
HH,4,15761,1,red,N,X,A,red,N,X
HH,4,15778,1,red,N,X,A,red,N,X
HH,4,15804,1,red,N,X,A,red,N,X
HH,4,16842,1,red,N,X,A,red,N,X
HH,4,16855,1,red,N,X,A,red,N,X
HH,4,16866,1,red,N,X,A,red,N,X
HH,4,16880,1,red,N,X,A,red,N,X
HH,4,17253,157,red,N,X,R,red,N,X
HH,4,17433,1,red,N,X,A,red,N,X
HH,4,17478,1,red,N,X,A,red,N,X
HH,4,17519,1,red,N,X,A,red,N,X
HH,4,17520,6,red,N,X,H,red,N,X
HH,4,17686,1,red,N,X,A,red,N,X
HH,4,17701,1,red,N,X,A,red,N,X
HH,4,18020,1,red,N,X,A,red,N,X
HH,4,18033,1,red,N,X,A,red,N,X
HH,4,18045,1,red,N,X,A,red,N,X
HH,4,18058,1,red,N,X,A,red,N,X
HH,4,18060,1,red,N,X,A,red,N,X
HH,4,18061,9,red,N,X,H,red,N,X
HH,4,18415,1,red,N,X,A,red,N,X
HH,4,18511,1,red,N,X,A,red,N,X
HH,4,19071,1,red,N,X,A,red,N,X
HH,4,19083,1,red,N,X,A,red,N,X
HH,4,19094,1,red,N,X,A,red,N,X
HH,4,19107,1,red,N,X,A,red,N,X
HH,4,19159,1,red,N,X,A,red,N,X
HH,4,19171,1,red,N,X,A,red,N,X
HH,4,19184,1,red,N,X,A,red,N,X
HH,4,19196,1,red,N,X,A,red,N,X
HH,4,19208,1,red,N,X,A,red,N,X
HH,4,19221,1,red,N,X,A,red,N,X
HH,4,19233,1,red,N,X,A,red,N,X
HH,4,19247,1,red,N,X,A,red,N,X
HH,4,19271,1,red,N,X,A,red,N,X
HH,4,19283,1,red,N,X,A,red,N,X
HH,4,19296,1,red,N,X,A,red,N,X
HH,4,19306,1,red,N,X,A,red,N,X
HH,4,19318,1,red,N,X,A,red,N,X
HH,4,19328,1,red,N,X,A,red,N,X
HH,4,19427,1,red,N,X,A,red,N,X
HH,4,19440,1,red,N,X,A,red,N,X
HH,4,19451,1,red,N,X,A,red,N,X
HH,4,19462,1,red,N,X,A,red,N,X
HH,4,19476,1,red,N,X,A,red,N,X
HH,4,19488,1,red,N,X,A,red,N,X
HH,4,19499,1,red,N,X,A,red,N,X
HH,4,19510,1,red,N,X,A,red,N,X
HH,4,19521,1,red,N,X,A,red,N,X
HH,4,19533,1,red,N,X,A,red,N,X
HH,4,19548,1,red,N,X,A,red,N,X
HH,4,19570,1,red,N,X,A,red,N,X
HH,4,19611,1,red,N,X,A,red,N,X
HH,4,19622,1,red,N,X,A,red,N,X
HH,4,19654,1,red,N,X,A,red,N,X
HH,4,19665,1,red,N,X,A,red,N,X
HH,4,19676,1,red,N,X,A,red,N,X
HH,4,19688,1,red,N,X,A,red,N,X
HH,4,19700,1,red,N,X,A,red,N,X
HH,4,19739,1,red,N,X,A,red,N,X
HH,4,19870,1,red,N,X,A,red,N,X
HH,4,19881,1,red,N,X,A,red,N,X
HH,4,19892,1,red,N,X,A,red,N,X
HH,4,19904,1,red,N,X,A,red,N,X
HH,4,19916,1,red,N,X,A,red,N,X
HH,4,19927,1,red,N,X,A,red,N,X
HH,4,20118,1,red,N,X,A,red,N,X
HH,4,20129,1,red,N,X,A,red,N,X
HH,4,20140,1,red,N,X,A,red,N,X
HH,4,20152,1,red,N,X,A,red,N,X
HH,4,20162,1,red,N,X,A,red,N,X
HH,4,20173,1,red,N,X,A,red,N,X
HH,4,20186,1,red,N,X,A,red,N,X
HH,4,20197,1,red,N,X,A,red,N,X
HH,4,20208,1,red,N,X,A,red,N,X
HH,4,20233,1,red,N,X,A,red,N,X
HH,4,20244,1,red,N,X,A,red,N,X
HH,4,20257,1,red,N,X,A,red,N,X
HH,4,20268,1,red,N,X,A,red,N,X
HH,4,20282,1,red,N,X,A,red,N,X
HH,4,20293,1,red,N,X,A,red,N,X
HH,4,20304,1,red,N,X,A,red,N,X
HH,4,20322,1,red,N,X,A,red,N,X
HH,4,20333,1,red,N,X,A,red,N,X
HH,4,20344,1,red,N,X,A,red,N,X
HH,4,20356,1,red,N,X,A,red,N,X
HH,4,20369,1,red,N,X,A,red,N,X
HH,4,20389,1,red,N,X,A,red,N,X
HH,4,20401,1,red,N,X,A,red,N,X
HH,4,20413,1,red,N,X,A,red,N,X
HH,4,20424,1,red,N,X,A,red,N,X
HH,4,20436,1,red,N,X,A,red,N,X
HH,4,20447,1,red,N,X,A,red,N,X
HH,4,20460,1,red,N,X,A,red,N,X
HH,4,20477,1,red,N,X,A,red,N,X
HH,4,20499,1,red,N,X,A,red,N,X
HH,4,20512,1,red,N,X,A,red,N,X
HH,4,20527,1,red,N,X,A,red,N,X
HH,4,20541,1,red,N,X,A,red,N,X
HH,4,20558,1,red,N,X,A,red,N,X
HH,4,20572,1,red,N,X,A,red,N,X
HH,4,20663,1,red,N,X,A,red,N,X
HH,4,20673,1,red,N,X,A,red,N,X
HH,4,20683,1,red,N,X,A,red,N,X
HH,4,20694,1,red,N,X,A,red,N,X
HH,4,20704,1,red,N,X,A,red,N,X
HH,4,20713,1,red,N,X,A,red,N,X
HH,4,20723,1,red,N,X,A,red,N,X
HH,4,20734,1,red,N,X,A,red,N,X
HH,4,20746,1,red,N,X,A,red,N,X
HH,4,20756,1,red,N,X,A,red,N,X
HH,4,20766,1,red,N,X,A,red,N,X
HH,4,20778,1,red,N,X,A,red,N,X
HH,4,20788,1,red,N,X,A,red,N,X
HH,4,20798,1,red,N,X,A,red,N,X
HH,4,20811,1,red,N,X,A,red,N,X
HH,4,20823,1,red,N,X,A,red,N,X
HH,4,20835,1,red,N,X,A,red,N,X
HH,4,20846,1,red,N,X,A,red,N,X
HH,4,20857,1,red,N,X,A,red,N,X
HH,4,20869,1,red,N,X,A,red,N,X
HH,4,20880,1,red,N,X,A,red,N,X
HH,4,20891,1,red,N,X,A,red,N,X
HH,4,20902,1,red,N,X,A,red,N,X
HH,4,20919,1,red,N,X,A,red,N,X
HH,4,21006,309,red,N,X,H,red,N,X
HH,4,21315,1,red,N,X,A,red,N,X
HH,4,21365,1,red,N,X,A,red,N,X
HH,4,21376,1,red,N,X,A,red,N,X
HH,4,21389,1,red,N,X,A,red,N,X
HH,4,21401,1,red,N,X,A,red,N,X
HH,4,21412,1,red,N,X,A,red,N,X
HH,4,21518,1,red,N,X,A,red,N,X
HH,4,21545,1,red,N,X,A,red,N,X
HH,4,21555,1,red,N,X,A,red,N,X
HH,4,21631,1,red,N,X,A,red,N,X
HH,4,21645,1,red,N,X,A,red,N,X
HH,4,21661,1,red,N,X,A,red,N,X
HH,4,21671,1,red,N,X,A,red,N,X
HH,4,21681,1,red,N,X,A,red,N,X
HH,4,21695,1,red,N,X,A,red,N,X
HH,4,21755,1,red,N,X,A,red,N,X
HH,4,21765,1,red,N,X,A,red,N,X
HH,4,21776,1,red,N,X,A,red,N,X
HH,4,21788,1,red,N,X,A,red,N,X
HH,4,21801,1,red,N,X,A,red,N,X
HH,4,22024,1,red,N,X,A,red,N,X
HH,4,22034,1,red,N,X,A,red,N,X
HH,4,22046,1,red,N,X,A,red,N,X
HH,4,22059,1,red,N,X,A,red,N,X
HH,4,22072,1,red,N,X,A,red,N,X
HH,4,22084,1,red,N,X,A,red,N,X
HH,4,22094,1,red,N,X,A,red,N,X
HH,4,22289,1,red,N,X,A,red,N,X
HH,4,22299,1,red,N,X,A,red,N,X
HH,4,22310,1,red,N,X,A,red,N,X
HH,4,22338,1,red,N,X,A,red,N,X
HH,4,22352,212,red,N,X,H,red,N,X
HH,4,22564,141,red,N,X,R,red,N,X
HH,4,24138,1,red,N,X,A,red,N,X
HH,4,24600,1,red,N,X,A,red,N,X
HH,4,24613,1,red,N,X,A,red,N,X
HH,4,24625,1,red,N,X,A,red,N,X
HH,4,24707,1,red,N,X,A,red,N,X
HH,4,24716,1,red,N,X,A,red,N,X
HH,4,24737,1,red,N,X,A,red,N,X
HH,4,24934,1,red,N,X,A,red,N,X
HH,4,24974,1,red,N,X,A,red,N,X
HH,4,24988,1,red,N,X,A,red,N,X
HH,4,24999,1,red,N,X,A,red,N,X
HH,4,25063,1,red,N,X,A,red,N,X
HH,4,25074,1,red,N,X,A,red,N,X
HH,4,25087,1,red,N,X,A,red,N,X
HH,4,25096,46,red,N,X,H,red,N,X
HH,4,25181,14,red,N,X,H,red,N,X
HH,4,26517,1,red,N,X,A,red,N,X
HH,4,26527,1,red,N,X,A,red,N,X
HH,4,26537,1,red,N,X,A,red,N,X
HH,4,26548,1,red,N,X,A,red,N,X
HH,4,26555,1,red,N,X,A,red,N,X
HH,4,26566,1,red,N,X,A,red,N,X
HH,4,26641,1,red,N,X,A,red,N,X
HH,4,26675,1,red,N,X,A,red,N,X
HH,4,26685,1,red,N,X,A,red,N,X
HH,4,26696,1,red,N,X,A,red,N,X
HH,4,26717,1,red,N,X,A,red,N,X
HH,4,26727,1,red,N,X,A,red,N,X
HH,4,26738,1,red,N,X,A,red,N,X
HH,4,26750,1,red,N,X,A,red,N,X
HH,4,26764,1,red,N,X,A,red,N,X
HH,4,26806,1,red,N,X,A,red,N,X
HH,4,26817,1,red,N,X,A,red,N,X
HH,4,26827,1,red,N,X,A,red,N,X
HH,4,26838,1,red,N,X,A,red,N,X
HH,4,26849,1,red,N,X,A,red,N,X
HH,4,26871,1,red,N,X,H,red,N,X
HH,4,26872,1,red,N,X,A,red,N,X
HH,4,27059,1,red,N,X,A,red,N,X
HH,4,27069,1,red,N,X,A,red,N,X
HH,4,27088,289,red,N,X,H,red,N,X
HH,4,27723,1,red,N,X,A,red,N,X
HH,4,27735,1,red,N,X,A,red,N,X
HH,4,27744,1,red,N,X,A,red,N,X
HH,4,27757,1,red,N,X,A,red,N,X
HH,4,27771,1,red,N,X,A,red,N,X
HH,4,27783,1,red,N,X,A,red,N,X
HH,4,27795,1,red,N,X,A,red,N,X
HH,4,27806,1,red,N,X,A,red,N,X
HH,4,27856,1,red,N,X,A,red,N,X
HH,4,27902,1,red,N,X,A,red,N,X
HH,4,27914,1,red,N,X,A,red,N,X
HH,4,27926,1,red,N,X,A,red,N,X
HH,4,27938,1,red,N,X,A,red,N,X
HH,4,27957,1,red,N,X,A,red,N,X
HH,4,28137,1,red,N,X,A,red,N,X
HH,4,28149,1,red,N,X,A,red,N,X
HH,4,28163,1,red,N,X,A,red,N,X
HH,4,28175,1,red,N,X,A,red,N,X
HH,4,28186,1,red,N,X,A,red,N,X
HH,4,28199,1,red,N,X,A,red,N,X
HH,4,28209,1,red,N,X,A,red,N,X
HH,4,28222,1,red,N,X,A,red,N,X
HH,4,28234,1,red,N,X,A,red,N,X
HH,4,28246,1,red,N,X,A,red,N,X
HH,4,28257,1,red,N,X,A,red,N,X
HH,4,28270,1,red,N,X,A,red,N,X
HH,4,28334,1,red,N,X,A,red,N,X
HH,4,28347,1,red,N,X,A,red,N,X
HH,4,28361,1,red,N,X,A,red,N,X
HH,4,28372,1,red,N,X,A,red,N,X
HH,4,28387,1,red,N,X,A,red,N,X
HH,4,28402,1,red,N,X,A,red,N,X
HH,4,28429,5,red,N,X,H,red,N,X
HH,4,839,1,purple,N,X,A,purple,N,X
HH,4,854,1,purple,N,X,A,purple,N,X
HH,4,877,1,purple,N,X,A,purple,N,X
HH,4,898,1,purple,N,X,A,purple,N,X
HH,4,914,1,purple,N,X,A,purple,N,X
HH,4,943,1,purple,N,X,A,purple,N,X
HH,4,1299,1,purple,N,X,A,purple,N,X
HH,4,1317,1,purple,N,X,A,purple,N,X
HH,4,1333,1,purple,N,X,A,purple,N,X
HH,4,1350,1,purple,N,X,A,purple,N,X
HH,4,1361,100,purple,N,X,H,purple,N,X
HH,4,2803,1,purple,N,X,A,purple,N,X
HH,4,2818,282,purple,N,X,H,purple,N,X
HH,4,3100,123,purple,N,X,R,purple,N,X
HH,4,8842,59,purple,N,X,H,purple,N,X
HH,4,10059,1,purple,N,X,A,purple,N,X
HH,4,13293,1,purple,N,X,A,purple,N,X
HH,4,13376,1,purple,N,X,A,purple,N,X
HH,4,14240,1,purple,N,X,A,purple,N,X
HH,4,14251,1,purple,N,X,A,purple,N,X
HH,4,14301,1,purple,N,X,A,purple,N,X
HH,4,14529,1,purple,N,X,A,purple,N,X
HH,4,15242,1,purple,N,X,A,purple,N,X
HH,4,15459,1,purple,N,X,A,purple,N,X
HH,4,15472,1,purple,N,X,A,purple,N,X
HH,4,15488,1,purple,N,X,A,purple,N,X
HH,4,15506,1,purple,N,X,A,purple,N,X
HH,4,15523,1,purple,N,X,A,purple,N,X
HH,4,15539,1,purple,N,X,A,purple,N,X
HH,4,15575,1,purple,N,X,A,purple,N,X
HH,4,15591,1,purple,N,X,A,purple,N,X
HH,4,15619,1,purple,N,X,A,purple,N,X
HH,4,15634,1,purple,N,X,A,purple,N,X
HH,4,15653,1,purple,N,X,A,purple,N,X
HH,4,15670,1,purple,N,X,A,purple,N,X
HH,4,15756,1,purple,N,X,A,purple,N,X
HH,4,15769,1,purple,N,X,A,purple,N,X
HH,4,15784,1,purple,N,X,A,purple,N,X
HH,4,15799,1,purple,N,X,A,purple,N,X
HH,4,15816,1,purple,N,X,A,purple,N,X
HH,4,15829,1,purple,N,X,A,purple,N,X
HH,4,15844,51,purple,N,X,H,purple,N,X
HH,4,16899,1,purple,N,X,A,purple,N,X
HH,4,16913,1,purple,N,X,A,purple,N,X
HH,4,16927,1,purple,N,X,A,purple,N,X
HH,4,16942,1,purple,N,X,A,purple,N,X
HH,4,17673,1,purple,N,X,A,purple,N,X
HH,4,17677,113,purple,N,X,H,purple,N,X
HH,4,18533,1,purple,N,X,A,purple,N,X
HH,4,18547,1,purple,N,X,A,purple,N,X
HH,4,18669,1,purple,N,X,A,purple,N,X
HH,4,18680,1,purple,N,X,A,purple,N,X
HH,4,18691,1,purple,N,X,A,purple,N,X
HH,4,18761,1,purple,N,X,A,purple,N,X
HH,4,18771,1,purple,N,X,A,purple,N,X
HH,4,18783,1,purple,N,X,A,purple,N,X
HH,4,18795,1,purple,N,X,A,purple,N,X
HH,4,18807,1,purple,N,X,A,purple,N,X
HH,4,18822,1,purple,N,X,A,purple,N,X
HH,4,18836,57,purple,N,X,H,purple,N,X
HH,4,19267,1,purple,N,X,A,purple,N,X
HH,4,19279,1,purple,N,X,A,purple,N,X
HH,4,19294,1,purple,N,X,A,purple,N,X
HH,4,19425,1,purple,N,X,A,purple,N,X
HH,4,19438,1,purple,N,X,A,purple,N,X
HH,4,19464,1,purple,N,X,A,purple,N,X
HH,4,19487,1,purple,N,X,A,purple,N,X
HH,4,19500,75,purple,N,X,H,purple,N,X
HH,4,19640,1,purple,N,X,A,purple,N,X
HH,4,20970,1,purple,N,X,A,purple,N,X
HH,4,20987,1,purple,N,X,A,purple,N,X
HH,4,21006,1,purple,N,X,A,purple,N,X
HH,4,21011,1,purple,N,X,A,purple,N,X
HH,4,21217,1,purple,N,X,A,purple,N,X
HH,4,21237,1,purple,N,X,A,purple,N,X
HH,4,21249,1,purple,N,X,A,purple,N,X
HH,4,21261,103,purple,N,X,H,purple,N,X
HH,4,21388,38,purple,N,X,H,purple,N,X
HH,4,21551,1,purple,N,X,A,purple,N,X
HH,4,21571,1,purple,N,X,A,purple,N,X
HH,4,21614,1,purple,N,X,A,purple,N,X
HH,4,21626,1,purple,N,X,A,purple,N,X
HH,4,21641,1,purple,N,X,A,purple,N,X
HH,4,21911,1,purple,N,X,A,purple,N,X
HH,4,21923,1,purple,N,X,A,purple,N,X
HH,4,21937,1,purple,N,X,A,purple,N,X
HH,4,21967,113,purple,N,X,H,purple,N,X
HH,4,22080,1,purple,N,X,A,purple,N,X
HH,4,25976,1,purple,N,X,A,purple,N,X
HH,4,26038,1,purple,N,X,A,purple,N,X
HH,4,26089,1,purple,N,X,A,purple,N,X
HH,4,26101,1,purple,N,X,A,purple,N,X
HH,4,26514,1,purple,N,X,A,purple,N,X
HH,4,26526,1,purple,N,X,A,purple,N,X
HH,4,27292,1,purple,N,X,A,purple,N,X
HH,4,27307,1,purple,N,X,A,purple,N,X
HH,4,27679,1,purple,N,X,A,purple,N,X
HH,4,27690,1,purple,N,X,A,purple,N,X
HH,4,27702,1,purple,N,X,A,purple,N,X
HH,4,27718,1,purple,N,X,A,purple,N,X
HH,4,27732,1,purple,N,X,A,purple,N,X
HH,4,27749,1,purple,N,X,A,purple,N,X
HH,4,27763,1,purple,N,X,A,purple,N,X
HH,4,27778,1,purple,N,X,A,purple,N,X
HH,4,27793,1,purple,N,X,A,purple,N,X
HH,4,27809,1,purple,N,X,A,purple,N,X
HH,4,27824,1,purple,N,X,A,purple,N,X
HH,4,27839,1,purple,N,X,A,purple,N,X
HH,4,27850,95,purple,N,X,H,purple,N,X
HH,4,28242,1,purple,N,X,A,purple,N,X
HH,4,28288,1,purple,N,X,A,purple,N,X
HH,4,28312,1,purple,N,X,A,purple,N,X
HH,4,28340,1,purple,N,X,A,purple,N,X
HH,4,28341,11,purple,N,X,H,purple,N,X
HH,4,28352,283,purple,N,X,R,purple,N,X
HH,4,440,1,blue,N,X,A,blue,N,X
HH,4,453,1,blue,N,X,A,blue,N,X
HH,4,466,1,blue,N,X,A,blue,N,X
HH,4,479,1,blue,N,X,A,blue,N,X
HH,4,510,1,blue,N,X,A,blue,N,X
HH,4,522,1,blue,N,X,A,blue,N,X
HH,4,555,1,blue,N,X,A,blue,N,X
HH,4,567,1,blue,N,X,A,blue,N,X
HH,4,600,1,blue,N,X,A,blue,N,X
HH,4,613,1,blue,N,X,A,blue,N,X
HH,4,627,1,blue,N,X,A,blue,N,X
HH,4,641,1,blue,N,X,A,blue,N,X
HH,4,655,1,blue,N,X,A,blue,N,X
HH,4,669,1,blue,N,X,A,blue,N,X
HH,4,686,1,blue,N,X,A,blue,N,X
HH,4,700,1,blue,N,X,A,blue,N,X
HH,4,719,1,blue,N,X,A,blue,N,X
HH,4,739,1,blue,N,X,A,blue,N,X
HH,4,754,1,blue,N,X,A,blue,N,X
HH,4,842,1,blue,N,X,A,blue,N,X
HH,4,856,1,blue,N,X,A,blue,N,X
HH,4,883,1,blue,N,X,A,blue,N,X
HH,4,909,1,blue,N,X,A,blue,N,X
HH,4,921,1,blue,N,X,A,blue,N,X
HH,4,934,1,blue,N,X,A,blue,N,X
HH,4,947,1,blue,N,X,A,blue,N,X
HH,4,972,1,blue,N,X,A,blue,N,X
HH,4,1009,1,blue,N,X,A,blue,N,X
HH,4,1021,1,blue,N,X,A,blue,N,X
HH,4,1045,1,blue,N,X,A,blue,N,X
HH,4,1071,1,blue,N,X,A,blue,N,X
HH,4,1091,1,blue,N,X,A,blue,N,X
HH,4,1119,1,blue,N,X,A,blue,N,X
HH,4,1142,1,blue,N,X,A,blue,N,X
HH,4,1222,1,blue,N,X,A,blue,N,X
HH,4,1279,1,blue,N,X,A,blue,N,X
HH,4,1291,1,blue,N,X,A,blue,N,X
HH,4,1307,1,blue,N,X,A,blue,N,X
HH,4,1319,1,blue,N,X,A,blue,N,X
HH,4,1330,1,blue,N,X,A,blue,N,X
HH,4,1381,1,blue,N,X,A,blue,N,X
HH,4,1392,1,blue,N,X,A,blue,N,X
HH,4,1416,36,blue,N,X,H,blue,N,X
HH,4,1452,1,blue,N,X,A,blue,N,X
HH,4,1845,1,blue,N,X,A,blue,N,X
HH,4,1862,1,blue,N,X,A,blue,N,X
HH,4,1879,1,blue,N,X,A,blue,N,X
HH,4,1904,1,blue,N,X,A,blue,N,X
HH,4,1917,1,blue,N,X,A,blue,N,X
HH,4,1934,1,blue,N,X,A,blue,N,X
HH,4,1950,1,blue,N,X,A,blue,N,X
HH,4,1965,1,blue,N,X,A,blue,N,X
HH,4,1997,1,blue,N,X,A,blue,N,X
HH,4,2008,1,blue,N,X,A,blue,N,X
HH,4,2019,1,blue,N,X,A,blue,N,X
HH,4,2033,1,blue,N,X,A,blue,N,X
HH,4,2045,1,blue,N,X,A,blue,N,X
HH,4,2105,1,blue,N,X,A,blue,N,X
HH,4,2117,1,blue,N,X,A,blue,N,X
HH,4,2128,1,blue,N,X,A,blue,N,X
HH,4,2138,1,blue,N,X,A,blue,N,X
HH,4,2226,1,blue,N,X,A,blue,N,X
HH,4,2266,1,blue,N,X,A,blue,N,X
HH,4,2277,1,blue,N,X,A,blue,N,X
HH,4,2287,1,blue,N,X,A,blue,N,X
HH,4,2298,1,blue,N,X,A,blue,N,X
HH,4,2311,1,blue,N,X,A,blue,N,X
HH,4,2322,1,blue,N,X,A,blue,N,X
HH,4,2333,1,blue,N,X,A,blue,N,X
HH,4,2344,1,blue,N,X,A,blue,N,X
HH,4,2398,1,blue,N,X,A,blue,N,X
HH,4,2408,1,blue,N,X,A,blue,N,X
HH,4,2418,1,blue,N,X,A,blue,N,X
HH,4,2429,1,blue,N,X,A,blue,N,X
HH,4,2440,1,blue,N,X,A,blue,N,X
HH,4,2451,1,blue,N,X,A,blue,N,X
HH,4,2461,1,blue,N,X,A,blue,N,X
HH,4,2473,1,blue,N,X,A,blue,N,X
HH,4,2485,1,blue,N,X,A,blue,N,X
HH,4,2496,1,blue,N,X,A,blue,N,X
HH,4,2508,1,blue,N,X,A,blue,N,X
HH,4,2519,1,blue,N,X,A,blue,N,X
HH,4,2531,1,blue,N,X,A,blue,N,X
HH,4,2543,1,blue,N,X,A,blue,N,X
HH,4,2784,1,blue,N,X,A,blue,N,X
HH,4,2794,1,blue,N,X,A,blue,N,X
HH,4,2806,1,blue,N,X,A,blue,N,X
HH,4,2815,1,blue,N,X,A,blue,N,X
HH,4,2826,1,blue,N,X,A,blue,N,X
HH,4,3077,1,blue,N,X,A,blue,N,X
HH,4,3164,1,blue,N,X,A,blue,N,X
HH,4,3206,1,blue,N,X,A,blue,N,X
HH,4,3224,1,blue,N,X,A,blue,N,X
HH,4,3237,1,blue,N,X,A,blue,N,X
HH,4,3249,1,blue,N,X,A,blue,N,X
HH,4,3260,1,blue,N,X,A,blue,N,X
HH,4,3271,1,blue,N,X,A,blue,N,X
HH,4,3282,1,blue,N,X,A,blue,N,X
HH,4,3295,1,blue,N,X,A,blue,N,X
HH,4,3307,1,blue,N,X,A,blue,N,X
HH,4,3321,1,blue,N,X,A,blue,N,X
HH,4,3334,1,blue,N,X,A,blue,N,X
HH,4,3346,1,blue,N,X,A,blue,N,X
HH,4,3375,1,blue,N,X,A,blue,N,X
HH,4,3387,1,blue,N,X,A,blue,N,X
HH,4,3398,1,blue,N,X,A,blue,N,X
HH,4,3412,1,blue,N,X,A,blue,N,X
HH,4,3425,1,blue,N,X,A,blue,N,X
HH,4,3461,1,blue,N,X,A,blue,N,X
HH,4,3486,1,blue,N,X,A,blue,N,X
HH,4,3497,1,blue,N,X,A,blue,N,X
HH,4,3511,1,blue,N,X,A,blue,N,X
HH,4,3525,1,blue,N,X,A,blue,N,X
HH,4,3538,1,blue,N,X,A,blue,N,X
HH,4,3551,1,blue,N,X,A,blue,N,X
HH,4,3564,1,blue,N,X,A,blue,N,X
HH,4,3606,1,blue,N,X,A,blue,N,X
HH,4,3633,1,blue,N,X,A,blue,N,X
HH,4,3651,1,blue,N,X,A,blue,N,X
HH,4,3666,1,blue,N,X,A,blue,N,X
HH,4,3863,1,blue,N,X,A,blue,N,X
HH,4,3875,1,blue,N,X,A,blue,N,X
HH,4,3927,1,blue,N,X,A,blue,N,X
HH,4,3942,1,blue,N,X,A,blue,N,X
HH,4,3956,1,blue,N,X,A,blue,N,X
HH,4,4059,1,blue,N,X,A,blue,N,X
HH,4,4070,1,blue,N,X,A,blue,N,X
HH,4,4085,1,blue,N,X,A,blue,N,X
HH,4,4467,1,blue,N,X,A,blue,N,X
HH,4,4495,1,blue,N,X,A,blue,N,X
HH,4,4540,1,blue,N,X,A,blue,N,X
HH,4,4555,1,blue,N,X,A,blue,N,X
HH,4,4569,1,blue,N,X,A,blue,N,X
HH,4,4582,1,blue,N,X,A,blue,N,X
HH,4,4597,1,blue,N,X,A,blue,N,X
HH,4,4613,1,blue,N,X,A,blue,N,X
HH,4,4627,1,blue,N,X,A,blue,N,X
HH,4,4642,1,blue,N,X,A,blue,N,X
HH,4,4657,1,blue,N,X,A,blue,N,X
HH,4,4695,1,blue,N,X,A,blue,N,X
HH,4,4736,1,blue,N,X,A,blue,N,X
HH,4,4749,1,blue,N,X,A,blue,N,X
HH,4,4763,1,blue,N,X,A,blue,N,X
HH,4,4775,1,blue,N,X,A,blue,N,X
HH,4,4789,1,blue,N,X,A,blue,N,X
HH,4,4806,1,blue,N,X,A,blue,N,X
HH,4,4852,1,blue,N,X,A,blue,N,X
HH,4,4864,1,blue,N,X,A,blue,N,X
HH,4,4877,1,blue,N,X,A,blue,N,X
HH,4,4918,1,blue,N,X,A,blue,N,X
HH,4,4929,1,blue,N,X,A,blue,N,X
HH,4,4939,1,blue,N,X,A,blue,N,X
HH,4,4951,1,blue,N,X,A,blue,N,X
HH,4,4963,1,blue,N,X,A,blue,N,X
HH,4,4976,1,blue,N,X,A,blue,N,X
HH,4,5014,1,blue,N,X,A,blue,N,X
HH,4,5026,1,blue,N,X,A,blue,N,X
HH,4,5037,1,blue,N,X,A,blue,N,X
HH,4,5052,1,blue,N,X,A,blue,N,X
HH,4,5065,1,blue,N,X,A,blue,N,X
HH,4,5083,1,blue,N,X,A,blue,N,X
HH,4,5085,15,blue,N,X,H,blue,N,X
HH,4,6208,1,blue,N,X,A,blue,N,X
HH,4,6221,1,blue,N,X,A,blue,N,X
HH,4,6292,45,blue,N,X,H,blue,N,X
HH,4,6837,1,blue,N,X,A,blue,N,X
HH,4,6856,1,blue,N,X,A,blue,N,X
HH,4,6898,1,blue,N,X,A,blue,N,X
HH,4,6914,1,blue,N,X,A,blue,N,X
HH,4,7475,1,blue,N,X,A,blue,N,X
HH,4,7536,1,blue,N,X,A,blue,N,X
HH,4,7559,1,blue,N,X,A,blue,N,X
HH,4,7572,1,blue,N,X,A,blue,N,X
HH,4,7944,1,blue,N,X,A,blue,N,X
HH,4,7960,1,blue,N,X,A,blue,N,X
HH,4,7984,1,blue,N,X,A,blue,N,X
HH,4,8001,1,blue,N,X,A,blue,N,X
HH,4,8069,1,blue,N,X,A,blue,N,X
HH,4,8243,1,blue,N,X,A,blue,N,X
HH,4,8264,1,blue,N,X,A,blue,N,X
HH,4,8287,1,blue,N,X,A,blue,N,X
HH,4,8298,1,blue,N,X,A,blue,N,X
HH,4,8310,1,blue,N,X,A,blue,N,X
HH,4,8321,1,blue,N,X,A,blue,N,X
HH,4,8334,1,blue,N,X,A,blue,N,X
HH,4,8346,1,blue,N,X,A,blue,N,X
HH,4,8359,1,blue,N,X,A,blue,N,X
HH,4,8371,1,blue,N,X,A,blue,N,X
HH,4,8384,1,blue,N,X,A,blue,N,X
HH,4,8396,1,blue,N,X,A,blue,N,X
HH,4,8408,1,blue,N,X,A,blue,N,X
HH,4,8421,1,blue,N,X,A,blue,N,X
HH,4,8434,1,blue,N,X,A,blue,N,X
HH,4,8447,1,blue,N,X,A,blue,N,X
HH,4,8459,1,blue,N,X,A,blue,N,X
HH,4,8472,1,blue,N,X,A,blue,N,X
HH,4,8486,1,blue,N,X,A,blue,N,X
HH,4,8501,1,blue,N,X,A,blue,N,X
HH,4,8515,1,blue,N,X,A,blue,N,X
HH,4,8528,1,blue,N,X,A,blue,N,X
HH,4,8543,1,blue,N,X,A,blue,N,X
HH,4,8556,1,blue,N,X,A,blue,N,X
HH,4,8569,1,blue,N,X,A,blue,N,X
HH,4,8583,1,blue,N,X,A,blue,N,X
HH,4,8594,1,blue,N,X,A,blue,N,X
HH,4,8606,1,blue,N,X,A,blue,N,X
HH,4,8619,1,blue,N,X,A,blue,N,X
HH,4,8635,1,blue,N,X,A,blue,N,X
HH,4,8651,1,blue,N,X,A,blue,N,X
HH,4,8664,1,blue,N,X,A,blue,N,X
HH,4,8677,1,blue,N,X,A,blue,N,X
HH,4,8698,1,blue,N,X,A,blue,N,X
HH,4,8840,1,blue,N,X,A,blue,N,X
HH,4,9065,1,blue,N,X,A,blue,N,X
HH,4,9074,1,blue,N,X,A,blue,N,X
HH,4,9085,1,blue,N,X,A,blue,N,X
HH,4,9095,1,blue,N,X,A,blue,N,X
HH,4,9106,1,blue,N,X,A,blue,N,X
HH,4,9116,1,blue,N,X,A,blue,N,X
HH,4,9128,1,blue,N,X,A,blue,N,X
HH,4,9141,1,blue,N,X,A,blue,N,X
HH,4,9202,1,blue,N,X,A,blue,N,X
HH,4,9233,1,blue,N,X,A,blue,N,X
HH,4,9241,1,blue,N,X,A,blue,N,X
HH,4,9249,1,blue,N,X,A,blue,N,X
HH,4,9259,1,blue,N,X,A,blue,N,X
HH,4,9272,1,blue,N,X,A,blue,N,X
HH,4,9283,1,blue,N,X,A,blue,N,X
HH,4,9395,1,blue,N,X,A,blue,N,X
HH,4,9406,1,blue,N,X,A,blue,N,X
HH,4,9416,1,blue,N,X,A,blue,N,X
HH,4,9426,1,blue,N,X,A,blue,N,X
HH,4,9438,1,blue,N,X,A,blue,N,X
HH,4,9450,1,blue,N,X,A,blue,N,X
HH,4,9461,1,blue,N,X,A,blue,N,X
HH,4,9484,1,blue,N,X,A,blue,N,X
HH,4,9496,1,blue,N,X,A,blue,N,X
HH,4,9507,1,blue,N,X,A,blue,N,X
HH,4,9519,1,blue,N,X,A,blue,N,X
HH,4,9531,1,blue,N,X,A,blue,N,X
HH,4,9542,1,blue,N,X,A,blue,N,X
HH,4,9553,1,blue,N,X,A,blue,N,X
HH,4,9565,1,blue,N,X,A,blue,N,X
HH,4,9578,1,blue,N,X,A,blue,N,X
HH,4,9590,1,blue,N,X,A,blue,N,X
HH,4,9602,1,blue,N,X,A,blue,N,X
HH,4,9621,1,blue,N,X,H,blue,N,X
HH,4,9622,1,blue,N,X,A,blue,N,X
HH,4,9639,1,blue,N,X,A,blue,N,X
HH,4,9648,1,blue,N,X,A,blue,N,X
HH,4,9658,1,blue,N,X,A,blue,N,X
HH,4,9670,1,blue,N,X,A,blue,N,X
HH,4,9681,1,blue,N,X,A,blue,N,X
HH,4,9691,1,blue,N,X,A,blue,N,X
HH,4,9703,1,blue,N,X,A,blue,N,X
HH,4,9716,1,blue,N,X,A,blue,N,X
HH,4,9729,1,blue,N,X,A,blue,N,X
HH,4,9846,1,blue,N,X,A,blue,N,X
HH,4,9857,1,blue,N,X,A,blue,N,X
HH,4,9868,1,blue,N,X,A,blue,N,X
HH,4,9880,1,blue,N,X,A,blue,N,X
HH,4,9891,1,blue,N,X,A,blue,N,X
HH,4,9903,1,blue,N,X,A,blue,N,X
HH,4,9947,1,blue,N,X,A,blue,N,X
HH,4,9959,1,blue,N,X,A,blue,N,X
HH,4,9971,1,blue,N,X,A,blue,N,X
HH,4,9983,1,blue,N,X,A,blue,N,X
HH,4,9995,1,blue,N,X,A,blue,N,X
HH,4,10006,1,blue,N,X,A,blue,N,X
HH,4,10019,1,blue,N,X,A,blue,N,X
HH,4,10031,1,blue,N,X,A,blue,N,X
HH,4,10043,1,blue,N,X,A,blue,N,X
HH,4,10055,1,blue,N,X,A,blue,N,X
HH,4,10067,1,blue,N,X,A,blue,N,X
HH,4,10089,1,blue,N,X,A,blue,N,X
HH,4,10114,1,blue,N,X,A,blue,N,X
HH,4,10140,1,blue,N,X,A,blue,N,X
HH,4,10152,1,blue,N,X,A,blue,N,X
HH,4,10165,1,blue,N,X,A,blue,N,X
HH,4,10187,39,blue,N,X,H,blue,N,X
HH,4,10226,1,blue,N,X,A,blue,N,X
HH,4,10919,1,blue,N,X,A,blue,N,X
HH,4,10930,1,blue,N,X,A,blue,N,X
HH,4,10941,1,blue,N,X,A,blue,N,X
HH,4,10954,1,blue,N,X,A,blue,N,X
HH,4,10973,1,blue,N,X,A,blue,N,X
HH,4,10989,1,blue,N,X,A,blue,N,X
HH,4,11098,1,blue,N,X,A,blue,N,X
HH,4,11111,1,blue,N,X,A,blue,N,X
HH,4,11124,1,blue,N,X,A,blue,N,X
HH,4,11164,1,blue,N,X,A,blue,N,X
HH,4,11238,1,blue,N,X,A,blue,N,X
HH,4,11251,1,blue,N,X,A,blue,N,X
HH,4,11277,1,blue,N,X,A,blue,N,X
HH,4,11317,1,blue,N,X,A,blue,N,X
HH,4,11330,1,blue,N,X,A,blue,N,X
HH,4,11342,1,blue,N,X,A,blue,N,X
HH,4,11353,1,blue,N,X,A,blue,N,X
HH,4,11365,1,blue,N,X,A,blue,N,X
HH,4,11377,1,blue,N,X,A,blue,N,X
HH,4,11389,1,blue,N,X,A,blue,N,X
HH,4,11495,1,blue,N,X,A,blue,N,X
HH,4,11514,1,blue,N,X,A,blue,N,X
HH,4,11526,1,blue,N,X,A,blue,N,X
HH,4,11541,1,blue,N,X,A,blue,N,X
HH,4,11553,1,blue,N,X,A,blue,N,X
HH,4,11567,1,blue,N,X,A,blue,N,X
HH,4,11630,1,blue,N,X,A,blue,N,X
HH,4,11642,1,blue,N,X,A,blue,N,X
HH,4,11654,1,blue,N,X,A,blue,N,X
HH,4,11668,1,blue,N,X,A,blue,N,X
HH,4,11684,1,blue,N,X,A,blue,N,X
HH,4,11708,1,blue,N,X,A,blue,N,X
HH,4,11720,1,blue,N,X,A,blue,N,X
HH,4,11749,1,blue,N,X,A,blue,N,X
HH,4,11760,1,blue,N,X,A,blue,N,X
HH,4,11785,1,blue,N,X,A,blue,N,X
HH,4,11798,1,blue,N,X,A,blue,N,X
HH,4,11813,1,blue,N,X,A,blue,N,X
HH,4,11826,1,blue,N,X,A,blue,N,X
HH,4,11971,1,blue,N,X,A,blue,N,X
HH,4,12003,1,blue,N,X,A,blue,N,X
HH,4,12032,1,blue,N,X,A,blue,N,X
HH,4,12118,1,blue,N,X,A,blue,N,X
HH,4,12129,1,blue,N,X,A,blue,N,X
HH,4,12141,1,blue,N,X,A,blue,N,X
HH,4,12158,1,blue,N,X,A,blue,N,X
HH,4,12172,1,blue,N,X,A,blue,N,X
HH,4,12185,1,blue,N,X,A,blue,N,X
HH,4,12200,1,blue,N,X,A,blue,N,X
HH,4,12214,1,blue,N,X,A,blue,N,X
HH,4,12229,1,blue,N,X,A,blue,N,X
HH,4,12243,1,blue,N,X,A,blue,N,X
HH,4,12257,1,blue,N,X,A,blue,N,X
HH,4,12273,1,blue,N,X,A,blue,N,X
HH,4,12291,1,blue,N,X,A,blue,N,X
HH,4,12313,1,blue,N,X,A,blue,N,X
HH,4,12328,1,blue,N,X,A,blue,N,X
HH,4,12342,1,blue,N,X,A,blue,N,X
HH,4,12358,1,blue,N,X,A,blue,N,X
HH,4,12373,1,blue,N,X,A,blue,N,X
HH,4,12390,1,blue,N,X,A,blue,N,X
HH,4,12638,1,blue,N,X,A,blue,N,X
HH,4,12706,1,blue,N,X,A,blue,N,X
HH,4,12718,1,blue,N,X,A,blue,N,X
HH,4,12731,1,blue,N,X,A,blue,N,X
HH,4,12743,1,blue,N,X,A,blue,N,X
HH,4,12790,1,blue,N,X,A,blue,N,X
HH,4,12912,1,blue,N,X,A,blue,N,X
HH,4,12925,1,blue,N,X,A,blue,N,X
HH,4,12937,1,blue,N,X,A,blue,N,X
HH,4,12949,1,blue,N,X,A,blue,N,X
HH,4,12964,1,blue,N,X,A,blue,N,X
HH,4,12977,1,blue,N,X,A,blue,N,X
HH,4,13009,1,blue,N,X,A,blue,N,X
HH,4,13021,1,blue,N,X,A,blue,N,X
HH,4,13034,1,blue,N,X,A,blue,N,X
HH,4,13048,1,blue,N,X,A,blue,N,X
HH,4,13061,1,blue,N,X,A,blue,N,X
HH,4,13078,1,blue,N,X,A,blue,N,X
HH,4,13105,1,blue,N,X,A,blue,N,X
HH,4,13117,1,blue,N,X,A,blue,N,X
HH,4,13131,1,blue,N,X,A,blue,N,X
HH,4,13144,1,blue,N,X,A,blue,N,X
HH,4,13159,1,blue,N,X,A,blue,N,X
HH,4,13173,1,blue,N,X,A,blue,N,X
HH,4,13187,1,blue,N,X,A,blue,N,X
HH,4,13204,1,blue,N,X,A,blue,N,X
HH,4,13217,1,blue,N,X,A,blue,N,X
HH,4,13231,1,blue,N,X,A,blue,N,X
HH,4,13253,1,blue,N,X,A,blue,N,X
HH,4,13266,1,blue,N,X,A,blue,N,X
HH,4,13278,1,blue,N,X,A,blue,N,X
HH,4,13390,1,blue,N,X,A,blue,N,X
HH,4,13416,1,blue,N,X,A,blue,N,X
HH,4,13445,1,blue,N,X,A,blue,N,X
HH,4,13553,1,blue,N,X,A,blue,N,X
HH,4,13563,1,blue,N,X,A,blue,N,X
HH,4,13576,1,blue,N,X,A,blue,N,X
HH,4,13735,1,blue,N,X,A,blue,N,X
HH,4,14088,1,blue,N,X,A,blue,N,X
HH,4,14098,1,blue,N,X,A,blue,N,X
HH,4,14111,1,blue,N,X,A,blue,N,X
HH,4,14124,1,blue,N,X,A,blue,N,X
HH,4,14137,1,blue,N,X,A,blue,N,X
HH,4,14150,1,blue,N,X,A,blue,N,X
HH,4,14164,1,blue,N,X,A,blue,N,X
HH,4,14179,1,blue,N,X,A,blue,N,X
HH,4,14193,1,blue,N,X,A,blue,N,X
HH,4,14207,1,blue,N,X,A,blue,N,X
HH,4,14220,1,blue,N,X,A,blue,N,X
HH,4,14234,1,blue,N,X,A,blue,N,X
HH,4,14277,1,blue,N,X,A,blue,N,X
HH,4,14329,1,blue,N,X,A,blue,N,X
HH,4,14340,1,blue,N,X,A,blue,N,X
HH,4,14356,1,blue,N,X,A,blue,N,X
HH,4,14370,1,blue,N,X,A,blue,N,X
HH,4,14384,1,blue,N,X,A,blue,N,X
HH,4,14400,1,blue,N,X,A,blue,N,X
HH,4,14415,1,blue,N,X,A,blue,N,X
HH,4,14431,1,blue,N,X,A,blue,N,X
HH,4,14452,1,blue,N,X,A,blue,N,X
HH,4,14518,1,blue,N,X,A,blue,N,X
HH,4,14532,1,blue,N,X,A,blue,N,X
HH,4,14551,1,blue,N,X,A,blue,N,X
HH,4,14566,1,blue,N,X,A,blue,N,X
HH,4,14582,1,blue,N,X,A,blue,N,X
HH,4,14602,1,blue,N,X,A,blue,N,X
HH,4,14618,1,blue,N,X,A,blue,N,X
HH,4,14633,1,blue,N,X,A,blue,N,X
HH,4,14651,1,blue,N,X,A,blue,N,X
HH,4,14671,1,blue,N,X,A,blue,N,X
HH,4,14686,1,blue,N,X,A,blue,N,X
HH,4,14702,1,blue,N,X,A,blue,N,X
HH,4,14720,1,blue,N,X,A,blue,N,X
HH,4,14737,1,blue,N,X,A,blue,N,X
HH,4,14752,1,blue,N,X,A,blue,N,X
HH,4,14768,1,blue,N,X,A,blue,N,X
HH,4,14784,1,blue,N,X,A,blue,N,X
HH,4,14821,193,blue,N,X,H,blue,N,X
HH,4,15014,1,blue,N,X,A,blue,N,X
HH,4,15094,1,blue,N,X,A,blue,N,X
HH,4,15107,1,blue,N,X,A,blue,N,X
HH,4,15673,1,blue,N,X,A,blue,N,X
HH,4,15688,1,blue,N,X,A,blue,N,X
HH,4,15698,1,blue,N,X,A,blue,N,X
HH,4,15711,1,blue,N,X,A,blue,N,X
HH,4,15754,1,blue,N,X,A,blue,N,X
HH,4,15765,1,blue,N,X,A,blue,N,X
HH,4,15776,1,blue,N,X,A,blue,N,X
HH,4,15787,1,blue,N,X,A,blue,N,X
HH,4,15806,1,blue,N,X,A,blue,N,X
HH,4,15818,1,blue,N,X,A,blue,N,X
HH,4,15832,1,blue,N,X,A,blue,N,X
HH,4,15844,1,blue,N,X,A,blue,N,X
HH,4,15856,1,blue,N,X,A,blue,N,X
HH,4,15874,1,blue,N,X,A,blue,N,X
HH,4,15939,1,blue,N,X,A,blue,N,X
HH,4,15951,1,blue,N,X,A,blue,N,X
HH,4,16105,1,blue,N,X,A,blue,N,X
HH,4,16203,1,blue,N,X,A,blue,N,X
HH,4,16215,1,blue,N,X,A,blue,N,X
HH,4,16226,1,blue,N,X,A,blue,N,X
HH,4,16237,1,blue,N,X,A,blue,N,X
HH,4,16249,1,blue,N,X,A,blue,N,X
HH,4,16260,1,blue,N,X,A,blue,N,X
HH,4,16271,1,blue,N,X,A,blue,N,X
HH,4,16283,1,blue,N,X,A,blue,N,X
HH,4,16295,1,blue,N,X,A,blue,N,X
HH,4,16306,1,blue,N,X,A,blue,N,X
HH,4,16318,13,blue,N,X,H,blue,N,X
HH,4,16331,1,blue,N,X,A,blue,N,X
HH,4,16357,1,blue,N,X,A,blue,N,X
HH,4,16378,1,blue,N,X,A,blue,N,X
HH,4,16399,1,blue,N,X,A,blue,N,X
HH,4,16417,1,blue,N,X,A,blue,N,X
HH,4,16428,1,blue,N,X,A,blue,N,X
HH,4,16442,1,blue,N,X,A,blue,N,X
HH,4,16472,1,blue,N,X,A,blue,N,X
HH,4,16498,1,blue,N,X,A,blue,N,X
HH,4,16520,1,blue,N,X,A,blue,N,X
HH,4,16533,1,blue,N,X,A,blue,N,X
HH,4,16546,1,blue,N,X,A,blue,N,X
HH,4,16559,1,blue,N,X,A,blue,N,X
HH,4,16572,1,blue,N,X,A,blue,N,X
HH,4,16584,1,blue,N,X,A,blue,N,X
HH,4,16598,1,blue,N,X,A,blue,N,X
HH,4,16612,1,blue,N,X,A,blue,N,X
HH,4,16625,1,blue,N,X,A,blue,N,X
HH,4,16639,1,blue,N,X,A,blue,N,X
HH,4,16673,1,blue,N,X,A,blue,N,X
HH,4,16693,1,blue,N,X,A,blue,N,X
HH,4,16704,1,blue,N,X,A,blue,N,X
HH,4,16717,1,blue,N,X,A,blue,N,X
HH,4,16731,1,blue,N,X,A,blue,N,X
HH,4,16745,1,blue,N,X,A,blue,N,X
HH,4,16760,1,blue,N,X,A,blue,N,X
HH,4,16774,1,blue,N,X,A,blue,N,X
HH,4,16803,1,blue,N,X,A,blue,N,X
HH,4,16816,1,blue,N,X,A,blue,N,X
HH,4,16998,1,blue,N,X,A,blue,N,X
HH,4,17124,1,blue,N,X,A,blue,N,X
HH,4,17381,1,blue,N,X,A,blue,N,X
HH,4,17392,1,blue,N,X,A,blue,N,X
HH,4,17405,1,blue,N,X,A,blue,N,X
HH,4,17467,1,blue,N,X,A,blue,N,X
HH,4,17635,1,blue,N,X,A,blue,N,X
HH,4,17647,1,blue,N,X,A,blue,N,X
HH,4,17659,1,blue,N,X,A,blue,N,X
HH,4,17671,1,blue,N,X,A,blue,N,X
HH,4,17683,1,blue,N,X,A,blue,N,X
HH,4,17695,1,blue,N,X,A,blue,N,X
HH,4,17709,1,blue,N,X,A,blue,N,X
HH,4,17728,1,blue,N,X,H,blue,N,X
HH,4,17729,1,blue,N,X,A,blue,N,X
HH,4,18003,1,blue,N,X,A,blue,N,X
HH,4,18015,1,blue,N,X,A,blue,N,X
HH,4,18027,1,blue,N,X,A,blue,N,X
HH,4,18085,1,blue,N,X,A,blue,N,X
HH,4,18099,1,blue,N,X,A,blue,N,X
HH,4,18112,1,blue,N,X,A,blue,N,X
HH,4,18127,1,blue,N,X,A,blue,N,X
HH,4,18140,1,blue,N,X,A,blue,N,X
HH,4,18162,1,blue,N,X,A,blue,N,X
HH,4,18174,1,blue,N,X,A,blue,N,X
HH,4,18189,1,blue,N,X,A,blue,N,X
HH,4,18210,1,blue,N,X,A,blue,N,X
HH,4,18220,4,blue,N,X,H,blue,N,X
HH,4,18490,1,blue,N,X,A,blue,N,X
HH,4,18504,1,blue,N,X,A,blue,N,X
HH,4,18524,1,blue,N,X,A,blue,N,X
HH,4,18539,1,blue,N,X,A,blue,N,X
HH,4,18556,1,blue,N,X,A,blue,N,X
HH,4,18572,1,blue,N,X,A,blue,N,X
HH,4,18589,1,blue,N,X,A,blue,N,X
HH,4,18606,1,blue,N,X,A,blue,N,X
HH,4,18620,1,blue,N,X,A,blue,N,X
HH,4,18636,1,blue,N,X,A,blue,N,X
HH,4,18659,1,blue,N,X,A,blue,N,X
HH,4,18673,1,blue,N,X,A,blue,N,X
HH,4,19087,1,blue,N,X,A,blue,N,X
HH,4,19099,1,blue,N,X,A,blue,N,X
HH,4,19112,1,blue,N,X,A,blue,N,X
HH,4,19124,1,blue,N,X,A,blue,N,X
HH,4,19157,1,blue,N,X,A,blue,N,X
HH,4,19170,1,blue,N,X,A,blue,N,X
HH,4,19187,1,blue,N,X,A,blue,N,X
HH,4,19201,1,blue,N,X,A,blue,N,X
HH,4,19214,1,blue,N,X,A,blue,N,X
HH,4,19239,1,blue,N,X,A,blue,N,X
HH,4,19254,1,blue,N,X,A,blue,N,X
HH,4,19271,1,blue,N,X,A,blue,N,X
HH,4,19328,1,blue,N,X,A,blue,N,X
HH,4,19342,1,blue,N,X,A,blue,N,X
HH,4,19405,1,blue,N,X,A,blue,N,X
HH,4,19418,1,blue,N,X,A,blue,N,X
HH,4,19434,1,blue,N,X,A,blue,N,X
HH,4,19728,1,blue,N,X,A,blue,N,X
HH,4,19741,1,blue,N,X,A,blue,N,X
HH,4,19753,1,blue,N,X,A,blue,N,X
HH,4,19763,1,blue,N,X,A,blue,N,X
HH,4,19775,1,blue,N,X,A,blue,N,X
HH,4,19788,1,blue,N,X,A,blue,N,X
HH,4,19800,1,blue,N,X,A,blue,N,X
HH,4,19814,1,blue,N,X,A,blue,N,X
HH,4,19826,1,blue,N,X,A,blue,N,X
HH,4,19839,1,blue,N,X,A,blue,N,X
HH,4,19852,1,blue,N,X,A,blue,N,X
HH,4,19866,1,blue,N,X,A,blue,N,X
HH,4,19880,1,blue,N,X,A,blue,N,X
HH,4,19893,1,blue,N,X,A,blue,N,X
HH,4,19906,1,blue,N,X,A,blue,N,X
HH,4,19920,1,blue,N,X,A,blue,N,X
HH,4,19933,1,blue,N,X,A,blue,N,X
HH,4,19946,1,blue,N,X,A,blue,N,X
HH,4,19961,1,blue,N,X,A,blue,N,X
HH,4,19975,1,blue,N,X,A,blue,N,X
HH,4,19986,1,blue,N,X,A,blue,N,X
HH,4,20000,1,blue,N,X,A,blue,N,X
HH,4,20013,1,blue,N,X,A,blue,N,X
HH,4,20026,1,blue,N,X,A,blue,N,X
HH,4,20039,1,blue,N,X,A,blue,N,X
HH,4,20053,1,blue,N,X,A,blue,N,X
HH,4,20067,1,blue,N,X,A,blue,N,X
HH,4,20080,1,blue,N,X,A,blue,N,X
HH,4,20094,1,blue,N,X,A,blue,N,X
HH,4,20118,1,blue,N,X,A,blue,N,X
HH,4,20132,1,blue,N,X,A,blue,N,X
HH,4,20148,1,blue,N,X,A,blue,N,X
HH,4,20162,1,blue,N,X,A,blue,N,X
HH,4,20177,1,blue,N,X,A,blue,N,X
HH,4,20189,1,blue,N,X,A,blue,N,X
HH,4,20207,1,blue,N,X,A,blue,N,X
HH,4,20222,1,blue,N,X,A,blue,N,X
HH,4,20237,1,blue,N,X,A,blue,N,X
HH,4,20249,1,blue,N,X,A,blue,N,X
HH,4,20257,14,blue,N,X,H,blue,N,X
HH,4,20312,1,blue,N,X,A,blue,N,X
HH,4,20326,1,blue,N,X,A,blue,N,X
HH,4,20379,1,blue,N,X,A,blue,N,X
HH,4,20391,1,blue,N,X,A,blue,N,X
HH,4,20403,1,blue,N,X,A,blue,N,X
HH,4,20418,122,blue,N,X,H,blue,N,X
HH,4,20540,1,blue,N,X,A,blue,N,X
HH,4,21047,1,blue,N,X,A,blue,N,X
HH,4,21059,1,blue,N,X,A,blue,N,X
HH,4,21072,1,blue,N,X,A,blue,N,X
HH,4,21103,1,blue,N,X,A,blue,N,X
HH,4,21115,1,blue,N,X,A,blue,N,X
HH,4,21128,1,blue,N,X,A,blue,N,X
HH,4,21142,1,blue,N,X,A,blue,N,X
HH,4,21156,1,blue,N,X,A,blue,N,X
HH,4,21183,1,blue,N,X,A,blue,N,X
HH,4,21195,1,blue,N,X,A,blue,N,X
HH,4,21209,1,blue,N,X,A,blue,N,X
HH,4,21222,1,blue,N,X,A,blue,N,X
HH,4,21235,1,blue,N,X,A,blue,N,X
HH,4,21249,1,blue,N,X,A,blue,N,X
HH,4,21262,1,blue,N,X,A,blue,N,X
HH,4,21275,1,blue,N,X,A,blue,N,X
HH,4,21293,1,blue,N,X,A,blue,N,X
HH,4,21308,1,blue,N,X,A,blue,N,X
HH,4,21321,1,blue,N,X,A,blue,N,X
HH,4,21334,1,blue,N,X,A,blue,N,X
HH,4,21348,1,blue,N,X,A,blue,N,X
HH,4,21361,1,blue,N,X,A,blue,N,X
HH,4,21374,1,blue,N,X,A,blue,N,X
HH,4,21388,1,blue,N,X,A,blue,N,X
HH,4,21495,1,blue,N,X,A,blue,N,X
HH,4,21541,1,blue,N,X,A,blue,N,X
HH,4,21557,1,blue,N,X,A,blue,N,X
HH,4,21685,1,blue,N,X,A,blue,N,X
HH,4,21695,1,blue,N,X,A,blue,N,X
HH,4,21706,1,blue,N,X,A,blue,N,X
HH,4,21719,1,blue,N,X,A,blue,N,X
HH,4,21732,1,blue,N,X,A,blue,N,X
HH,4,21748,1,blue,N,X,A,blue,N,X
HH,4,21763,1,blue,N,X,A,blue,N,X
HH,4,21777,1,blue,N,X,A,blue,N,X
HH,4,21788,1,blue,N,X,A,blue,N,X
HH,4,21801,1,blue,N,X,A,blue,N,X
HH,4,21814,1,blue,N,X,A,blue,N,X
HH,4,21826,1,blue,N,X,A,blue,N,X
HH,4,21839,1,blue,N,X,A,blue,N,X
HH,4,21853,1,blue,N,X,A,blue,N,X
HH,4,21866,1,blue,N,X,A,blue,N,X
HH,4,21877,1,blue,N,X,A,blue,N,X
HH,4,21907,1,blue,N,X,A,blue,N,X
HH,4,21922,1,blue,N,X,A,blue,N,X
HH,4,21935,1,blue,N,X,A,blue,N,X
HH,4,21948,1,blue,N,X,A,blue,N,X
HH,4,22013,1,blue,N,X,A,blue,N,X
HH,4,22025,1,blue,N,X,A,blue,N,X
HH,4,22037,1,blue,N,X,A,blue,N,X
HH,4,22053,1,blue,N,X,A,blue,N,X
HH,4,22130,1,blue,N,X,A,blue,N,X
HH,4,22141,1,blue,N,X,A,blue,N,X
HH,4,22156,1,blue,N,X,A,blue,N,X
HH,4,22170,1,blue,N,X,A,blue,N,X
HH,4,22183,1,blue,N,X,A,blue,N,X
HH,4,22259,1,blue,N,X,A,blue,N,X
HH,4,22269,1,blue,N,X,A,blue,N,X
HH,4,22279,1,blue,N,X,A,blue,N,X
HH,4,22291,1,blue,N,X,A,blue,N,X
HH,4,22304,1,blue,N,X,A,blue,N,X
HH,4,22340,1,blue,N,X,A,blue,N,X
HH,4,22352,1,blue,N,X,A,blue,N,X
HH,4,22368,1,blue,N,X,A,blue,N,X
HH,4,22544,1,blue,N,X,A,blue,N,X
HH,4,22555,1,blue,N,X,A,blue,N,X
HH,4,22567,1,blue,N,X,A,blue,N,X
HH,4,22578,1,blue,N,X,A,blue,N,X
HH,4,22590,1,blue,N,X,A,blue,N,X
HH,4,22604,1,blue,N,X,A,blue,N,X
HH,4,22617,1,blue,N,X,A,blue,N,X
HH,4,22630,1,blue,N,X,A,blue,N,X
HH,4,22643,1,blue,N,X,A,blue,N,X
HH,4,22656,1,blue,N,X,A,blue,N,X
HH,4,22671,1,blue,N,X,A,blue,N,X
HH,4,22684,1,blue,N,X,A,blue,N,X
HH,4,22698,1,blue,N,X,A,blue,N,X
HH,4,22726,1,blue,N,X,A,blue,N,X
HH,4,22738,79,blue,N,X,H,blue,N,X
HH,4,22974,63,blue,N,X,H,blue,N,X
HH,4,23037,108,blue,N,X,R,blue,N,X
HH,4,23304,1,blue,N,X,A,blue,N,X
HH,4,23318,1,blue,N,X,A,blue,N,X
HH,4,23362,1,blue,N,X,A,blue,N,X
HH,4,23374,1,blue,N,X,A,blue,N,X
HH,4,23390,1,blue,N,X,A,blue,N,X
HH,4,23403,1,blue,N,X,A,blue,N,X
HH,4,23435,1,blue,N,X,A,blue,N,X
HH,4,23468,1,blue,N,X,A,blue,N,X
HH,4,23482,1,blue,N,X,A,blue,N,X
HH,4,23514,1,blue,N,X,A,blue,N,X
HH,4,23552,1,blue,N,X,A,blue,N,X
HH,4,23605,1,blue,N,X,A,blue,N,X
HH,4,23617,1,blue,N,X,A,blue,N,X
HH,4,23631,1,blue,N,X,A,blue,N,X
HH,4,23642,1,blue,N,X,A,blue,N,X
HH,4,23656,1,blue,N,X,A,blue,N,X
HH,4,23669,1,blue,N,X,A,blue,N,X
HH,4,23682,1,blue,N,X,A,blue,N,X
HH,4,23695,1,blue,N,X,A,blue,N,X
HH,4,23709,1,blue,N,X,A,blue,N,X
HH,4,23722,1,blue,N,X,A,blue,N,X
HH,4,23735,1,blue,N,X,A,blue,N,X
HH,4,23749,1,blue,N,X,A,blue,N,X
HH,4,23763,61,blue,N,X,H,blue,N,X
HH,4,23824,1,blue,N,X,A,blue,N,X
HH,4,24020,1,blue,N,X,A,blue,N,X
HH,4,24046,1,blue,N,X,A,blue,N,X
HH,4,24059,1,blue,N,X,A,blue,N,X
HH,4,24072,1,blue,N,X,A,blue,N,X
HH,4,24084,1,blue,N,X,A,blue,N,X
HH,4,24102,87,blue,N,X,H,blue,N,X
HH,4,24189,1,blue,N,X,A,blue,N,X
HH,4,24318,1,blue,N,X,A,blue,N,X
HH,4,24397,1,blue,N,X,A,blue,N,X
HH,4,24410,1,blue,N,X,A,blue,N,X
HH,4,24421,1,blue,N,X,A,blue,N,X
HH,4,24434,1,blue,N,X,A,blue,N,X
HH,4,24446,1,blue,N,X,A,blue,N,X
HH,4,24459,1,blue,N,X,A,blue,N,X
HH,4,24475,1,blue,N,X,A,blue,N,X
HH,4,24487,1,blue,N,X,A,blue,N,X
HH,4,24509,1,blue,N,X,A,blue,N,X
HH,4,24521,1,blue,N,X,A,blue,N,X
HH,4,24535,92,blue,N,X,H,blue,N,X
HH,4,24627,1,blue,N,X,A,blue,N,X
HH,4,24714,1,blue,N,X,A,blue,N,X
HH,4,24724,1,blue,N,X,A,blue,N,X
HH,4,24737,1,blue,N,X,A,blue,N,X
HH,4,24760,1,blue,N,X,A,blue,N,X
HH,4,24774,1,blue,N,X,A,blue,N,X
HH,4,24788,1,blue,N,X,A,blue,N,X
HH,4,24802,1,blue,N,X,A,blue,N,X
HH,4,24816,1,blue,N,X,A,blue,N,X
HH,4,24864,1,blue,N,X,A,blue,N,X
HH,4,24877,1,blue,N,X,A,blue,N,X
HH,4,24892,1,blue,N,X,A,blue,N,X
HH,4,24906,82,blue,N,X,H,blue,N,X
HH,4,25063,1,blue,N,X,A,blue,N,X
HH,4,25093,1,blue,N,X,A,blue,N,X
HH,4,25107,1,blue,N,X,A,blue,N,X
HH,4,25121,1,blue,N,X,A,blue,N,X
HH,4,25178,1,blue,N,X,A,blue,N,X
HH,4,25198,1,blue,N,X,A,blue,N,X
HH,4,25934,1,blue,N,X,A,blue,N,X
HH,4,26075,1,blue,N,X,A,blue,N,X
HH,4,26092,1,blue,N,X,A,blue,N,X
HH,4,26428,1,blue,N,X,A,blue,N,X
HH,4,26439,1,blue,N,X,A,blue,N,X
HH,4,26484,1,blue,N,X,A,blue,N,X
HH,4,26494,1,blue,N,X,A,blue,N,X
HH,4,26505,1,blue,N,X,A,blue,N,X
HH,4,26515,1,blue,N,X,A,blue,N,X
HH,4,26526,1,blue,N,X,A,blue,N,X
HH,4,26581,1,blue,N,X,A,blue,N,X
HH,4,26631,1,blue,N,X,A,blue,N,X
HH,4,26640,1,blue,N,X,A,blue,N,X
HH,4,26651,1,blue,N,X,A,blue,N,X
HH,4,26664,1,blue,N,X,A,blue,N,X
HH,4,26709,1,blue,N,X,A,blue,N,X
HH,4,26814,1,blue,N,X,A,blue,N,X
HH,4,26889,1,blue,N,X,A,blue,N,X
HH,4,26899,1,blue,N,X,A,blue,N,X
HH,4,26977,1,blue,N,X,A,blue,N,X
HH,4,27010,1,blue,N,X,A,blue,N,X
HH,4,27023,1,blue,N,X,A,blue,N,X
HH,4,27034,1,blue,N,X,A,blue,N,X
HH,4,27046,1,blue,N,X,A,blue,N,X
HH,4,27059,1,blue,N,X,A,blue,N,X
HH,4,27089,1,blue,N,X,A,blue,N,X
HH,4,27100,1,blue,N,X,A,blue,N,X
HH,4,27113,1,blue,N,X,A,blue,N,X
HH,4,27418,1,blue,N,X,A,blue,N,X
HH,4,27428,1,blue,N,X,A,blue,N,X
HH,4,27441,1,blue,N,X,A,blue,N,X
HH,4,27460,135,blue,N,X,H,blue,N,X
HH,4,27595,1,blue,N,X,A,blue,N,X
HH,4,27717,1,blue,N,X,A,blue,N,X
HH,4,27728,1,blue,N,X,A,blue,N,X
HH,4,27742,1,blue,N,X,A,blue,N,X
HH,4,27754,1,blue,N,X,A,blue,N,X
HH,4,27768,1,blue,N,X,A,blue,N,X
HH,4,27782,1,blue,N,X,A,blue,N,X
HH,4,27796,1,blue,N,X,A,blue,N,X
HH,4,27810,1,blue,N,X,A,blue,N,X
HH,4,27824,1,blue,N,X,A,blue,N,X
HH,4,27839,1,blue,N,X,A,blue,N,X
HH,4,27854,1,blue,N,X,A,blue,N,X
HH,4,27867,1,blue,N,X,A,blue,N,X
HH,4,27882,1,blue,N,X,A,blue,N,X
HH,4,27896,1,blue,N,X,A,blue,N,X
HH,4,27910,1,blue,N,X,A,blue,N,X
HH,4,27926,1,blue,N,X,A,blue,N,X
HH,4,27939,1,blue,N,X,A,blue,N,X
HH,4,27954,1,blue,N,X,A,blue,N,X
HH,4,27971,1,blue,N,X,A,blue,N,X
HH,4,27991,107,blue,N,X,H,blue,N,X
HH,4,28098,1,blue,N,X,A,blue,N,X
HH,4,28174,1,blue,N,X,A,blue,N,X
HH,4,28187,1,blue,N,X,A,blue,N,X
HH,4,28201,1,blue,N,X,A,blue,N,X
HH,4,28218,1,blue,N,X,A,blue,N,X
HH,4,28242,1,blue,N,X,A,blue,N,X
HH,4,28300,1,blue,N,X,A,blue,N,X
HH,4,28313,1,blue,N,X,A,blue,N,X
HH,4,28325,1,blue,N,X,A,blue,N,X
HH,4,28338,1,blue,N,X,A,blue,N,X
HH,4,28352,1,blue,N,X,A,blue,N,X
HH,4,28366,1,blue,N,X,A,blue,N,X
HH,4,28375,20,blue,N,X,H,blue,N,X
HH,4,28395,1,blue,N,X,A,blue,N,X
HH,4,28512,1,blue,N,X,A,blue,N,X
HH,4,28521,1,blue,N,X,A,blue,N,X
HH,4,28531,1,blue,N,X,A,blue,N,X
HH,4,28542,1,blue,N,X,A,blue,N,X
HH,4,28553,1,blue,N,X,A,blue,N,X
HH,4,28566,1,blue,N,X,A,blue,N,X
HH,4,28577,1,blue,N,X,A,blue,N,X
HH,4,28589,1,blue,N,X,A,blue,N,X
HH,4,28602,1,blue,N,X,A,blue,N,X
HH,4,28618,1,blue,N,X,A,blue,N,X
HH,4,28639,1,blue,N,X,A,blue,N,X
HH,4,13027,1,green,N,X,A,green,N,X
HH,4,13044,1,green,N,X,A,green,N,X
HH,4,13121,1,green,N,X,A,green,N,X
HH,4,13922,1,green,N,X,A,green,N,X
HH,4,14333,1,green,N,X,A,green,N,X
HH,4,14347,1,green,N,X,A,green,N,X
HH,4,14362,1,green,N,X,A,green,N,X
HH,4,14379,60,green,N,X,H,green,N,X
HH,4,14439,1,green,N,X,A,green,N,X
HH,4,17842,1,green,N,X,A,green,N,X
HH,4,17858,1,green,N,X,A,green,N,X
HH,4,17874,1,green,N,X,A,green,N,X
HH,4,17875,32,green,N,X,H,green,N,X
HH,4,18122,1,green,N,X,A,green,N,X
HH,4,18205,1,green,N,X,A,green,N,X
HH,4,18218,1,green,N,X,A,green,N,X
HH,4,18244,1,green,N,X,A,green,N,X
HH,4,18294,7,green,N,X,H,green,N,X
HH,4,18301,103,green,N,X,R,green,N,X
HH,4,18606,1,green,N,X,A,green,N,X
HH,4,19527,1,green,N,X,A,green,N,X
HH,4,19544,1,green,N,X,A,green,N,X
HH,4,19604,1,green,N,X,A,green,N,X
HH,4,19616,1,green,N,X,H,green,N,X
HH,4,19617,1,green,N,X,A,green,N,X
