HTx,8,2176,10,yellow,N,X,S,yellow,N,X
HTx,8,2440,36,yellow,N,X,S,yellow,N,X
HTx,8,2646,16,yellow,N,X,S,yellow,N,X
HTx,8,2784,134,yellow,N,X,S,yellow,N,X
HTx,8,3954,13,yellow,N,X,S,yellow,N,X
HTx,8,4341,46,yellow,N,X,S,yellow,N,X
HTx,8,4496,17,yellow,N,X,S,yellow,N,X
HTx,8,4575,6,yellow,N,X,S,yellow,N,X
HTx,8,4655,30,yellow,N,X,S,yellow,N,X
HTx,8,4709,7,yellow,N,X,S,yellow,N,X
HTx,8,4789,32,yellow,N,X,S,yellow,N,X
HTx,8,4850,71,yellow,N,X,S,yellow,N,X
HTx,8,4962,58,yellow,N,X,S,yellow,N,X
HTx,8,5267,48,yellow,N,X,S,yellow,N,X
HTx,8,6230,10,yellow,N,X,S,yellow,N,X
HTx,8,6520,15,yellow,N,X,S,yellow,N,X
HTx,8,7002,7,yellow,N,X,S,yellow,N,X
HTx,8,7152,44,yellow,N,X,S,yellow,N,X
HTx,8,8639,135,yellow,N,X,S,yellow,N,X
HTx,8,13401,7,yellow,N,X,S,yellow,N,X
HTx,8,13491,77,yellow,N,X,S,yellow,N,X
HTx,8,15324,4,yellow,N,X,S,yellow,N,X
HTx,8,15344,10,yellow,N,X,S,yellow,N,X
HTx,8,15625,28,yellow,N,X,S,yellow,N,X
HTx,8,16300,11,yellow,N,X,S,yellow,N,X
HTx,8,16325,32,yellow,N,X,S,yellow,N,X
HTx,8,16366,88,yellow,N,X,S,yellow,N,X
HTx,8,16745,14,yellow,N,X,S,yellow,N,X
HTx,8,16837,8,yellow,N,X,S,yellow,N,X
HTx,8,17053,22,yellow,N,X,S,yellow,N,X
HTx,8,17154,16,yellow,N,X,S,yellow,N,X
HTx,8,17194,16,yellow,N,X,S,yellow,N,X
HTx,8,24113,49,yellow,N,X,S,yellow,N,X
HTx,8,24787,71,yellow,N,X,S,yellow,N,X
HTx,8,24925,54,yellow,N,X,S,yellow,N,X
HTx,8,25982,11,yellow,N,X,S,yellow,N,X
HTx,8,26142,12,yellow,N,X,G,red,T,X
HTx,8,27623,21,yellow,N,X,S,yellow,N,X
HTx,8,1065,8,orange,G,H,S,orange,G,H
HTx,8,9104,20,orange,G,H,G,yellow,N,X
HTx,8,11959,14,red,T,X,S,red,T,X
HTx,8,12968,8,red,T,X,S,red,T,X
HTx,8,24265,71,red,T,X,G,purple,N,X
HTx,8,509,10,purple,N,X,S,purple,N,X
HTx,8,526,8,purple,N,X,S,purple,N,X
HTx,8,905,10,purple,N,X,S,purple,N,X
HTx,8,1166,9,purple,N,X,S,purple,N,X
HTx,8,2181,10,purple,N,X,S,purple,N,X
HTx,8,2467,30,purple,N,X,S,purple,N,X
HTx,8,2526,19,purple,N,X,S,purple,N,X
HTx,8,2788,19,purple,N,X,S,purple,N,X
HTx,8,2959,16,purple,N,X,S,purple,N,X
HTx,8,3329,15,purple,N,X,S,purple,N,X
HTx,8,3349,25,purple,N,X,S,purple,N,X
HTx,8,3468,12,purple,N,X,S,purple,N,X
HTx,8,3613,209,purple,N,X,S,purple,N,X
HTx,8,4552,13,purple,N,X,S,purple,N,X
HTx,8,4612,19,purple,N,X,S,purple,N,X
HTx,8,4735,71,purple,N,X,S,purple,N,X
HTx,8,4880,120,purple,N,X,S,purple,N,X
HTx,8,5047,71,purple,N,X,S,purple,N,X
HTx,8,5302,149,purple,N,X,S,purple,N,X
HTx,8,6145,2102,purple,N,X,G,blue,N,X
HTx,8,8505,15,purple,N,X,S,purple,N,X
HTx,8,8639,35,purple,N,X,S,purple,N,X
HTx,8,8775,19,purple,N,X,G,blue,N,X
HTx,8,9607,12,purple,N,X,S,purple,N,X
HTx,8,10030,27,purple,N,X,S,purple,N,X
HTx,8,10112,489,purple,N,X,G,blue,N,X
HTx,8,11318,85,purple,N,X,S,purple,N,X
HTx,8,11653,68,purple,N,X,S,purple,N,X
HTx,8,11788,120,purple,N,X,G,blue,N,X
HTx,8,12100,89,purple,N,X,S,purple,N,X
HTx,8,12947,539,purple,N,X,G,orange,G,H
HTx,8,13677,22,purple,N,X,S,purple,N,X
HTx,8,13716,649,purple,N,X,G,orange,G,H
HTx,8,14867,180,purple,N,X,G,blue,N,X
HTx,8,15320,9,purple,N,X,S,purple,N,X
HTx,8,15806,19,purple,N,X,S,purple,N,X
HTx,8,15928,45,purple,N,X,S,purple,N,X
HTx,8,16477,58,purple,N,X,S,purple,N,X
HTx,8,16574,50,purple,N,X,S,purple,N,X
HTx,8,18784,268,purple,N,X,G,blue,N,X
HTx,8,19173,1227,purple,N,X,G,yellow,N,X
HTx,8,20679,41,purple,N,X,G,blue,N,X
HTx,8,20995,14,purple,N,X,S,purple,N,X
HTx,8,21290,119,purple,N,X,G,green,N,X
HTx,8,21496,573,purple,N,X,G,orange,G,H
HTx,8,22136,25,purple,N,X,G,yellow,N,X
HTx,8,22202,52,purple,N,X,G,yellow,N,X
HTx,8,22519,10,purple,N,X,S,purple,N,X
HTx,8,22717,11,purple,N,X,S,purple,N,X
HTx,8,25055,26,purple,N,X,G,red,T,X
HTx,8,26251,66,purple,N,X,S,purple,N,X
HTx,8,26522,564,purple,N,X,G,blue,N,X
HTx,8,27262,17,purple,N,X,S,purple,N,X
HTx,8,27844,38,purple,N,X,S,purple,N,X
HTx,8,1534,43,blue,N,X,G,yellow,N,X
HTx,8,2347,65,blue,N,X,G,green,N,X
HTx,8,3603,14,blue,N,X,S,blue,N,X
HTx,8,4705,19,blue,N,X,S,blue,N,X
HTx,8,4753,94,blue,N,X,G,orange,G,H
HTx,8,9024,23,blue,N,X,S,blue,N,X
HTx,8,9737,13,blue,N,X,S,blue,N,X
HTx,8,10735,7,blue,N,X,G,red,T,X
HTx,8,11353,18,blue,N,X,S,blue,N,X
HTx,8,11636,172,blue,N,X,G,orange,G,H
HTx,8,13995,59,blue,N,X,S,blue,N,X
HTx,8,14133,359,blue,N,X,G,green,N,X
HTx,8,15838,165,blue,N,X,G,green,N,X
HTx,8,16747,1880,blue,N,X,G,purple,N,X
HTx,8,19151,12,blue,N,X,S,blue,N,X
HTx,8,19534,27,blue,N,X,S,blue,N,X
HTx,8,19641,14,blue,N,X,S,blue,N,X
HTx,8,20063,490,blue,N,X,G,red,T,X
HTx,8,21188,26,blue,N,X,G,red,T,X
HTx,8,24716,9,blue,N,X,S,blue,N,X
HTx,8,24894,18,blue,N,X,G,green,N,X
HTx,8,25400,13,blue,N,X,S,blue,N,X
HTx,8,25438,7,blue,N,X,S,blue,N,X
HTx,8,26248,316,blue,N,X,G,green,N,X
HTx,8,1575,6,green,N,X,S,green,N,X
HTx,8,3549,56,green,N,X,S,green,N,X
HTx,8,3865,27,green,N,X,S,green,N,X
HTx,8,4803,45,green,N,X,G,blue,N,X
HTx,8,4885,833,green,N,X,G,blue,N,X
HTx,8,9222,14,green,N,X,S,green,N,X
HTx,8,11839,8,green,N,X,G,blue,N,X
HTx,8,17280,15,green,N,X,S,green,N,X
HTx,8,22392,28,green,N,X,S,green,N,X
HTx,8,24272,12,green,N,X,S,green,N,X
HTx,8,27204,13,green,N,X,S,green,N,X
HTx,8,1,1,yellow,N,X,A,yellow,N,X
HTx,8,11,1,yellow,N,X,A,yellow,N,X
HTx,8,169,1,yellow,N,X,A,yellow,N,X
HTx,8,240,1,yellow,N,X,A,yellow,N,X
HTx,8,252,1,yellow,N,X,A,yellow,N,X
HTx,8,265,1,yellow,N,X,A,yellow,N,X
HTx,8,280,1,yellow,N,X,A,yellow,N,X
HTx,8,297,1,yellow,N,X,A,yellow,N,X
HTx,8,313,1,yellow,N,X,A,yellow,N,X
HTx,8,328,1,yellow,N,X,A,yellow,N,X
HTx,8,347,1,yellow,N,X,A,yellow,N,X
HTx,8,360,1,yellow,N,X,A,yellow,N,X
HTx,8,383,1,yellow,N,X,A,yellow,N,X
HTx,8,398,1,yellow,N,X,A,yellow,N,X
HTx,8,416,1,yellow,N,X,A,yellow,N,X
HTx,8,471,1,yellow,N,X,A,yellow,N,X
HTx,8,500,1,yellow,N,X,A,yellow,N,X
HTx,8,516,1,yellow,N,X,A,yellow,N,X
HTx,8,755,1,yellow,N,X,A,yellow,N,X
HTx,8,774,1,yellow,N,X,A,yellow,N,X
HTx,8,787,1,yellow,N,X,A,yellow,N,X
HTx,8,799,1,yellow,N,X,A,yellow,N,X
HTx,8,810,1,yellow,N,X,A,yellow,N,X
HTx,8,841,1,yellow,N,X,A,yellow,N,X
HTx,8,857,1,yellow,N,X,A,yellow,N,X
HTx,8,871,1,yellow,N,X,A,yellow,N,X
HTx,8,887,1,yellow,N,X,A,yellow,N,X
HTx,8,904,1,yellow,N,X,A,yellow,N,X
HTx,8,923,1,yellow,N,X,A,yellow,N,X
HTx,8,942,1,yellow,N,X,A,yellow,N,X
HTx,8,955,1,yellow,N,X,A,yellow,N,X
HTx,8,972,1,yellow,N,X,A,yellow,N,X
HTx,8,987,1,yellow,N,X,A,yellow,N,X
HTx,8,1007,1,yellow,N,X,A,yellow,N,X
HTx,8,1023,1,yellow,N,X,A,yellow,N,X
HTx,8,1045,1,yellow,N,X,A,yellow,N,X
HTx,8,1063,1,yellow,N,X,A,yellow,N,X
HTx,8,1085,1,yellow,N,X,A,yellow,N,X
HTx,8,1103,1,yellow,N,X,A,yellow,N,X
HTx,8,1120,1,yellow,N,X,A,yellow,N,X
HTx,8,1135,1,yellow,N,X,A,yellow,N,X
HTx,8,1151,1,yellow,N,X,A,yellow,N,X
HTx,8,1166,1,yellow,N,X,A,yellow,N,X
HTx,8,1183,1,yellow,N,X,A,yellow,N,X
HTx,8,1201,1,yellow,N,X,A,yellow,N,X
HTx,8,1218,1,yellow,N,X,A,yellow,N,X
HTx,8,1236,1,yellow,N,X,A,yellow,N,X
HTx,8,1254,1,yellow,N,X,A,yellow,N,X
HTx,8,1271,1,yellow,N,X,A,yellow,N,X
HTx,8,1290,1,yellow,N,X,A,yellow,N,X
HTx,8,1308,1,yellow,N,X,A,yellow,N,X
HTx,8,1334,1,yellow,N,X,A,yellow,N,X
HTx,8,1369,1,yellow,N,X,A,yellow,N,X
HTx,8,1390,1,yellow,N,X,A,yellow,N,X
HTx,8,1449,1,yellow,N,X,A,yellow,N,X
HTx,8,1481,1,yellow,N,X,A,yellow,N,X
HTx,8,1502,1,yellow,N,X,A,yellow,N,X
HTx,8,1525,1,yellow,N,X,A,yellow,N,X
HTx,8,1558,1,yellow,N,X,A,yellow,N,X
HTx,8,1575,1,yellow,N,X,A,yellow,N,X
HTx,8,1622,1,yellow,N,X,A,yellow,N,X
HTx,8,1637,1,yellow,N,X,A,yellow,N,X
HTx,8,1654,1,yellow,N,X,A,yellow,N,X
HTx,8,1673,1,yellow,N,X,A,yellow,N,X
HTx,8,1689,1,yellow,N,X,A,yellow,N,X
HTx,8,1709,1,yellow,N,X,A,yellow,N,X
HTx,8,1727,1,yellow,N,X,A,yellow,N,X
HTx,8,1744,1,yellow,N,X,A,yellow,N,X
HTx,8,1762,1,yellow,N,X,A,yellow,N,X
HTx,8,1781,1,yellow,N,X,A,yellow,N,X
HTx,8,1798,1,yellow,N,X,A,yellow,N,X
HTx,8,1818,1,yellow,N,X,A,yellow,N,X
HTx,8,1832,1,yellow,N,X,A,yellow,N,X
HTx,8,1854,1,yellow,N,X,A,yellow,N,X
HTx,8,1874,1,yellow,N,X,A,yellow,N,X
HTx,8,1891,1,yellow,N,X,A,yellow,N,X
HTx,8,1909,1,yellow,N,X,A,yellow,N,X
HTx,8,1931,1,yellow,N,X,A,yellow,N,X
HTx,8,1949,1,yellow,N,X,A,yellow,N,X
HTx,8,1969,1,yellow,N,X,A,yellow,N,X
HTx,8,1990,1,yellow,N,X,A,yellow,N,X
HTx,8,2006,1,yellow,N,X,A,yellow,N,X
HTx,8,2028,1,yellow,N,X,A,yellow,N,X
HTx,8,2112,1,yellow,N,X,A,yellow,N,X
HTx,8,2191,1,yellow,N,X,A,yellow,N,X
HTx,8,2207,1,yellow,N,X,A,yellow,N,X
HTx,8,2215,1,yellow,N,X,A,yellow,N,X
HTx,8,2253,1,yellow,N,X,A,yellow,N,X
HTx,8,2277,1,yellow,N,X,A,yellow,N,X
HTx,8,2298,1,yellow,N,X,A,yellow,N,X
HTx,8,2353,1,yellow,N,X,A,yellow,N,X
HTx,8,2423,1,yellow,N,X,A,yellow,N,X
HTx,8,2439,1,yellow,N,X,A,yellow,N,X
HTx,8,2476,1,yellow,N,X,A,yellow,N,X
HTx,8,2504,1,yellow,N,X,A,yellow,N,X
HTx,8,2556,1,yellow,N,X,A,yellow,N,X
HTx,8,2574,1,yellow,N,X,A,yellow,N,X
HTx,8,2595,1,yellow,N,X,A,yellow,N,X
HTx,8,2610,1,yellow,N,X,A,yellow,N,X
HTx,8,2628,1,yellow,N,X,A,yellow,N,X
HTx,8,2680,1,yellow,N,X,A,yellow,N,X
HTx,8,2702,1,yellow,N,X,A,yellow,N,X
HTx,8,2715,1,yellow,N,X,A,yellow,N,X
HTx,8,2725,1,yellow,N,X,A,yellow,N,X
HTx,8,2759,1,yellow,N,X,A,yellow,N,X
HTx,8,2784,1,yellow,N,X,A,yellow,N,X
HTx,8,3063,1,yellow,N,X,A,yellow,N,X
HTx,8,3080,1,yellow,N,X,A,yellow,N,X
HTx,8,3095,1,yellow,N,X,A,yellow,N,X
HTx,8,3111,1,yellow,N,X,A,yellow,N,X
HTx,8,3129,1,yellow,N,X,A,yellow,N,X
HTx,8,3144,1,yellow,N,X,A,yellow,N,X
HTx,8,3161,1,yellow,N,X,A,yellow,N,X
HTx,8,3177,1,yellow,N,X,A,yellow,N,X
HTx,8,3192,1,yellow,N,X,A,yellow,N,X
HTx,8,3210,1,yellow,N,X,A,yellow,N,X
HTx,8,3226,1,yellow,N,X,A,yellow,N,X
HTx,8,3270,1,yellow,N,X,A,yellow,N,X
HTx,8,3286,1,yellow,N,X,A,yellow,N,X
HTx,8,3305,1,yellow,N,X,A,yellow,N,X
HTx,8,3320,1,yellow,N,X,A,yellow,N,X
HTx,8,3342,1,yellow,N,X,A,yellow,N,X
HTx,8,3360,1,yellow,N,X,A,yellow,N,X
HTx,8,3377,1,yellow,N,X,A,yellow,N,X
HTx,8,3393,1,yellow,N,X,A,yellow,N,X
HTx,8,3410,1,yellow,N,X,A,yellow,N,X
HTx,8,3427,1,yellow,N,X,A,yellow,N,X
HTx,8,3446,1,yellow,N,X,A,yellow,N,X
HTx,8,3465,1,yellow,N,X,A,yellow,N,X
HTx,8,3482,1,yellow,N,X,A,yellow,N,X
HTx,8,3502,1,yellow,N,X,A,yellow,N,X
HTx,8,3522,1,yellow,N,X,A,yellow,N,X
HTx,8,3588,1,yellow,N,X,A,yellow,N,X
HTx,8,3612,1,yellow,N,X,A,yellow,N,X
HTx,8,3628,1,yellow,N,X,A,yellow,N,X
HTx,8,3643,1,yellow,N,X,A,yellow,N,X
HTx,8,3658,1,yellow,N,X,A,yellow,N,X
HTx,8,3676,1,yellow,N,X,A,yellow,N,X
HTx,8,3690,1,yellow,N,X,A,yellow,N,X
HTx,8,3705,1,yellow,N,X,A,yellow,N,X
HTx,8,3754,1,yellow,N,X,A,yellow,N,X
HTx,8,3778,1,yellow,N,X,A,yellow,N,X
HTx,8,3794,1,yellow,N,X,A,yellow,N,X
HTx,8,3832,1,yellow,N,X,A,yellow,N,X
HTx,8,3845,1,yellow,N,X,A,yellow,N,X
HTx,8,3861,1,yellow,N,X,A,yellow,N,X
HTx,8,3882,1,yellow,N,X,A,yellow,N,X
HTx,8,3896,1,yellow,N,X,A,yellow,N,X
HTx,8,3912,1,yellow,N,X,A,yellow,N,X
HTx,8,3928,1,yellow,N,X,A,yellow,N,X
HTx,8,3943,1,yellow,N,X,A,yellow,N,X
HTx,8,3974,1,yellow,N,X,A,yellow,N,X
HTx,8,3988,1,yellow,N,X,A,yellow,N,X
HTx,8,4038,1,yellow,N,X,A,yellow,N,X
HTx,8,4060,1,yellow,N,X,A,yellow,N,X
HTx,8,4081,1,yellow,N,X,A,yellow,N,X
HTx,8,4096,1,yellow,N,X,A,yellow,N,X
HTx,8,4118,1,yellow,N,X,A,yellow,N,X
HTx,8,4206,1,yellow,N,X,A,yellow,N,X
HTx,8,4221,1,yellow,N,X,A,yellow,N,X
HTx,8,4231,1,yellow,N,X,A,yellow,N,X
HTx,8,4243,1,yellow,N,X,A,yellow,N,X
HTx,8,4255,1,yellow,N,X,A,yellow,N,X
HTx,8,4267,1,yellow,N,X,A,yellow,N,X
HTx,8,4281,1,yellow,N,X,A,yellow,N,X
HTx,8,4291,1,yellow,N,X,A,yellow,N,X
HTx,8,4304,1,yellow,N,X,A,yellow,N,X
HTx,8,4390,1,yellow,N,X,A,yellow,N,X
HTx,8,4414,1,yellow,N,X,A,yellow,N,X
HTx,8,4425,1,yellow,N,X,A,yellow,N,X
HTx,8,4439,1,yellow,N,X,A,yellow,N,X
HTx,8,4447,1,yellow,N,X,A,yellow,N,X
HTx,8,4464,1,yellow,N,X,A,yellow,N,X
HTx,8,4517,1,yellow,N,X,A,yellow,N,X
HTx,8,4530,12,yellow,N,X,H,yellow,N,X
HTx,8,4542,1,yellow,N,X,A,yellow,N,X
HTx,8,4651,1,yellow,N,X,A,yellow,N,X
HTx,8,4702,1,yellow,N,X,A,yellow,N,X
HTx,8,4724,1,yellow,N,X,A,yellow,N,X
HTx,8,4739,1,yellow,N,X,A,yellow,N,X
HTx,8,4755,1,yellow,N,X,A,yellow,N,X
HTx,8,4763,1,yellow,N,X,A,yellow,N,X
HTx,8,4949,10,yellow,N,X,H,yellow,N,X
HTx,8,4959,1,yellow,N,X,A,yellow,N,X
HTx,8,5066,1,yellow,N,X,A,yellow,N,X
HTx,8,5206,1,yellow,N,X,A,yellow,N,X
HTx,8,5248,1,yellow,N,X,A,yellow,N,X
HTx,8,5263,1,yellow,N,X,A,yellow,N,X
HTx,8,5296,1,yellow,N,X,A,yellow,N,X
HTx,8,5318,112,yellow,N,X,H,yellow,N,X
HTx,8,5430,1,yellow,N,X,A,yellow,N,X
HTx,8,5779,1,yellow,N,X,A,yellow,N,X
HTx,8,5817,1,yellow,N,X,A,yellow,N,X
HTx,8,5859,1,yellow,N,X,A,yellow,N,X
HTx,8,5875,1,yellow,N,X,A,yellow,N,X
HTx,8,5904,1,yellow,N,X,A,yellow,N,X
HTx,8,5922,1,yellow,N,X,A,yellow,N,X
HTx,8,5945,1,yellow,N,X,A,yellow,N,X
HTx,8,5966,1,yellow,N,X,A,yellow,N,X
HTx,8,5985,1,yellow,N,X,A,yellow,N,X
HTx,8,6003,1,yellow,N,X,A,yellow,N,X
HTx,8,6046,1,yellow,N,X,A,yellow,N,X
HTx,8,6061,1,yellow,N,X,A,yellow,N,X
HTx,8,6071,1,yellow,N,X,A,yellow,N,X
HTx,8,6079,38,yellow,N,X,H,yellow,N,X
HTx,8,6117,1,yellow,N,X,A,yellow,N,X
HTx,8,6155,1,yellow,N,X,A,yellow,N,X
HTx,8,6170,1,yellow,N,X,A,yellow,N,X
HTx,8,6188,1,yellow,N,X,A,yellow,N,X
HTx,8,6203,1,yellow,N,X,A,yellow,N,X
HTx,8,6221,1,yellow,N,X,A,yellow,N,X
HTx,8,6242,1,yellow,N,X,A,yellow,N,X
HTx,8,6257,1,yellow,N,X,A,yellow,N,X
HTx,8,6279,106,yellow,N,X,H,yellow,N,X
HTx,8,6385,1,yellow,N,X,A,yellow,N,X
HTx,8,6459,1,yellow,N,X,A,yellow,N,X
HTx,8,6474,1,yellow,N,X,A,yellow,N,X
HTx,8,6536,1,yellow,N,X,A,yellow,N,X
HTx,8,6639,1,yellow,N,X,A,yellow,N,X
HTx,8,6662,1,yellow,N,X,A,yellow,N,X
HTx,8,6674,1,yellow,N,X,A,yellow,N,X
HTx,8,6687,1,yellow,N,X,A,yellow,N,X
HTx,8,6701,1,yellow,N,X,A,yellow,N,X
HTx,8,6713,1,yellow,N,X,A,yellow,N,X
HTx,8,6727,1,yellow,N,X,A,yellow,N,X
HTx,8,6740,1,yellow,N,X,A,yellow,N,X
HTx,8,6753,1,yellow,N,X,A,yellow,N,X
HTx,8,6766,1,yellow,N,X,A,yellow,N,X
HTx,8,6782,1,yellow,N,X,A,yellow,N,X
HTx,8,6796,1,yellow,N,X,A,yellow,N,X
HTx,8,6805,1,yellow,N,X,A,yellow,N,X
HTx,8,6841,1,yellow,N,X,A,yellow,N,X
HTx,8,6854,1,yellow,N,X,A,yellow,N,X
HTx,8,6870,1,yellow,N,X,A,yellow,N,X
HTx,8,6884,1,yellow,N,X,A,yellow,N,X
HTx,8,6898,1,yellow,N,X,A,yellow,N,X
HTx,8,6912,1,yellow,N,X,A,yellow,N,X
HTx,8,6991,1,yellow,N,X,A,yellow,N,X
HTx,8,7020,1,yellow,N,X,A,yellow,N,X
HTx,8,7041,1,yellow,N,X,A,yellow,N,X
HTx,8,7050,1,yellow,N,X,A,yellow,N,X
HTx,8,7063,1,yellow,N,X,A,yellow,N,X
HTx,8,7076,1,yellow,N,X,A,yellow,N,X
HTx,8,7092,1,yellow,N,X,A,yellow,N,X
HTx,8,7110,1,yellow,N,X,A,yellow,N,X
HTx,8,7113,10,yellow,N,X,H,yellow,N,X
HTx,8,7123,1,yellow,N,X,A,yellow,N,X
HTx,8,7275,1,yellow,N,X,A,yellow,N,X
HTx,8,7299,1,yellow,N,X,A,yellow,N,X
HTx,8,7343,1,yellow,N,X,A,yellow,N,X
HTx,8,7357,1,yellow,N,X,A,yellow,N,X
HTx,8,7395,1,yellow,N,X,A,yellow,N,X
HTx,8,7442,1,yellow,N,X,A,yellow,N,X
HTx,8,7459,1,yellow,N,X,A,yellow,N,X
HTx,8,7475,1,yellow,N,X,A,yellow,N,X
HTx,8,7493,1,yellow,N,X,A,yellow,N,X
HTx,8,7510,1,yellow,N,X,A,yellow,N,X
HTx,8,7528,1,yellow,N,X,A,yellow,N,X
HTx,8,7549,1,yellow,N,X,A,yellow,N,X
HTx,8,7571,1,yellow,N,X,A,yellow,N,X
HTx,8,7587,1,yellow,N,X,A,yellow,N,X
HTx,8,7605,1,yellow,N,X,A,yellow,N,X
HTx,8,7626,1,yellow,N,X,A,yellow,N,X
HTx,8,7644,1,yellow,N,X,A,yellow,N,X
HTx,8,7663,1,yellow,N,X,A,yellow,N,X
HTx,8,7680,1,yellow,N,X,A,yellow,N,X
HTx,8,7698,1,yellow,N,X,A,yellow,N,X
HTx,8,7717,1,yellow,N,X,A,yellow,N,X
HTx,8,7737,1,yellow,N,X,A,yellow,N,X
HTx,8,7754,1,yellow,N,X,A,yellow,N,X
HTx,8,7771,1,yellow,N,X,A,yellow,N,X
HTx,8,7789,1,yellow,N,X,A,yellow,N,X
HTx,8,7804,1,yellow,N,X,A,yellow,N,X
HTx,8,7835,1,yellow,N,X,A,yellow,N,X
HTx,8,7850,1,yellow,N,X,A,yellow,N,X
HTx,8,7866,1,yellow,N,X,A,yellow,N,X
HTx,8,7883,1,yellow,N,X,A,yellow,N,X
HTx,8,7899,1,yellow,N,X,A,yellow,N,X
HTx,8,7915,1,yellow,N,X,A,yellow,N,X
HTx,8,7930,1,yellow,N,X,A,yellow,N,X
HTx,8,7948,1,yellow,N,X,A,yellow,N,X
HTx,8,7966,1,yellow,N,X,A,yellow,N,X
HTx,8,7981,1,yellow,N,X,A,yellow,N,X
HTx,8,7999,1,yellow,N,X,A,yellow,N,X
HTx,8,8065,1,yellow,N,X,A,yellow,N,X
HTx,8,8090,1,yellow,N,X,A,yellow,N,X
HTx,8,8106,1,yellow,N,X,A,yellow,N,X
HTx,8,8122,1,yellow,N,X,A,yellow,N,X
HTx,8,8139,1,yellow,N,X,A,yellow,N,X
HTx,8,8174,1,yellow,N,X,A,yellow,N,X
HTx,8,8188,1,yellow,N,X,A,yellow,N,X
HTx,8,8206,1,yellow,N,X,A,yellow,N,X
HTx,8,8220,1,yellow,N,X,A,yellow,N,X
HTx,8,8235,1,yellow,N,X,A,yellow,N,X
HTx,8,8252,1,yellow,N,X,A,yellow,N,X
HTx,8,8269,1,yellow,N,X,A,yellow,N,X
HTx,8,8286,1,yellow,N,X,A,yellow,N,X
HTx,8,8301,1,yellow,N,X,A,yellow,N,X
HTx,8,8317,1,yellow,N,X,A,yellow,N,X
HTx,8,8364,1,yellow,N,X,A,yellow,N,X
HTx,8,8390,1,yellow,N,X,A,yellow,N,X
HTx,8,8406,1,yellow,N,X,A,yellow,N,X
HTx,8,8422,1,yellow,N,X,A,yellow,N,X
HTx,8,8441,1,yellow,N,X,A,yellow,N,X
HTx,8,8462,1,yellow,N,X,A,yellow,N,X
HTx,8,8476,1,yellow,N,X,A,yellow,N,X
HTx,8,8494,1,yellow,N,X,A,yellow,N,X
HTx,8,8677,1,yellow,N,X,A,yellow,N,X
HTx,8,8822,11,yellow,N,X,H,yellow,N,X
HTx,8,8865,1,yellow,N,X,A,yellow,N,X
HTx,8,8879,1,yellow,N,X,A,yellow,N,X
HTx,8,8880,54,yellow,N,X,H,yellow,N,X
HTx,8,8951,1,yellow,N,X,A,yellow,N,X
HTx,8,8979,1,yellow,N,X,A,yellow,N,X
HTx,8,9004,30,yellow,N,X,H,yellow,N,X
HTx,8,9034,1,yellow,N,X,A,yellow,N,X
HTx,8,9698,1,yellow,N,X,A,yellow,N,X
HTx,8,9745,1,yellow,N,X,A,yellow,N,X
HTx,8,9757,1,yellow,N,X,A,yellow,N,X
HTx,8,9776,1,yellow,N,X,A,yellow,N,X
HTx,8,9790,1,yellow,N,X,A,yellow,N,X
HTx,8,9848,1,yellow,N,X,A,yellow,N,X
HTx,8,9862,1,yellow,N,X,A,yellow,N,X
HTx,8,9877,1,yellow,N,X,A,yellow,N,X
HTx,8,9897,1,yellow,N,X,A,yellow,N,X
HTx,8,9913,1,yellow,N,X,A,yellow,N,X
HTx,8,9932,1,yellow,N,X,A,yellow,N,X
HTx,8,9947,1,yellow,N,X,A,yellow,N,X
HTx,8,9964,1,yellow,N,X,A,yellow,N,X
HTx,8,9982,1,yellow,N,X,A,yellow,N,X
HTx,8,10001,1,yellow,N,X,A,yellow,N,X
HTx,8,10030,1,yellow,N,X,A,yellow,N,X
HTx,8,10045,1,yellow,N,X,A,yellow,N,X
HTx,8,10061,1,yellow,N,X,A,yellow,N,X
HTx,8,10076,1,yellow,N,X,A,yellow,N,X
HTx,8,10092,1,yellow,N,X,A,yellow,N,X
HTx,8,10110,1,yellow,N,X,A,yellow,N,X
HTx,8,10184,1,yellow,N,X,A,yellow,N,X
HTx,8,10200,1,yellow,N,X,A,yellow,N,X
HTx,8,10209,1,yellow,N,X,A,yellow,N,X
HTx,8,10238,1,yellow,N,X,A,yellow,N,X
HTx,8,10251,131,yellow,N,X,H,yellow,N,X
HTx,8,10577,1,yellow,N,X,A,yellow,N,X
HTx,8,10631,1,yellow,N,X,A,yellow,N,X
HTx,8,10642,1,yellow,N,X,A,yellow,N,X
HTx,8,10657,1,yellow,N,X,A,yellow,N,X
HTx,8,10669,1,yellow,N,X,A,yellow,N,X
HTx,8,10682,1,yellow,N,X,A,yellow,N,X
HTx,8,10696,1,yellow,N,X,A,yellow,N,X
HTx,8,10709,1,yellow,N,X,A,yellow,N,X
HTx,8,10724,1,yellow,N,X,A,yellow,N,X
HTx,8,10735,1,yellow,N,X,A,yellow,N,X
HTx,8,10749,1,yellow,N,X,A,yellow,N,X
HTx,8,10764,1,yellow,N,X,A,yellow,N,X
HTx,8,10823,1,yellow,N,X,A,yellow,N,X
HTx,8,10866,1,yellow,N,X,A,yellow,N,X
HTx,8,10883,1,yellow,N,X,A,yellow,N,X
HTx,8,10899,1,yellow,N,X,A,yellow,N,X
HTx,8,10913,1,yellow,N,X,A,yellow,N,X
HTx,8,10930,1,yellow,N,X,A,yellow,N,X
HTx,8,10944,1,yellow,N,X,A,yellow,N,X
HTx,8,10961,1,yellow,N,X,A,yellow,N,X
HTx,8,10975,1,yellow,N,X,A,yellow,N,X
HTx,8,10991,1,yellow,N,X,A,yellow,N,X
HTx,8,11007,1,yellow,N,X,A,yellow,N,X
HTx,8,11023,1,yellow,N,X,A,yellow,N,X
HTx,8,11056,1,yellow,N,X,A,yellow,N,X
HTx,8,11069,1,yellow,N,X,A,yellow,N,X
HTx,8,11084,1,yellow,N,X,A,yellow,N,X
HTx,8,11097,1,yellow,N,X,A,yellow,N,X
HTx,8,11112,1,yellow,N,X,A,yellow,N,X
HTx,8,11128,1,yellow,N,X,A,yellow,N,X
HTx,8,11151,1,yellow,N,X,A,yellow,N,X
HTx,8,11164,1,yellow,N,X,A,yellow,N,X
HTx,8,11180,1,yellow,N,X,A,yellow,N,X
HTx,8,11195,1,yellow,N,X,A,yellow,N,X
HTx,8,11212,1,yellow,N,X,A,yellow,N,X
HTx,8,11238,1,yellow,N,X,A,yellow,N,X
HTx,8,11824,1,yellow,N,X,A,yellow,N,X
HTx,8,11840,1,yellow,N,X,A,yellow,N,X
HTx,8,11870,1,yellow,N,X,A,yellow,N,X
HTx,8,11918,1,yellow,N,X,A,yellow,N,X
HTx,8,11965,1,yellow,N,X,A,yellow,N,X
HTx,8,11988,1,yellow,N,X,A,yellow,N,X
HTx,8,12007,1,yellow,N,X,A,yellow,N,X
HTx,8,12028,1,yellow,N,X,A,yellow,N,X
HTx,8,12047,1,yellow,N,X,A,yellow,N,X
HTx,8,12063,1,yellow,N,X,A,yellow,N,X
HTx,8,12083,1,yellow,N,X,A,yellow,N,X
HTx,8,12102,1,yellow,N,X,A,yellow,N,X
HTx,8,12158,1,yellow,N,X,A,yellow,N,X
HTx,8,12176,1,yellow,N,X,A,yellow,N,X
HTx,8,12202,1,yellow,N,X,A,yellow,N,X
HTx,8,12222,1,yellow,N,X,A,yellow,N,X
HTx,8,12244,1,yellow,N,X,A,yellow,N,X
HTx,8,12259,1,yellow,N,X,A,yellow,N,X
HTx,8,12270,415,yellow,N,X,H,yellow,N,X
HTx,8,12685,1,yellow,N,X,A,yellow,N,X
HTx,8,12724,1,yellow,N,X,A,yellow,N,X
HTx,8,12772,1,yellow,N,X,A,yellow,N,X
HTx,8,12791,1,yellow,N,X,A,yellow,N,X
HTx,8,12817,164,yellow,N,X,H,yellow,N,X
HTx,8,13003,1,yellow,N,X,A,yellow,N,X
HTx,8,13023,1,yellow,N,X,A,yellow,N,X
HTx,8,13038,1,yellow,N,X,A,yellow,N,X
HTx,8,13053,1,yellow,N,X,A,yellow,N,X
HTx,8,13073,1,yellow,N,X,A,yellow,N,X
HTx,8,13086,1,yellow,N,X,A,yellow,N,X
HTx,8,13202,11,yellow,N,X,H,yellow,N,X
HTx,8,13213,1,yellow,N,X,A,yellow,N,X
HTx,8,13261,1,yellow,N,X,A,yellow,N,X
HTx,8,13276,1,yellow,N,X,A,yellow,N,X
HTx,8,13298,1,yellow,N,X,A,yellow,N,X
HTx,8,13415,1,yellow,N,X,A,yellow,N,X
HTx,8,13459,1,yellow,N,X,A,yellow,N,X
HTx,8,13475,1,yellow,N,X,A,yellow,N,X
HTx,8,13489,1,yellow,N,X,A,yellow,N,X
HTx,8,13597,74,yellow,N,X,H,yellow,N,X
HTx,8,13815,1,yellow,N,X,A,yellow,N,X
HTx,8,13881,1,yellow,N,X,A,yellow,N,X
HTx,8,13896,1,yellow,N,X,A,yellow,N,X
HTx,8,13909,1,yellow,N,X,A,yellow,N,X
HTx,8,13941,1,yellow,N,X,A,yellow,N,X
HTx,8,13961,1,yellow,N,X,A,yellow,N,X
HTx,8,13971,1,yellow,N,X,A,yellow,N,X
HTx,8,13983,1,yellow,N,X,A,yellow,N,X
HTx,8,14001,1,yellow,N,X,A,yellow,N,X
HTx,8,14026,1,yellow,N,X,A,yellow,N,X
HTx,8,14052,1,yellow,N,X,A,yellow,N,X
HTx,8,14065,1,yellow,N,X,A,yellow,N,X
HTx,8,14078,1,yellow,N,X,A,yellow,N,X
HTx,8,14093,1,yellow,N,X,A,yellow,N,X
HTx,8,14109,1,yellow,N,X,A,yellow,N,X
HTx,8,14114,1,yellow,N,X,A,yellow,N,X
HTx,8,14136,1,yellow,N,X,A,yellow,N,X
HTx,8,14154,1,yellow,N,X,A,yellow,N,X
HTx,8,14275,1,yellow,N,X,A,yellow,N,X
HTx,8,14308,1,yellow,N,X,A,yellow,N,X
HTx,8,14322,1,yellow,N,X,A,yellow,N,X
HTx,8,14339,1,yellow,N,X,A,yellow,N,X
HTx,8,14355,1,yellow,N,X,A,yellow,N,X
HTx,8,14370,1,yellow,N,X,A,yellow,N,X
HTx,8,14384,1,yellow,N,X,A,yellow,N,X
HTx,8,14399,1,yellow,N,X,A,yellow,N,X
HTx,8,14412,1,yellow,N,X,A,yellow,N,X
HTx,8,14427,1,yellow,N,X,A,yellow,N,X
HTx,8,14441,1,yellow,N,X,A,yellow,N,X
HTx,8,14454,1,yellow,N,X,A,yellow,N,X
HTx,8,14467,1,yellow,N,X,A,yellow,N,X
HTx,8,14553,1,yellow,N,X,A,yellow,N,X
HTx,8,14567,1,yellow,N,X,A,yellow,N,X
HTx,8,14578,1,yellow,N,X,A,yellow,N,X
HTx,8,14602,1,yellow,N,X,A,yellow,N,X
HTx,8,14621,1,yellow,N,X,A,yellow,N,X
HTx,8,14638,1,yellow,N,X,A,yellow,N,X
HTx,8,14671,1,yellow,N,X,A,yellow,N,X
HTx,8,14692,1,yellow,N,X,A,yellow,N,X
HTx,8,14713,1,yellow,N,X,A,yellow,N,X
HTx,8,14738,1,yellow,N,X,A,yellow,N,X
HTx,8,14754,1,yellow,N,X,A,yellow,N,X
HTx,8,14770,1,yellow,N,X,A,yellow,N,X
HTx,8,14788,1,yellow,N,X,A,yellow,N,X
HTx,8,14804,1,yellow,N,X,A,yellow,N,X
HTx,8,14820,1,yellow,N,X,A,yellow,N,X
HTx,8,14831,1,yellow,N,X,A,yellow,N,X
HTx,8,14840,1,yellow,N,X,A,yellow,N,X
HTx,8,14847,66,yellow,N,X,H,yellow,N,X
HTx,8,14913,1,yellow,N,X,A,yellow,N,X
HTx,8,14963,1,yellow,N,X,A,yellow,N,X
HTx,8,14986,1,yellow,N,X,A,yellow,N,X
HTx,8,15013,1,yellow,N,X,A,yellow,N,X
HTx,8,15204,1,yellow,N,X,A,yellow,N,X
HTx,8,15290,1,yellow,N,X,A,yellow,N,X
HTx,8,15336,1,yellow,N,X,A,yellow,N,X
HTx,8,15355,1,yellow,N,X,A,yellow,N,X
HTx,8,15371,114,yellow,N,X,H,yellow,N,X
HTx,8,15534,1,yellow,N,X,A,yellow,N,X
HTx,8,15543,34,yellow,N,X,H,yellow,N,X
HTx,8,15659,1,yellow,N,X,A,yellow,N,X
HTx,8,15674,1,yellow,N,X,A,yellow,N,X
HTx,8,15686,41,yellow,N,X,H,yellow,N,X
HTx,8,15945,1,yellow,N,X,A,yellow,N,X
HTx,8,15961,1,yellow,N,X,A,yellow,N,X
HTx,8,15976,1,yellow,N,X,A,yellow,N,X
HTx,8,15989,1,yellow,N,X,A,yellow,N,X
HTx,8,16009,1,yellow,N,X,A,yellow,N,X
HTx,8,16021,1,yellow,N,X,A,yellow,N,X
HTx,8,16044,1,yellow,N,X,A,yellow,N,X
HTx,8,16060,1,yellow,N,X,A,yellow,N,X
HTx,8,16075,1,yellow,N,X,A,yellow,N,X
HTx,8,16083,1,yellow,N,X,A,yellow,N,X
HTx,8,16141,1,yellow,N,X,A,yellow,N,X
HTx,8,16154,1,yellow,N,X,A,yellow,N,X
HTx,8,16168,48,yellow,N,X,H,yellow,N,X
HTx,8,16315,1,yellow,N,X,A,yellow,N,X
HTx,8,16363,1,yellow,N,X,A,yellow,N,X
HTx,8,16462,1,yellow,N,X,A,yellow,N,X
HTx,8,16513,1,yellow,N,X,A,yellow,N,X
HTx,8,16545,1,yellow,N,X,A,yellow,N,X
HTx,8,16551,74,yellow,N,X,H,yellow,N,X
HTx,8,16625,1,yellow,N,X,A,yellow,N,X
HTx,8,16662,1,yellow,N,X,A,yellow,N,X
HTx,8,16712,1,yellow,N,X,A,yellow,N,X
HTx,8,16730,1,yellow,N,X,A,yellow,N,X
HTx,8,16758,1,yellow,N,X,A,yellow,N,X
HTx,8,16771,66,yellow,N,X,H,yellow,N,X
HTx,8,16850,1,yellow,N,X,A,yellow,N,X
HTx,8,16868,8,yellow,N,X,H,yellow,N,X
HTx,8,16876,1,yellow,N,X,A,yellow,N,X
HTx,8,16885,1,yellow,N,X,A,yellow,N,X
HTx,8,16898,1,yellow,N,X,A,yellow,N,X
HTx,8,16907,58,yellow,N,X,H,yellow,N,X
HTx,8,16965,1,yellow,N,X,A,yellow,N,X
HTx,8,17026,1,yellow,N,X,A,yellow,N,X
HTx,8,17043,1,yellow,N,X,A,yellow,N,X
HTx,8,17176,6,yellow,N,X,H,yellow,N,X
HTx,8,17274,1,yellow,N,X,A,yellow,N,X
HTx,8,17300,1,yellow,N,X,A,yellow,N,X
HTx,8,17316,1,yellow,N,X,A,yellow,N,X
HTx,8,17332,1,yellow,N,X,A,yellow,N,X
HTx,8,17343,1,yellow,N,X,A,yellow,N,X
HTx,8,17365,1,yellow,N,X,A,yellow,N,X
HTx,8,17400,1,yellow,N,X,A,yellow,N,X
HTx,8,17405,126,yellow,N,X,H,yellow,N,X
HTx,8,17531,1,yellow,N,X,A,yellow,N,X
HTx,8,17563,1,yellow,N,X,A,yellow,N,X
HTx,8,17627,1,yellow,N,X,A,yellow,N,X
HTx,8,17648,1,yellow,N,X,A,yellow,N,X
HTx,8,17670,1,yellow,N,X,A,yellow,N,X
HTx,8,17681,1,yellow,N,X,A,yellow,N,X
HTx,8,17693,1,yellow,N,X,A,yellow,N,X
HTx,8,17727,1,yellow,N,X,A,yellow,N,X
HTx,8,17738,1,yellow,N,X,A,yellow,N,X
HTx,8,17781,1,yellow,N,X,A,yellow,N,X
HTx,8,17837,1,yellow,N,X,A,yellow,N,X
HTx,8,17865,1,yellow,N,X,A,yellow,N,X
HTx,8,17906,1,yellow,N,X,A,yellow,N,X
HTx,8,17930,1,yellow,N,X,A,yellow,N,X
HTx,8,17955,1,yellow,N,X,A,yellow,N,X
HTx,8,17976,1,yellow,N,X,A,yellow,N,X
HTx,8,17997,1,yellow,N,X,A,yellow,N,X
HTx,8,18016,1,yellow,N,X,A,yellow,N,X
HTx,8,18036,1,yellow,N,X,A,yellow,N,X
HTx,8,18049,1,yellow,N,X,A,yellow,N,X
HTx,8,18062,1,yellow,N,X,A,yellow,N,X
HTx,8,18075,1,yellow,N,X,A,yellow,N,X
HTx,8,18087,1,yellow,N,X,A,yellow,N,X
HTx,8,18100,1,yellow,N,X,A,yellow,N,X
HTx,8,18113,1,yellow,N,X,A,yellow,N,X
HTx,8,18126,1,yellow,N,X,A,yellow,N,X
HTx,8,18139,1,yellow,N,X,A,yellow,N,X
HTx,8,18152,1,yellow,N,X,A,yellow,N,X
HTx,8,18167,1,yellow,N,X,A,yellow,N,X
HTx,8,18181,1,yellow,N,X,A,yellow,N,X
HTx,8,18196,1,yellow,N,X,A,yellow,N,X
HTx,8,18209,1,yellow,N,X,A,yellow,N,X
HTx,8,18227,1,yellow,N,X,A,yellow,N,X
HTx,8,18239,1,yellow,N,X,A,yellow,N,X
HTx,8,18254,1,yellow,N,X,A,yellow,N,X
HTx,8,18270,1,yellow,N,X,A,yellow,N,X
HTx,8,18286,1,yellow,N,X,A,yellow,N,X
HTx,8,18302,1,yellow,N,X,A,yellow,N,X
HTx,8,18318,1,yellow,N,X,A,yellow,N,X
HTx,8,18334,1,yellow,N,X,A,yellow,N,X
HTx,8,18349,1,yellow,N,X,A,yellow,N,X
HTx,8,18363,1,yellow,N,X,A,yellow,N,X
HTx,8,18384,1,yellow,N,X,A,yellow,N,X
HTx,8,18402,1,yellow,N,X,A,yellow,N,X
HTx,8,18416,1,yellow,N,X,A,yellow,N,X
HTx,8,18430,1,yellow,N,X,A,yellow,N,X
HTx,8,18444,1,yellow,N,X,A,yellow,N,X
HTx,8,18459,1,yellow,N,X,A,yellow,N,X
HTx,8,18471,1,yellow,N,X,A,yellow,N,X
HTx,8,18491,1,yellow,N,X,A,yellow,N,X
HTx,8,18508,1,yellow,N,X,A,yellow,N,X
HTx,8,18525,1,yellow,N,X,A,yellow,N,X
HTx,8,18542,1,yellow,N,X,A,yellow,N,X
HTx,8,18559,1,yellow,N,X,A,yellow,N,X
HTx,8,18577,1,yellow,N,X,A,yellow,N,X
HTx,8,18704,1,yellow,N,X,A,yellow,N,X
HTx,8,18727,1,yellow,N,X,A,yellow,N,X
HTx,8,18741,1,yellow,N,X,A,yellow,N,X
HTx,8,18763,1,yellow,N,X,A,yellow,N,X
HTx,8,18775,50,yellow,N,X,H,yellow,N,X
HTx,8,18825,122,yellow,N,X,R,yellow,N,X
HTx,8,21122,1,yellow,N,X,A,yellow,N,X
HTx,8,21796,1,yellow,N,X,A,yellow,N,X
HTx,8,21867,1,yellow,N,X,A,yellow,N,X
HTx,8,21892,1,yellow,N,X,A,yellow,N,X
HTx,8,21929,1,yellow,N,X,A,yellow,N,X
HTx,8,21952,1,yellow,N,X,A,yellow,N,X
HTx,8,21976,1,yellow,N,X,A,yellow,N,X
HTx,8,21994,1,yellow,N,X,A,yellow,N,X
HTx,8,22010,87,yellow,N,X,H,yellow,N,X
HTx,8,22140,1,yellow,N,X,A,yellow,N,X
HTx,8,22177,1,yellow,N,X,A,yellow,N,X
HTx,8,22191,1,yellow,N,X,A,yellow,N,X
HTx,8,22210,1,yellow,N,X,A,yellow,N,X
HTx,8,22283,1,yellow,N,X,A,yellow,N,X
HTx,8,22294,1,yellow,N,X,A,yellow,N,X
HTx,8,22308,1,yellow,N,X,A,yellow,N,X
HTx,8,22322,111,yellow,N,X,H,yellow,N,X
HTx,8,22468,1,yellow,N,X,A,yellow,N,X
HTx,8,22484,1,yellow,N,X,A,yellow,N,X
HTx,8,22496,14,yellow,N,X,H,yellow,N,X
HTx,8,22510,1,yellow,N,X,A,yellow,N,X
HTx,8,22619,1,yellow,N,X,A,yellow,N,X
HTx,8,22724,72,yellow,N,X,H,yellow,N,X
HTx,8,22871,1,yellow,N,X,A,yellow,N,X
HTx,8,22905,1,yellow,N,X,A,yellow,N,X
HTx,8,22927,1,yellow,N,X,A,yellow,N,X
HTx,8,22945,1,yellow,N,X,A,yellow,N,X
HTx,8,22965,1,yellow,N,X,A,yellow,N,X
HTx,8,22995,1,yellow,N,X,A,yellow,N,X
HTx,8,23015,1,yellow,N,X,A,yellow,N,X
HTx,8,23036,1,yellow,N,X,A,yellow,N,X
HTx,8,23061,1,yellow,N,X,A,yellow,N,X
HTx,8,23084,1,yellow,N,X,A,yellow,N,X
HTx,8,23107,1,yellow,N,X,A,yellow,N,X
HTx,8,23126,1,yellow,N,X,A,yellow,N,X
HTx,8,23151,1,yellow,N,X,A,yellow,N,X
HTx,8,23180,1,yellow,N,X,A,yellow,N,X
HTx,8,23200,1,yellow,N,X,A,yellow,N,X
HTx,8,23217,1,yellow,N,X,A,yellow,N,X
HTx,8,23234,1,yellow,N,X,A,yellow,N,X
HTx,8,23256,1,yellow,N,X,A,yellow,N,X
HTx,8,23276,1,yellow,N,X,A,yellow,N,X
HTx,8,23295,1,yellow,N,X,A,yellow,N,X
HTx,8,23314,1,yellow,N,X,A,yellow,N,X
HTx,8,23333,1,yellow,N,X,A,yellow,N,X
HTx,8,23355,1,yellow,N,X,A,yellow,N,X
HTx,8,23386,1,yellow,N,X,A,yellow,N,X
HTx,8,23415,1,yellow,N,X,A,yellow,N,X
HTx,8,23552,1,yellow,N,X,A,yellow,N,X
HTx,8,23567,1,yellow,N,X,A,yellow,N,X
HTx,8,23585,1,yellow,N,X,A,yellow,N,X
HTx,8,23603,1,yellow,N,X,A,yellow,N,X
HTx,8,23618,1,yellow,N,X,A,yellow,N,X
HTx,8,23635,1,yellow,N,X,A,yellow,N,X
HTx,8,23651,1,yellow,N,X,A,yellow,N,X
HTx,8,23667,1,yellow,N,X,A,yellow,N,X
HTx,8,23702,1,yellow,N,X,A,yellow,N,X
HTx,8,23719,1,yellow,N,X,A,yellow,N,X
HTx,8,23763,1,yellow,N,X,A,yellow,N,X
HTx,8,23776,1,yellow,N,X,A,yellow,N,X
HTx,8,23794,1,yellow,N,X,A,yellow,N,X
HTx,8,23810,1,yellow,N,X,A,yellow,N,X
HTx,8,24089,1,yellow,N,X,A,yellow,N,X
HTx,8,24108,1,yellow,N,X,A,yellow,N,X
HTx,8,24179,237,yellow,N,X,H,yellow,N,X
HTx,8,24450,1,yellow,N,X,A,yellow,N,X
HTx,8,24460,1,yellow,N,X,A,yellow,N,X
HTx,8,24467,1,yellow,N,X,A,yellow,N,X
HTx,8,24476,254,yellow,N,X,H,yellow,N,X
HTx,8,24730,1,yellow,N,X,A,yellow,N,X
HTx,8,24868,1,yellow,N,X,A,yellow,N,X
HTx,8,24918,1,yellow,N,X,A,yellow,N,X
HTx,8,24986,1,yellow,N,X,A,yellow,N,X
HTx,8,25002,1,yellow,N,X,A,yellow,N,X
HTx,8,25058,1,yellow,N,X,A,yellow,N,X
HTx,8,25072,218,yellow,N,X,H,yellow,N,X
HTx,8,25290,1,yellow,N,X,A,yellow,N,X
HTx,8,25571,1,yellow,N,X,A,yellow,N,X
HTx,8,25632,1,yellow,N,X,A,yellow,N,X
HTx,8,25649,1,yellow,N,X,A,yellow,N,X
HTx,8,25664,1,yellow,N,X,A,yellow,N,X
HTx,8,25683,1,yellow,N,X,A,yellow,N,X
HTx,8,25702,1,yellow,N,X,A,yellow,N,X
HTx,8,25717,1,yellow,N,X,A,yellow,N,X
HTx,8,25732,1,yellow,N,X,A,yellow,N,X
HTx,8,25747,1,yellow,N,X,A,yellow,N,X
HTx,8,25763,1,yellow,N,X,A,yellow,N,X
HTx,8,25782,1,yellow,N,X,A,yellow,N,X
HTx,8,25794,1,yellow,N,X,A,yellow,N,X
HTx,8,25810,1,yellow,N,X,A,yellow,N,X
HTx,8,25822,1,yellow,N,X,A,yellow,N,X
HTx,8,25836,1,yellow,N,X,A,yellow,N,X
HTx,8,25850,1,yellow,N,X,A,yellow,N,X
HTx,8,25864,1,yellow,N,X,A,yellow,N,X
HTx,8,25879,1,yellow,N,X,A,yellow,N,X
HTx,8,25894,1,yellow,N,X,A,yellow,N,X
HTx,8,25918,1,yellow,N,X,A,yellow,N,X
HTx,8,25946,1,yellow,N,X,A,yellow,N,X
HTx,8,25968,1,yellow,N,X,A,yellow,N,X
HTx,8,26013,1,yellow,N,X,A,yellow,N,X
HTx,8,26029,1,yellow,N,X,A,yellow,N,X
HTx,8,26042,1,yellow,N,X,A,yellow,N,X
HTx,8,26043,17,yellow,N,X,H,yellow,N,X
HTx,8,26079,1,yellow,N,X,A,yellow,N,X
HTx,8,26093,1,yellow,N,X,A,yellow,N,X
HTx,8,26100,1,yellow,N,X,A,yellow,N,X
HTx,8,26107,8,yellow,N,X,H,yellow,N,X
HTx,8,26262,1,yellow,N,X,A,yellow,N,X
HTx,8,26291,1,yellow,N,X,A,yellow,N,X
HTx,8,26435,1,yellow,N,X,A,yellow,N,X
HTx,8,26491,1,yellow,N,X,A,yellow,N,X
HTx,8,26531,1,yellow,N,X,A,yellow,N,X
HTx,8,26544,1,yellow,N,X,A,yellow,N,X
HTx,8,26562,1,yellow,N,X,A,yellow,N,X
HTx,8,26580,1,yellow,N,X,A,yellow,N,X
HTx,8,26598,1,yellow,N,X,A,yellow,N,X
HTx,8,26618,1,yellow,N,X,A,yellow,N,X
HTx,8,26634,1,yellow,N,X,A,yellow,N,X
HTx,8,26653,1,yellow,N,X,A,yellow,N,X
HTx,8,26672,1,yellow,N,X,A,yellow,N,X
HTx,8,26690,1,yellow,N,X,A,yellow,N,X
HTx,8,26707,1,yellow,N,X,A,yellow,N,X
HTx,8,26725,1,yellow,N,X,A,yellow,N,X
HTx,8,26741,1,yellow,N,X,A,yellow,N,X
HTx,8,26758,1,yellow,N,X,A,yellow,N,X
HTx,8,26773,1,yellow,N,X,A,yellow,N,X
HTx,8,26790,1,yellow,N,X,A,yellow,N,X
HTx,8,26815,1,yellow,N,X,A,yellow,N,X
HTx,8,26867,1,yellow,N,X,A,yellow,N,X
HTx,8,26885,1,yellow,N,X,A,yellow,N,X
HTx,8,26912,1,yellow,N,X,A,yellow,N,X
HTx,8,26933,1,yellow,N,X,A,yellow,N,X
HTx,8,26953,1,yellow,N,X,A,yellow,N,X
HTx,8,26971,1,yellow,N,X,A,yellow,N,X
HTx,8,26989,1,yellow,N,X,A,yellow,N,X
HTx,8,27006,1,yellow,N,X,A,yellow,N,X
HTx,8,27027,1,yellow,N,X,A,yellow,N,X
HTx,8,27045,1,yellow,N,X,A,yellow,N,X
HTx,8,27063,1,yellow,N,X,A,yellow,N,X
HTx,8,27078,1,yellow,N,X,A,yellow,N,X
HTx,8,27093,1,yellow,N,X,A,yellow,N,X
HTx,8,27111,1,yellow,N,X,A,yellow,N,X
HTx,8,27127,1,yellow,N,X,A,yellow,N,X
HTx,8,27145,1,yellow,N,X,A,yellow,N,X
HTx,8,27163,1,yellow,N,X,A,yellow,N,X
HTx,8,27178,1,yellow,N,X,A,yellow,N,X
HTx,8,27199,1,yellow,N,X,A,yellow,N,X
HTx,8,27213,1,yellow,N,X,A,yellow,N,X
HTx,8,27230,1,yellow,N,X,A,yellow,N,X
HTx,8,27248,1,yellow,N,X,A,yellow,N,X
HTx,8,27265,1,yellow,N,X,A,yellow,N,X
HTx,8,27279,1,yellow,N,X,A,yellow,N,X
HTx,8,27296,1,yellow,N,X,A,yellow,N,X
HTx,8,27312,1,yellow,N,X,A,yellow,N,X
HTx,8,27328,1,yellow,N,X,A,yellow,N,X
HTx,8,27343,1,yellow,N,X,A,yellow,N,X
HTx,8,27359,1,yellow,N,X,A,yellow,N,X
HTx,8,27378,1,yellow,N,X,A,yellow,N,X
HTx,8,27394,1,yellow,N,X,A,yellow,N,X
HTx,8,27409,1,yellow,N,X,A,yellow,N,X
HTx,8,27426,1,yellow,N,X,A,yellow,N,X
HTx,8,27444,1,yellow,N,X,A,yellow,N,X
HTx,8,27459,1,yellow,N,X,A,yellow,N,X
HTx,8,27478,1,yellow,N,X,A,yellow,N,X
HTx,8,27495,1,yellow,N,X,A,yellow,N,X
HTx,8,27513,1,yellow,N,X,A,yellow,N,X
HTx,8,27540,1,yellow,N,X,A,yellow,N,X
HTx,8,27557,1,yellow,N,X,A,yellow,N,X
HTx,8,27577,1,yellow,N,X,A,yellow,N,X
HTx,8,27597,1,yellow,N,X,A,yellow,N,X
HTx,8,27700,1,yellow,N,X,A,yellow,N,X
HTx,8,27721,1,yellow,N,X,A,yellow,N,X
HTx,8,27741,1,yellow,N,X,A,yellow,N,X
HTx,8,27759,1,yellow,N,X,A,yellow,N,X
HTx,8,27778,1,yellow,N,X,A,yellow,N,X
HTx,8,27793,1,yellow,N,X,A,yellow,N,X
HTx,8,27812,1,yellow,N,X,A,yellow,N,X
HTx,8,27830,1,yellow,N,X,A,yellow,N,X
HTx,8,27846,1,yellow,N,X,A,yellow,N,X
HTx,8,27861,1,yellow,N,X,A,yellow,N,X
HTx,8,27995,1,yellow,N,X,A,yellow,N,X
HTx,8,28059,1,yellow,N,X,A,yellow,N,X
HTx,8,28073,1,yellow,N,X,A,yellow,N,X
HTx,8,28087,1,yellow,N,X,A,yellow,N,X
HTx,8,28115,1,yellow,N,X,A,yellow,N,X
HTx,8,28128,1,yellow,N,X,A,yellow,N,X
HTx,8,28151,1,yellow,N,X,A,yellow,N,X
HTx,8,28165,1,yellow,N,X,A,yellow,N,X
HTx,8,28181,1,yellow,N,X,A,yellow,N,X
HTx,8,28195,1,yellow,N,X,A,yellow,N,X
HTx,8,28209,1,yellow,N,X,A,yellow,N,X
HTx,8,28227,1,yellow,N,X,A,yellow,N,X
HTx,8,28242,1,yellow,N,X,A,yellow,N,X
HTx,8,28263,1,yellow,N,X,A,yellow,N,X
HTx,8,28280,1,yellow,N,X,A,yellow,N,X
HTx,8,28295,1,yellow,N,X,A,yellow,N,X
HTx,8,28310,1,yellow,N,X,A,yellow,N,X
HTx,8,28325,1,yellow,N,X,A,yellow,N,X
HTx,8,28341,1,yellow,N,X,A,yellow,N,X
HTx,8,28356,1,yellow,N,X,A,yellow,N,X
HTx,8,28373,1,yellow,N,X,A,yellow,N,X
HTx,8,28385,1,yellow,N,X,A,yellow,N,X
HTx,8,28401,1,yellow,N,X,A,yellow,N,X
HTx,8,28418,1,yellow,N,X,A,yellow,N,X
HTx,8,28432,1,yellow,N,X,A,yellow,N,X
HTx,8,33,1,orange,G,H,A,orange,G,H
HTx,8,49,1,orange,G,H,A,orange,G,H
HTx,8,125,1,orange,G,H,A,orange,G,H
HTx,8,140,1,orange,G,H,A,orange,G,H
HTx,8,157,1,orange,G,H,A,orange,G,H
HTx,8,175,1,orange,G,H,A,orange,G,H
HTx,8,195,1,orange,G,H,A,orange,G,H
HTx,8,214,1,orange,G,H,A,orange,G,H
HTx,8,242,1,orange,G,H,A,orange,G,H
HTx,8,258,1,orange,G,H,A,orange,G,H
HTx,8,276,1,orange,G,H,A,orange,G,H
HTx,8,292,1,orange,G,H,A,orange,G,H
HTx,8,311,1,orange,G,H,A,orange,G,H
HTx,8,327,1,orange,G,H,A,orange,G,H
HTx,8,346,1,orange,G,H,A,orange,G,H
HTx,8,361,1,orange,G,H,A,orange,G,H
HTx,8,378,1,orange,G,H,A,orange,G,H
HTx,8,396,1,orange,G,H,A,orange,G,H
HTx,8,413,1,orange,G,H,A,orange,G,H
HTx,8,428,1,orange,G,H,A,orange,G,H
HTx,8,444,1,orange,G,H,A,orange,G,H
HTx,8,462,1,orange,G,H,A,orange,G,H
HTx,8,480,1,orange,G,H,A,orange,G,H
HTx,8,498,1,orange,G,H,A,orange,G,H
HTx,8,515,1,orange,G,H,A,orange,G,H
HTx,8,536,1,orange,G,H,A,orange,G,H
HTx,8,552,1,orange,G,H,A,orange,G,H
HTx,8,572,1,orange,G,H,A,orange,G,H
HTx,8,592,1,orange,G,H,A,orange,G,H
HTx,8,596,175,orange,G,H,H,orange,G,H
HTx,8,771,1,orange,G,H,A,orange,G,H
HTx,8,816,1,orange,G,H,A,orange,G,H
HTx,8,843,1,orange,G,H,A,orange,G,H
HTx,8,859,1,orange,G,H,A,orange,G,H
HTx,8,881,1,orange,G,H,A,orange,G,H
HTx,8,898,1,orange,G,H,A,orange,G,H
HTx,8,917,1,orange,G,H,A,orange,G,H
HTx,8,936,1,orange,G,H,A,orange,G,H
HTx,8,955,1,orange,G,H,A,orange,G,H
HTx,8,974,1,orange,G,H,A,orange,G,H
HTx,8,993,1,orange,G,H,A,orange,G,H
HTx,8,1095,1,orange,G,H,A,orange,G,H
HTx,8,1119,1,orange,G,H,A,orange,G,H
HTx,8,1137,1,orange,G,H,A,orange,G,H
HTx,8,1154,1,orange,G,H,A,orange,G,H
HTx,8,1172,1,orange,G,H,A,orange,G,H
HTx,8,1191,1,orange,G,H,A,orange,G,H
HTx,8,1217,1,orange,G,H,A,orange,G,H
HTx,8,1243,1,orange,G,H,A,orange,G,H
HTx,8,1274,1,orange,G,H,A,orange,G,H
HTx,8,1654,1,orange,G,H,A,orange,G,H
HTx,8,1669,1,orange,G,H,A,orange,G,H
HTx,8,1684,1,orange,G,H,A,orange,G,H
HTx,8,1703,1,orange,G,H,A,orange,G,H
HTx,8,1719,1,orange,G,H,A,orange,G,H
HTx,8,1735,1,orange,G,H,A,orange,G,H
HTx,8,1752,1,orange,G,H,A,orange,G,H
HTx,8,1769,1,orange,G,H,A,orange,G,H
HTx,8,1786,1,orange,G,H,A,orange,G,H
HTx,8,1799,1,orange,G,H,A,orange,G,H
HTx,8,1815,1,orange,G,H,A,orange,G,H
HTx,8,1830,1,orange,G,H,A,orange,G,H
HTx,8,1845,1,orange,G,H,A,orange,G,H
HTx,8,2426,1,orange,G,H,A,orange,G,H
HTx,8,2443,1,orange,G,H,A,orange,G,H
HTx,8,2458,1,orange,G,H,A,orange,G,H
HTx,8,2473,1,orange,G,H,A,orange,G,H
HTx,8,2486,1,orange,G,H,A,orange,G,H
HTx,8,2500,1,orange,G,H,A,orange,G,H
HTx,8,2514,1,orange,G,H,A,orange,G,H
HTx,8,2526,1,orange,G,H,A,orange,G,H
HTx,8,2541,1,orange,G,H,A,orange,G,H
HTx,8,2554,1,orange,G,H,A,orange,G,H
HTx,8,2567,1,orange,G,H,A,orange,G,H
HTx,8,2581,1,orange,G,H,A,orange,G,H
HTx,8,2597,1,orange,G,H,A,orange,G,H
HTx,8,2613,1,orange,G,H,A,orange,G,H
HTx,8,2629,1,orange,G,H,A,orange,G,H
HTx,8,2646,1,orange,G,H,A,orange,G,H
HTx,8,2661,1,orange,G,H,A,orange,G,H
HTx,8,2678,1,orange,G,H,A,orange,G,H
HTx,8,2697,1,orange,G,H,A,orange,G,H
HTx,8,2714,1,orange,G,H,A,orange,G,H
HTx,8,2731,1,orange,G,H,A,orange,G,H
HTx,8,2747,1,orange,G,H,A,orange,G,H
HTx,8,2768,1,orange,G,H,A,orange,G,H
HTx,8,2785,1,orange,G,H,A,orange,G,H
HTx,8,2804,1,orange,G,H,A,orange,G,H
HTx,8,2822,1,orange,G,H,A,orange,G,H
HTx,8,2839,1,orange,G,H,A,orange,G,H
HTx,8,2858,1,orange,G,H,A,orange,G,H
HTx,8,2876,1,orange,G,H,A,orange,G,H
HTx,8,2894,1,orange,G,H,A,orange,G,H
HTx,8,2914,1,orange,G,H,A,orange,G,H
HTx,8,2949,1,orange,G,H,A,orange,G,H
HTx,8,2956,34,orange,G,H,H,orange,G,H
HTx,8,2990,206,orange,G,H,R,orange,G,H
HTx,8,3354,1,orange,G,H,A,orange,G,H
HTx,8,3369,1,orange,G,H,A,orange,G,H
HTx,8,3389,1,orange,G,H,A,orange,G,H
HTx,8,3414,1,orange,G,H,A,orange,G,H
HTx,8,3469,1,orange,G,H,A,orange,G,H
HTx,8,3485,1,orange,G,H,A,orange,G,H
HTx,8,3504,1,orange,G,H,A,orange,G,H
HTx,8,8426,1,orange,G,H,A,orange,G,H
HTx,8,8483,1,orange,G,H,A,orange,G,H
HTx,8,8502,1,orange,G,H,A,orange,G,H
HTx,8,8531,1,orange,G,H,A,orange,G,H
HTx,8,8673,1,orange,G,H,A,orange,G,H
HTx,8,8699,1,orange,G,H,A,orange,G,H
HTx,8,8724,1,orange,G,H,A,orange,G,H
HTx,8,8750,1,orange,G,H,A,orange,G,H
HTx,8,8782,1,orange,G,H,A,orange,G,H
HTx,8,8809,1,orange,G,H,A,orange,G,H
HTx,8,8838,1,orange,G,H,A,orange,G,H
HTx,8,8869,1,orange,G,H,A,orange,G,H
HTx,8,8896,1,orange,G,H,A,orange,G,H
HTx,8,8926,1,orange,G,H,A,orange,G,H
HTx,8,8955,1,orange,G,H,A,orange,G,H
HTx,8,8983,1,orange,G,H,A,orange,G,H
HTx,8,9005,1,orange,G,H,A,orange,G,H
HTx,8,9029,1,orange,G,H,A,orange,G,H
HTx,8,9265,1,orange,G,H,A,orange,G,H
HTx,8,12024,1,orange,G,H,A,orange,G,H
HTx,8,12067,1,orange,G,H,A,orange,G,H
HTx,8,12091,1,orange,G,H,A,orange,G,H
HTx,8,12118,1,orange,G,H,A,orange,G,H
HTx,8,12135,291,orange,G,H,H,orange,G,H
HTx,8,24,1,red,T,X,A,red,T,X
HTx,8,40,1,red,T,X,A,red,T,X
HTx,8,58,1,red,T,X,A,red,T,X
HTx,8,83,1,red,T,X,A,red,T,X
HTx,8,101,1,red,T,X,A,red,T,X
HTx,8,118,1,red,T,X,A,red,T,X
HTx,8,133,1,red,T,X,A,red,T,X
HTx,8,151,1,red,T,X,A,red,T,X
HTx,8,167,1,red,T,X,A,red,T,X
HTx,8,184,1,red,T,X,A,red,T,X
HTx,8,198,1,red,T,X,A,red,T,X
HTx,8,214,1,red,T,X,A,red,T,X
HTx,8,230,1,red,T,X,A,red,T,X
HTx,8,245,1,red,T,X,A,red,T,X
HTx,8,260,1,red,T,X,A,red,T,X
HTx,8,274,1,red,T,X,A,red,T,X
HTx,8,289,1,red,T,X,A,red,T,X
HTx,8,302,1,red,T,X,A,red,T,X
HTx,8,318,1,red,T,X,A,red,T,X
HTx,8,332,1,red,T,X,A,red,T,X
HTx,8,348,1,red,T,X,A,red,T,X
HTx,8,361,1,red,T,X,A,red,T,X
HTx,8,376,1,red,T,X,A,red,T,X
HTx,8,391,295,red,T,X,H,red,T,X
HTx,8,686,1,red,T,X,A,red,T,X
HTx,8,782,1,red,T,X,A,red,T,X
HTx,8,797,1,red,T,X,A,red,T,X
HTx,8,813,1,red,T,X,A,red,T,X
HTx,8,831,1,red,T,X,A,red,T,X
HTx,8,847,1,red,T,X,A,red,T,X
HTx,8,864,1,red,T,X,A,red,T,X
HTx,8,1003,1,red,T,X,A,red,T,X
HTx,8,1024,1,red,T,X,A,red,T,X
HTx,8,1070,1,red,T,X,A,red,T,X
HTx,8,1121,1,red,T,X,A,red,T,X
HTx,8,1178,1,red,T,X,A,red,T,X
HTx,8,1197,1,red,T,X,A,red,T,X
HTx,8,1214,1,red,T,X,A,red,T,X
HTx,8,1255,1,red,T,X,A,red,T,X
HTx,8,1269,1,red,T,X,A,red,T,X
HTx,8,1286,1,red,T,X,A,red,T,X
HTx,8,1489,1,red,T,X,A,red,T,X
HTx,8,1508,1,red,T,X,A,red,T,X
HTx,8,1747,1,red,T,X,A,red,T,X
HTx,8,1763,1,red,T,X,A,red,T,X
HTx,8,1777,1,red,T,X,A,red,T,X
HTx,8,1793,1,red,T,X,A,red,T,X
HTx,8,1809,1,red,T,X,A,red,T,X
HTx,8,1826,1,red,T,X,A,red,T,X
HTx,8,1842,1,red,T,X,A,red,T,X
HTx,8,1858,1,red,T,X,A,red,T,X
HTx,8,1876,1,red,T,X,A,red,T,X
HTx,8,1891,1,red,T,X,A,red,T,X
HTx,8,1907,1,red,T,X,A,red,T,X
HTx,8,1925,1,red,T,X,A,red,T,X
HTx,8,2092,1,red,T,X,A,red,T,X
HTx,8,2120,1,red,T,X,A,red,T,X
HTx,8,2270,1,red,T,X,A,red,T,X
HTx,8,2369,1,red,T,X,A,red,T,X
HTx,8,2392,1,red,T,X,A,red,T,X
HTx,8,2436,1,red,T,X,A,red,T,X
HTx,8,2467,1,red,T,X,A,red,T,X
HTx,8,2488,1,red,T,X,A,red,T,X
HTx,8,2506,1,red,T,X,A,red,T,X
HTx,8,2525,1,red,T,X,A,red,T,X
HTx,8,2543,1,red,T,X,A,red,T,X
HTx,8,2575,1,red,T,X,A,red,T,X
HTx,8,2672,1,red,T,X,A,red,T,X
HTx,8,2685,1,red,T,X,A,red,T,X
HTx,8,2698,1,red,T,X,A,red,T,X
HTx,8,2711,1,red,T,X,A,red,T,X
HTx,8,2724,1,red,T,X,A,red,T,X
HTx,8,2738,1,red,T,X,A,red,T,X
HTx,8,2750,1,red,T,X,A,red,T,X
HTx,8,2796,1,red,T,X,A,red,T,X
HTx,8,2807,1,red,T,X,A,red,T,X
HTx,8,2820,1,red,T,X,A,red,T,X
HTx,8,2835,1,red,T,X,A,red,T,X
HTx,8,2848,1,red,T,X,A,red,T,X
HTx,8,2859,1,red,T,X,A,red,T,X
HTx,8,3111,1,red,T,X,A,red,T,X
HTx,8,3123,1,red,T,X,A,red,T,X
HTx,8,3135,1,red,T,X,A,red,T,X
HTx,8,3148,1,red,T,X,A,red,T,X
HTx,8,3160,1,red,T,X,A,red,T,X
HTx,8,3174,1,red,T,X,A,red,T,X
HTx,8,3188,1,red,T,X,A,red,T,X
HTx,8,3201,1,red,T,X,A,red,T,X
HTx,8,3214,1,red,T,X,A,red,T,X
HTx,8,3228,1,red,T,X,A,red,T,X
HTx,8,3240,1,red,T,X,A,red,T,X
HTx,8,3255,1,red,T,X,A,red,T,X
HTx,8,3269,1,red,T,X,A,red,T,X
HTx,8,3283,1,red,T,X,A,red,T,X
HTx,8,3465,1,red,T,X,A,red,T,X
HTx,8,3477,1,red,T,X,A,red,T,X
HTx,8,3489,1,red,T,X,A,red,T,X
HTx,8,3500,1,red,T,X,A,red,T,X
HTx,8,3513,1,red,T,X,A,red,T,X
HTx,8,3527,1,red,T,X,A,red,T,X
HTx,8,3540,1,red,T,X,A,red,T,X
HTx,8,3599,1,red,T,X,A,red,T,X
HTx,8,3613,1,red,T,X,A,red,T,X
HTx,8,3628,1,red,T,X,A,red,T,X
HTx,8,3640,1,red,T,X,A,red,T,X
HTx,8,3654,1,red,T,X,A,red,T,X
HTx,8,3668,1,red,T,X,A,red,T,X
HTx,8,3682,1,red,T,X,A,red,T,X
HTx,8,3695,1,red,T,X,A,red,T,X
HTx,8,3710,1,red,T,X,A,red,T,X
HTx,8,3723,1,red,T,X,A,red,T,X
HTx,8,3737,1,red,T,X,A,red,T,X
HTx,8,3751,1,red,T,X,A,red,T,X
HTx,8,3765,1,red,T,X,A,red,T,X
HTx,8,3779,1,red,T,X,A,red,T,X
HTx,8,3868,1,red,T,X,A,red,T,X
HTx,8,3880,1,red,T,X,A,red,T,X
HTx,8,3894,1,red,T,X,A,red,T,X
HTx,8,3920,1,red,T,X,A,red,T,X
HTx,8,3933,1,red,T,X,A,red,T,X
HTx,8,3947,1,red,T,X,A,red,T,X
HTx,8,3961,1,red,T,X,A,red,T,X
HTx,8,3977,1,red,T,X,A,red,T,X
HTx,8,4181,1,red,T,X,A,red,T,X
HTx,8,4193,1,red,T,X,A,red,T,X
HTx,8,4206,1,red,T,X,A,red,T,X
HTx,8,4218,1,red,T,X,A,red,T,X
HTx,8,4253,1,red,T,X,A,red,T,X
HTx,8,4266,1,red,T,X,A,red,T,X
HTx,8,4278,1,red,T,X,A,red,T,X
HTx,8,4292,1,red,T,X,A,red,T,X
HTx,8,4305,1,red,T,X,A,red,T,X
HTx,8,4318,1,red,T,X,A,red,T,X
HTx,8,4332,1,red,T,X,A,red,T,X
HTx,8,4346,1,red,T,X,A,red,T,X
HTx,8,4360,1,red,T,X,A,red,T,X
HTx,8,4395,1,red,T,X,A,red,T,X
HTx,8,4407,1,red,T,X,A,red,T,X
HTx,8,4422,1,red,T,X,A,red,T,X
HTx,8,4438,1,red,T,X,A,red,T,X
HTx,8,4450,1,red,T,X,A,red,T,X
HTx,8,4557,1,red,T,X,A,red,T,X
HTx,8,4570,1,red,T,X,A,red,T,X
HTx,8,4583,1,red,T,X,A,red,T,X
HTx,8,4597,1,red,T,X,A,red,T,X
HTx,8,4611,1,red,T,X,A,red,T,X
HTx,8,4626,1,red,T,X,A,red,T,X
HTx,8,4639,1,red,T,X,A,red,T,X
HTx,8,4653,1,red,T,X,A,red,T,X
HTx,8,4667,1,red,T,X,A,red,T,X
HTx,8,4680,1,red,T,X,A,red,T,X
HTx,8,4693,1,red,T,X,A,red,T,X
HTx,8,4707,1,red,T,X,A,red,T,X
HTx,8,4721,1,red,T,X,A,red,T,X
HTx,8,4734,1,red,T,X,A,red,T,X
HTx,8,4748,1,red,T,X,A,red,T,X
HTx,8,4762,1,red,T,X,A,red,T,X
HTx,8,4776,1,red,T,X,A,red,T,X
HTx,8,4789,1,red,T,X,A,red,T,X
HTx,8,4804,1,red,T,X,A,red,T,X
HTx,8,4818,1,red,T,X,A,red,T,X
HTx,8,4831,1,red,T,X,A,red,T,X
HTx,8,4845,1,red,T,X,A,red,T,X
HTx,8,4859,1,red,T,X,A,red,T,X
HTx,8,4892,1,red,T,X,A,red,T,X
HTx,8,4906,1,red,T,X,A,red,T,X
HTx,8,4922,1,red,T,X,A,red,T,X
HTx,8,4937,1,red,T,X,A,red,T,X
HTx,8,4959,1,red,T,X,A,red,T,X
HTx,8,5041,1,red,T,X,A,red,T,X
HTx,8,5063,1,red,T,X,A,red,T,X
HTx,8,5098,1,red,T,X,A,red,T,X
HTx,8,5129,1,red,T,X,A,red,T,X
HTx,8,5143,1,red,T,X,A,red,T,X
HTx,8,5158,1,red,T,X,A,red,T,X
HTx,8,5177,1,red,T,X,A,red,T,X
HTx,8,5193,1,red,T,X,A,red,T,X
HTx,8,5209,1,red,T,X,A,red,T,X
HTx,8,5231,1,red,T,X,A,red,T,X
HTx,8,5249,1,red,T,X,A,red,T,X
HTx,8,5425,1,red,T,X,A,red,T,X
HTx,8,5439,1,red,T,X,A,red,T,X
HTx,8,5455,1,red,T,X,A,red,T,X
HTx,8,5479,1,red,T,X,A,red,T,X
HTx,8,5494,1,red,T,X,A,red,T,X
HTx,8,5510,1,red,T,X,A,red,T,X
HTx,8,5527,1,red,T,X,A,red,T,X
HTx,8,5591,1,red,T,X,A,red,T,X
HTx,8,5604,1,red,T,X,A,red,T,X
HTx,8,5619,1,red,T,X,A,red,T,X
HTx,8,5632,1,red,T,X,A,red,T,X
HTx,8,5646,1,red,T,X,A,red,T,X
HTx,8,5663,1,red,T,X,A,red,T,X
HTx,8,5860,1,red,T,X,A,red,T,X
HTx,8,5872,1,red,T,X,A,red,T,X
HTx,8,5885,1,red,T,X,A,red,T,X
HTx,8,5900,1,red,T,X,A,red,T,X
HTx,8,5917,1,red,T,X,A,red,T,X
HTx,8,5933,1,red,T,X,A,red,T,X
HTx,8,5949,1,red,T,X,A,red,T,X
HTx,8,5968,1,red,T,X,A,red,T,X
HTx,8,6040,1,red,T,X,A,red,T,X
HTx,8,6058,1,red,T,X,A,red,T,X
HTx,8,6076,1,red,T,X,A,red,T,X
HTx,8,6100,1,red,T,X,A,red,T,X
HTx,8,6120,1,red,T,X,A,red,T,X
HTx,8,6144,1,red,T,X,A,red,T,X
HTx,8,6166,1,red,T,X,A,red,T,X
HTx,8,6183,1,red,T,X,A,red,T,X
HTx,8,6201,1,red,T,X,A,red,T,X
HTx,8,6217,1,red,T,X,A,red,T,X
HTx,8,6234,1,red,T,X,A,red,T,X
HTx,8,6251,1,red,T,X,A,red,T,X
HTx,8,6270,1,red,T,X,A,red,T,X
HTx,8,6286,1,red,T,X,A,red,T,X
HTx,8,6306,1,red,T,X,A,red,T,X
HTx,8,6339,1,red,T,X,A,red,T,X
HTx,8,6408,1,red,T,X,A,red,T,X
HTx,8,6424,1,red,T,X,A,red,T,X
HTx,8,6455,1,red,T,X,A,red,T,X
HTx,8,6503,1,red,T,X,A,red,T,X
HTx,8,6529,1,red,T,X,A,red,T,X
HTx,8,6542,1,red,T,X,A,red,T,X
HTx,8,6557,1,red,T,X,A,red,T,X
HTx,8,6573,1,red,T,X,A,red,T,X
HTx,8,6588,1,red,T,X,A,red,T,X
HTx,8,6606,1,red,T,X,A,red,T,X
HTx,8,6623,1,red,T,X,A,red,T,X
HTx,8,6638,1,red,T,X,A,red,T,X
HTx,8,6648,1,red,T,X,A,red,T,X
HTx,8,6670,1,red,T,X,A,red,T,X
HTx,8,6681,1,red,T,X,A,red,T,X
HTx,8,6690,1,red,T,X,A,red,T,X
HTx,8,6701,1,red,T,X,A,red,T,X
HTx,8,6716,1,red,T,X,A,red,T,X
HTx,8,6730,1,red,T,X,A,red,T,X
HTx,8,6743,1,red,T,X,A,red,T,X
HTx,8,6760,1,red,T,X,A,red,T,X
HTx,8,6773,1,red,T,X,A,red,T,X
HTx,8,6845,1,red,T,X,A,red,T,X
HTx,8,6857,1,red,T,X,A,red,T,X
HTx,8,6872,1,red,T,X,A,red,T,X
HTx,8,6886,1,red,T,X,A,red,T,X
HTx,8,6899,1,red,T,X,A,red,T,X
HTx,8,6912,1,red,T,X,A,red,T,X
HTx,8,6924,1,red,T,X,A,red,T,X
HTx,8,6947,1,red,T,X,A,red,T,X
HTx,8,6967,1,red,T,X,A,red,T,X
HTx,8,6981,1,red,T,X,A,red,T,X
HTx,8,6997,1,red,T,X,A,red,T,X
HTx,8,7012,1,red,T,X,A,red,T,X
HTx,8,7029,1,red,T,X,A,red,T,X
HTx,8,7044,1,red,T,X,A,red,T,X
HTx,8,7059,1,red,T,X,A,red,T,X
HTx,8,7074,1,red,T,X,A,red,T,X
HTx,8,7090,1,red,T,X,A,red,T,X
HTx,8,7134,1,red,T,X,A,red,T,X
HTx,8,7147,1,red,T,X,A,red,T,X
HTx,8,7161,1,red,T,X,A,red,T,X
HTx,8,7174,1,red,T,X,A,red,T,X
HTx,8,7187,1,red,T,X,A,red,T,X
HTx,8,7200,1,red,T,X,A,red,T,X
HTx,8,7239,1,red,T,X,A,red,T,X
HTx,8,7436,1,red,T,X,A,red,T,X
HTx,8,7450,1,red,T,X,A,red,T,X
HTx,8,7462,1,red,T,X,A,red,T,X
HTx,8,7476,1,red,T,X,A,red,T,X
HTx,8,7490,1,red,T,X,A,red,T,X
HTx,8,7504,1,red,T,X,A,red,T,X
HTx,8,7519,1,red,T,X,A,red,T,X
HTx,8,7536,1,red,T,X,A,red,T,X
HTx,8,7553,1,red,T,X,A,red,T,X
HTx,8,7567,1,red,T,X,A,red,T,X
HTx,8,7584,1,red,T,X,A,red,T,X
HTx,8,7600,1,red,T,X,A,red,T,X
HTx,8,7617,1,red,T,X,A,red,T,X
HTx,8,7634,1,red,T,X,A,red,T,X
HTx,8,7650,1,red,T,X,A,red,T,X
HTx,8,7668,1,red,T,X,A,red,T,X
HTx,8,7684,1,red,T,X,A,red,T,X
HTx,8,7701,1,red,T,X,A,red,T,X
HTx,8,7747,1,red,T,X,A,red,T,X
HTx,8,7762,1,red,T,X,A,red,T,X
HTx,8,7776,1,red,T,X,A,red,T,X
HTx,8,7794,1,red,T,X,A,red,T,X
HTx,8,7829,1,red,T,X,A,red,T,X
HTx,8,7843,1,red,T,X,A,red,T,X
HTx,8,7861,1,red,T,X,A,red,T,X
HTx,8,7899,1,red,T,X,A,red,T,X
HTx,8,7913,1,red,T,X,A,red,T,X
HTx,8,7984,1,red,T,X,A,red,T,X
HTx,8,8013,1,red,T,X,A,red,T,X
HTx,8,8039,1,red,T,X,A,red,T,X
HTx,8,8058,1,red,T,X,A,red,T,X
HTx,8,8072,1,red,T,X,A,red,T,X
HTx,8,8090,1,red,T,X,A,red,T,X
HTx,8,8105,1,red,T,X,A,red,T,X
HTx,8,8123,1,red,T,X,A,red,T,X
HTx,8,8141,1,red,T,X,A,red,T,X
HTx,8,8159,1,red,T,X,A,red,T,X
HTx,8,8180,1,red,T,X,A,red,T,X
HTx,8,8197,1,red,T,X,A,red,T,X
HTx,8,8309,1,red,T,X,A,red,T,X
HTx,8,8322,1,red,T,X,A,red,T,X
HTx,8,8338,1,red,T,X,A,red,T,X
HTx,8,8354,1,red,T,X,A,red,T,X
HTx,8,8370,1,red,T,X,A,red,T,X
HTx,8,8387,1,red,T,X,A,red,T,X
HTx,8,8407,1,red,T,X,A,red,T,X
HTx,8,8428,1,red,T,X,A,red,T,X
HTx,8,8564,1,red,T,X,A,red,T,X
HTx,8,8580,1,red,T,X,A,red,T,X
HTx,8,8595,1,red,T,X,A,red,T,X
HTx,8,8612,1,red,T,X,A,red,T,X
HTx,8,8626,1,red,T,X,A,red,T,X
HTx,8,8718,1,red,T,X,A,red,T,X
HTx,8,8734,1,red,T,X,A,red,T,X
HTx,8,8748,1,red,T,X,A,red,T,X
HTx,8,8763,1,red,T,X,A,red,T,X
HTx,8,8945,1,red,T,X,A,red,T,X
HTx,8,8980,1,red,T,X,A,red,T,X
HTx,8,9003,1,red,T,X,A,red,T,X
HTx,8,9017,1,red,T,X,A,red,T,X
HTx,8,9060,1,red,T,X,A,red,T,X
HTx,8,9074,1,red,T,X,A,red,T,X
HTx,8,9098,1,red,T,X,A,red,T,X
HTx,8,9113,1,red,T,X,A,red,T,X
HTx,8,9129,1,red,T,X,A,red,T,X
HTx,8,9146,1,red,T,X,A,red,T,X
HTx,8,9165,1,red,T,X,A,red,T,X
HTx,8,9182,1,red,T,X,A,red,T,X
HTx,8,9197,1,red,T,X,A,red,T,X
HTx,8,9218,1,red,T,X,A,red,T,X
HTx,8,9235,1,red,T,X,A,red,T,X
HTx,8,9253,1,red,T,X,A,red,T,X
HTx,8,9270,1,red,T,X,A,red,T,X
HTx,8,9297,1,red,T,X,A,red,T,X
HTx,8,9313,1,red,T,X,A,red,T,X
HTx,8,9330,1,red,T,X,A,red,T,X
HTx,8,9486,1,red,T,X,A,red,T,X
HTx,8,9501,1,red,T,X,A,red,T,X
HTx,8,9516,1,red,T,X,A,red,T,X
HTx,8,9532,1,red,T,X,A,red,T,X
HTx,8,9547,1,red,T,X,A,red,T,X
HTx,8,9567,1,red,T,X,A,red,T,X
HTx,8,9602,1,red,T,X,A,red,T,X
HTx,8,9636,1,red,T,X,A,red,T,X
HTx,8,9651,1,red,T,X,A,red,T,X
HTx,8,9669,1,red,T,X,A,red,T,X
HTx,8,9687,1,red,T,X,A,red,T,X
HTx,8,9704,1,red,T,X,A,red,T,X
HTx,8,9722,1,red,T,X,A,red,T,X
HTx,8,9740,1,red,T,X,A,red,T,X
HTx,8,9754,1,red,T,X,A,red,T,X
HTx,8,9904,1,red,T,X,A,red,T,X
HTx,8,9918,1,red,T,X,A,red,T,X
HTx,8,9932,1,red,T,X,A,red,T,X
HTx,8,9946,1,red,T,X,A,red,T,X
HTx,8,9961,1,red,T,X,A,red,T,X
HTx,8,9977,1,red,T,X,A,red,T,X
HTx,8,9993,1,red,T,X,A,red,T,X
HTx,8,10011,1,red,T,X,A,red,T,X
HTx,8,10028,1,red,T,X,A,red,T,X
HTx,8,10045,1,red,T,X,A,red,T,X
HTx,8,10062,1,red,T,X,A,red,T,X
HTx,8,10079,1,red,T,X,A,red,T,X
HTx,8,10096,1,red,T,X,A,red,T,X
HTx,8,10113,1,red,T,X,A,red,T,X
HTx,8,10129,1,red,T,X,A,red,T,X
HTx,8,10146,1,red,T,X,A,red,T,X
HTx,8,10163,1,red,T,X,A,red,T,X
HTx,8,10180,1,red,T,X,A,red,T,X
HTx,8,10196,1,red,T,X,A,red,T,X
HTx,8,10352,1,red,T,X,A,red,T,X
HTx,8,10364,1,red,T,X,A,red,T,X
HTx,8,10379,1,red,T,X,A,red,T,X
HTx,8,10394,1,red,T,X,A,red,T,X
HTx,8,10408,1,red,T,X,A,red,T,X
HTx,8,10423,1,red,T,X,A,red,T,X
HTx,8,10569,1,red,T,X,A,red,T,X
HTx,8,10692,1,red,T,X,A,red,T,X
HTx,8,10705,1,red,T,X,A,red,T,X
HTx,8,10719,1,red,T,X,A,red,T,X
HTx,8,10733,1,red,T,X,A,red,T,X
HTx,8,10875,1,red,T,X,A,red,T,X
HTx,8,10892,1,red,T,X,A,red,T,X
HTx,8,10946,1,red,T,X,A,red,T,X
HTx,8,11088,1,red,T,X,A,red,T,X
HTx,8,11123,1,red,T,X,A,red,T,X
HTx,8,11138,1,red,T,X,A,red,T,X
HTx,8,11153,1,red,T,X,A,red,T,X
HTx,8,11176,1,red,T,X,A,red,T,X
HTx,8,11192,1,red,T,X,A,red,T,X
HTx,8,11209,1,red,T,X,A,red,T,X
HTx,8,11227,1,red,T,X,A,red,T,X
HTx,8,11244,1,red,T,X,A,red,T,X
HTx,8,11263,1,red,T,X,A,red,T,X
HTx,8,11281,1,red,T,X,A,red,T,X
HTx,8,11298,1,red,T,X,A,red,T,X
HTx,8,11333,1,red,T,X,A,red,T,X
HTx,8,11350,1,red,T,X,A,red,T,X
HTx,8,11501,1,red,T,X,A,red,T,X
HTx,8,11573,1,red,T,X,A,red,T,X
HTx,8,11588,1,red,T,X,A,red,T,X
HTx,8,11603,1,red,T,X,A,red,T,X
HTx,8,11616,1,red,T,X,A,red,T,X
HTx,8,11632,1,red,T,X,A,red,T,X
HTx,8,11649,1,red,T,X,A,red,T,X
HTx,8,11663,1,red,T,X,A,red,T,X
HTx,8,11856,1,red,T,X,A,red,T,X
HTx,8,11875,1,red,T,X,A,red,T,X
HTx,8,11902,1,red,T,X,A,red,T,X
HTx,8,11941,1,red,T,X,A,red,T,X
HTx,8,11956,1,red,T,X,A,red,T,X
HTx,8,11973,1,red,T,X,A,red,T,X
HTx,8,11991,1,red,T,X,A,red,T,X
HTx,8,12004,1,red,T,X,A,red,T,X
HTx,8,12025,1,red,T,X,A,red,T,X
HTx,8,12039,1,red,T,X,A,red,T,X
HTx,8,12056,1,red,T,X,A,red,T,X
HTx,8,12148,1,red,T,X,A,red,T,X
HTx,8,12203,1,red,T,X,A,red,T,X
HTx,8,12223,1,red,T,X,A,red,T,X
HTx,8,12239,1,red,T,X,A,red,T,X
HTx,8,12255,1,red,T,X,A,red,T,X
HTx,8,12273,1,red,T,X,A,red,T,X
HTx,8,12288,1,red,T,X,A,red,T,X
HTx,8,12301,1,red,T,X,A,red,T,X
HTx,8,12317,1,red,T,X,A,red,T,X
HTx,8,12331,1,red,T,X,A,red,T,X
HTx,8,12347,1,red,T,X,A,red,T,X
HTx,8,12362,1,red,T,X,A,red,T,X
HTx,8,12379,1,red,T,X,A,red,T,X
HTx,8,12395,1,red,T,X,A,red,T,X
HTx,8,12411,1,red,T,X,A,red,T,X
HTx,8,12428,1,red,T,X,A,red,T,X
HTx,8,12444,1,red,T,X,A,red,T,X
HTx,8,12460,1,red,T,X,A,red,T,X
HTx,8,12479,1,red,T,X,A,red,T,X
HTx,8,12562,1,red,T,X,A,red,T,X
HTx,8,12575,1,red,T,X,A,red,T,X
HTx,8,12589,1,red,T,X,A,red,T,X
HTx,8,12604,1,red,T,X,A,red,T,X
HTx,8,12618,1,red,T,X,A,red,T,X
HTx,8,12634,1,red,T,X,A,red,T,X
HTx,8,12649,1,red,T,X,A,red,T,X
HTx,8,12671,1,red,T,X,A,red,T,X
HTx,8,12685,1,red,T,X,A,red,T,X
HTx,8,12789,1,red,T,X,A,red,T,X
HTx,8,12803,1,red,T,X,A,red,T,X
HTx,8,12816,1,red,T,X,A,red,T,X
HTx,8,12831,1,red,T,X,A,red,T,X
HTx,8,12846,1,red,T,X,A,red,T,X
HTx,8,12863,1,red,T,X,A,red,T,X
HTx,8,12879,1,red,T,X,A,red,T,X
HTx,8,12895,1,red,T,X,A,red,T,X
HTx,8,12912,1,red,T,X,A,red,T,X
HTx,8,12927,1,red,T,X,A,red,T,X
HTx,8,12953,1,red,T,X,A,red,T,X
HTx,8,12971,1,red,T,X,A,red,T,X
HTx,8,12991,1,red,T,X,A,red,T,X
HTx,8,13191,1,red,T,X,A,red,T,X
HTx,8,13205,1,red,T,X,A,red,T,X
HTx,8,13219,1,red,T,X,A,red,T,X
HTx,8,13234,1,red,T,X,A,red,T,X
HTx,8,13252,1,red,T,X,A,red,T,X
HTx,8,13266,1,red,T,X,A,red,T,X
HTx,8,13296,1,red,T,X,A,red,T,X
HTx,8,13318,1,red,T,X,A,red,T,X
HTx,8,13428,1,red,T,X,A,red,T,X
HTx,8,13443,1,red,T,X,A,red,T,X
HTx,8,13457,1,red,T,X,A,red,T,X
HTx,8,13473,1,red,T,X,A,red,T,X
HTx,8,13493,1,red,T,X,A,red,T,X
HTx,8,13511,1,red,T,X,A,red,T,X
HTx,8,13528,1,red,T,X,A,red,T,X
HTx,8,13543,1,red,T,X,A,red,T,X
HTx,8,13560,1,red,T,X,A,red,T,X
HTx,8,13576,1,red,T,X,A,red,T,X
HTx,8,13592,1,red,T,X,A,red,T,X
HTx,8,13609,1,red,T,X,A,red,T,X
HTx,8,13627,1,red,T,X,A,red,T,X
HTx,8,13644,1,red,T,X,A,red,T,X
HTx,8,13662,1,red,T,X,A,red,T,X
HTx,8,13688,1,red,T,X,A,red,T,X
HTx,8,13825,1,red,T,X,A,red,T,X
HTx,8,13839,1,red,T,X,A,red,T,X
HTx,8,13853,1,red,T,X,A,red,T,X
HTx,8,13868,1,red,T,X,A,red,T,X
HTx,8,13883,1,red,T,X,A,red,T,X
HTx,8,13900,1,red,T,X,A,red,T,X
HTx,8,13916,1,red,T,X,A,red,T,X
HTx,8,13932,1,red,T,X,A,red,T,X
HTx,8,13949,1,red,T,X,A,red,T,X
HTx,8,13964,1,red,T,X,A,red,T,X
HTx,8,13980,1,red,T,X,A,red,T,X
HTx,8,13994,1,red,T,X,A,red,T,X
HTx,8,14011,1,red,T,X,A,red,T,X
HTx,8,14026,1,red,T,X,A,red,T,X
HTx,8,14041,1,red,T,X,A,red,T,X
HTx,8,14057,1,red,T,X,A,red,T,X
HTx,8,14073,1,red,T,X,A,red,T,X
HTx,8,14088,1,red,T,X,A,red,T,X
HTx,8,14113,1,red,T,X,A,red,T,X
HTx,8,14155,1,red,T,X,A,red,T,X
HTx,8,14171,1,red,T,X,A,red,T,X
HTx,8,14285,1,red,T,X,A,red,T,X
HTx,8,14316,1,red,T,X,A,red,T,X
HTx,8,14330,1,red,T,X,A,red,T,X
HTx,8,14344,1,red,T,X,A,red,T,X
HTx,8,14358,1,red,T,X,A,red,T,X
HTx,8,14373,1,red,T,X,A,red,T,X
HTx,8,14388,1,red,T,X,A,red,T,X
HTx,8,14403,1,red,T,X,A,red,T,X
HTx,8,14507,1,red,T,X,A,red,T,X
HTx,8,14531,1,red,T,X,A,red,T,X
HTx,8,14583,1,red,T,X,A,red,T,X
HTx,8,14607,1,red,T,X,A,red,T,X
HTx,8,14667,1,red,T,X,A,red,T,X
HTx,8,14682,1,red,T,X,A,red,T,X
HTx,8,14697,1,red,T,X,A,red,T,X
HTx,8,14713,1,red,T,X,A,red,T,X
HTx,8,14730,1,red,T,X,A,red,T,X
HTx,8,14748,1,red,T,X,A,red,T,X
HTx,8,14764,1,red,T,X,A,red,T,X
HTx,8,14782,1,red,T,X,A,red,T,X
HTx,8,14801,1,red,T,X,A,red,T,X
HTx,8,14817,1,red,T,X,A,red,T,X
HTx,8,14836,1,red,T,X,A,red,T,X
HTx,8,14852,1,red,T,X,A,red,T,X
HTx,8,14868,1,red,T,X,A,red,T,X
HTx,8,14884,1,red,T,X,A,red,T,X
HTx,8,14899,1,red,T,X,A,red,T,X
HTx,8,14913,1,red,T,X,A,red,T,X
HTx,8,14940,1,red,T,X,A,red,T,X
HTx,8,14954,1,red,T,X,A,red,T,X
HTx,8,14971,1,red,T,X,A,red,T,X
HTx,8,14988,1,red,T,X,A,red,T,X
HTx,8,15005,1,red,T,X,A,red,T,X
HTx,8,15023,1,red,T,X,A,red,T,X
HTx,8,15038,1,red,T,X,A,red,T,X
HTx,8,15053,1,red,T,X,A,red,T,X
HTx,8,15070,1,red,T,X,A,red,T,X
HTx,8,15087,1,red,T,X,A,red,T,X
HTx,8,15108,1,red,T,X,A,red,T,X
HTx,8,15123,1,red,T,X,A,red,T,X
HTx,8,15311,1,red,T,X,A,red,T,X
HTx,8,15325,1,red,T,X,A,red,T,X
HTx,8,15342,1,red,T,X,A,red,T,X
HTx,8,15354,1,red,T,X,A,red,T,X
HTx,8,15369,1,red,T,X,A,red,T,X
HTx,8,15492,1,red,T,X,A,red,T,X
HTx,8,15591,1,red,T,X,A,red,T,X
HTx,8,15610,1,red,T,X,A,red,T,X
HTx,8,15630,1,red,T,X,A,red,T,X
HTx,8,15643,1,red,T,X,A,red,T,X
HTx,8,15663,1,red,T,X,A,red,T,X
HTx,8,15676,1,red,T,X,A,red,T,X
HTx,8,15691,1,red,T,X,A,red,T,X
HTx,8,15712,1,red,T,X,A,red,T,X
HTx,8,15729,1,red,T,X,A,red,T,X
HTx,8,15889,1,red,T,X,A,red,T,X
HTx,8,15903,1,red,T,X,A,red,T,X
HTx,8,15921,1,red,T,X,A,red,T,X
HTx,8,15970,1,red,T,X,A,red,T,X
HTx,8,15989,1,red,T,X,A,red,T,X
HTx,8,16004,1,red,T,X,A,red,T,X
HTx,8,16029,1,red,T,X,A,red,T,X
HTx,8,16052,1,red,T,X,A,red,T,X
HTx,8,16069,1,red,T,X,A,red,T,X
HTx,8,16119,1,red,T,X,A,red,T,X
HTx,8,16134,1,red,T,X,A,red,T,X
HTx,8,16151,1,red,T,X,A,red,T,X
HTx,8,16169,1,red,T,X,A,red,T,X
HTx,8,16188,1,red,T,X,A,red,T,X
HTx,8,16206,1,red,T,X,A,red,T,X
HTx,8,16226,1,red,T,X,A,red,T,X
HTx,8,16245,1,red,T,X,A,red,T,X
HTx,8,16421,2,red,T,X,A,red,T,X
HTx,8,16452,1,red,T,X,A,red,T,X
HTx,8,16467,1,red,T,X,A,red,T,X
HTx,8,16487,1,red,T,X,A,red,T,X
HTx,8,16504,1,red,T,X,A,red,T,X
HTx,8,16534,1,red,T,X,A,red,T,X
HTx,8,16557,1,red,T,X,A,red,T,X
HTx,8,16571,1,red,T,X,A,red,T,X
HTx,8,16587,1,red,T,X,A,red,T,X
HTx,8,16602,1,red,T,X,A,red,T,X
HTx,8,16617,1,red,T,X,A,red,T,X
HTx,8,16780,1,red,T,X,A,red,T,X
HTx,8,16794,1,red,T,X,A,red,T,X
HTx,8,16808,1,red,T,X,A,red,T,X
HTx,8,16823,1,red,T,X,A,red,T,X
HTx,8,16838,1,red,T,X,A,red,T,X
HTx,8,16851,1,red,T,X,A,red,T,X
HTx,8,16866,1,red,T,X,A,red,T,X
HTx,8,16881,1,red,T,X,A,red,T,X
HTx,8,16937,1,red,T,X,A,red,T,X
HTx,8,16951,1,red,T,X,A,red,T,X
HTx,8,16966,1,red,T,X,A,red,T,X
HTx,8,16980,1,red,T,X,A,red,T,X
HTx,8,16995,1,red,T,X,A,red,T,X
HTx,8,17010,1,red,T,X,A,red,T,X
HTx,8,17026,1,red,T,X,A,red,T,X
HTx,8,17041,1,red,T,X,A,red,T,X
HTx,8,17058,1,red,T,X,A,red,T,X
HTx,8,17074,1,red,T,X,A,red,T,X
HTx,8,17090,1,red,T,X,A,red,T,X
HTx,8,17104,1,red,T,X,A,red,T,X
HTx,8,17119,1,red,T,X,A,red,T,X
HTx,8,17135,1,red,T,X,A,red,T,X
HTx,8,17150,1,red,T,X,A,red,T,X
HTx,8,17165,1,red,T,X,A,red,T,X
HTx,8,17383,1,red,T,X,A,red,T,X
HTx,8,17398,1,red,T,X,A,red,T,X
HTx,8,17411,1,red,T,X,A,red,T,X
HTx,8,17426,1,red,T,X,A,red,T,X
HTx,8,17440,1,red,T,X,A,red,T,X
HTx,8,17454,1,red,T,X,A,red,T,X
HTx,8,17471,1,red,T,X,A,red,T,X
HTx,8,17484,1,red,T,X,A,red,T,X
HTx,8,17498,1,red,T,X,A,red,T,X
HTx,8,17649,1,red,T,X,A,red,T,X
HTx,8,17666,1,red,T,X,A,red,T,X
HTx,8,17680,1,red,T,X,A,red,T,X
HTx,8,17694,1,red,T,X,A,red,T,X
HTx,8,17736,1,red,T,X,A,red,T,X
HTx,8,17815,1,red,T,X,A,red,T,X
HTx,8,17852,1,red,T,X,A,red,T,X
HTx,8,17861,1,red,T,X,A,red,T,X
HTx,8,17902,1,red,T,X,A,red,T,X
HTx,8,17948,1,red,T,X,A,red,T,X
HTx,8,17965,1,red,T,X,A,red,T,X
HTx,8,17981,1,red,T,X,A,red,T,X
HTx,8,17997,1,red,T,X,A,red,T,X
HTx,8,18016,1,red,T,X,A,red,T,X
HTx,8,18035,1,red,T,X,A,red,T,X
HTx,8,18052,1,red,T,X,A,red,T,X
HTx,8,18069,1,red,T,X,A,red,T,X
HTx,8,18087,1,red,T,X,A,red,T,X
HTx,8,18104,1,red,T,X,A,red,T,X
HTx,8,18120,1,red,T,X,A,red,T,X
HTx,8,18136,1,red,T,X,A,red,T,X
HTx,8,18152,1,red,T,X,A,red,T,X
HTx,8,18177,1,red,T,X,A,red,T,X
HTx,8,18193,1,red,T,X,A,red,T,X
HTx,8,18212,1,red,T,X,A,red,T,X
HTx,8,18230,1,red,T,X,A,red,T,X
HTx,8,18248,1,red,T,X,A,red,T,X
HTx,8,18266,1,red,T,X,A,red,T,X
HTx,8,18284,1,red,T,X,A,red,T,X
HTx,8,18300,1,red,T,X,A,red,T,X
HTx,8,18318,1,red,T,X,A,red,T,X
HTx,8,18337,1,red,T,X,A,red,T,X
HTx,8,18741,1,red,T,X,A,red,T,X
HTx,8,18754,1,red,T,X,A,red,T,X
HTx,8,18767,1,red,T,X,A,red,T,X
HTx,8,18780,1,red,T,X,A,red,T,X
HTx,8,18794,1,red,T,X,A,red,T,X
HTx,8,18807,1,red,T,X,A,red,T,X
HTx,8,18820,1,red,T,X,A,red,T,X
HTx,8,18834,1,red,T,X,A,red,T,X
HTx,8,18846,1,red,T,X,A,red,T,X
HTx,8,18860,1,red,T,X,A,red,T,X
HTx,8,18873,1,red,T,X,A,red,T,X
HTx,8,18886,1,red,T,X,A,red,T,X
HTx,8,18900,1,red,T,X,A,red,T,X
HTx,8,18914,1,red,T,X,A,red,T,X
HTx,8,18927,1,red,T,X,A,red,T,X
HTx,8,18942,1,red,T,X,A,red,T,X
HTx,8,18955,1,red,T,X,A,red,T,X
HTx,8,18968,1,red,T,X,A,red,T,X
HTx,8,18981,1,red,T,X,A,red,T,X
HTx,8,18996,1,red,T,X,A,red,T,X
HTx,8,19015,1,red,T,X,A,red,T,X
HTx,8,19029,1,red,T,X,A,red,T,X
HTx,8,19043,1,red,T,X,A,red,T,X
HTx,8,19061,1,red,T,X,A,red,T,X
HTx,8,19071,1,red,T,X,A,red,T,X
HTx,8,19086,1,red,T,X,A,red,T,X
HTx,8,19099,1,red,T,X,A,red,T,X
HTx,8,19112,1,red,T,X,A,red,T,X
HTx,8,19126,1,red,T,X,A,red,T,X
HTx,8,19321,1,red,T,X,A,red,T,X
HTx,8,19393,1,red,T,X,A,red,T,X
HTx,8,19407,1,red,T,X,A,red,T,X
HTx,8,19421,1,red,T,X,A,red,T,X
HTx,8,19438,1,red,T,X,A,red,T,X
HTx,8,19457,1,red,T,X,A,red,T,X
HTx,8,19471,1,red,T,X,A,red,T,X
HTx,8,19488,1,red,T,X,A,red,T,X
HTx,8,19502,1,red,T,X,A,red,T,X
HTx,8,19516,1,red,T,X,A,red,T,X
HTx,8,19533,1,red,T,X,A,red,T,X
HTx,8,19547,1,red,T,X,A,red,T,X
HTx,8,19562,1,red,T,X,A,red,T,X
HTx,8,19577,1,red,T,X,A,red,T,X
HTx,8,19592,1,red,T,X,A,red,T,X
HTx,8,19607,1,red,T,X,A,red,T,X
HTx,8,19621,1,red,T,X,A,red,T,X
HTx,8,19635,1,red,T,X,A,red,T,X
HTx,8,19648,1,red,T,X,A,red,T,X
HTx,8,19663,1,red,T,X,A,red,T,X
HTx,8,19678,1,red,T,X,A,red,T,X
HTx,8,19693,1,red,T,X,A,red,T,X
HTx,8,19707,1,red,T,X,A,red,T,X
HTx,8,19769,1,red,T,X,A,red,T,X
HTx,8,19787,1,red,T,X,A,red,T,X
HTx,8,19800,1,red,T,X,A,red,T,X
HTx,8,19816,1,red,T,X,A,red,T,X
HTx,8,19831,1,red,T,X,A,red,T,X
HTx,8,19847,1,red,T,X,A,red,T,X
HTx,8,19861,1,red,T,X,A,red,T,X
HTx,8,19878,1,red,T,X,A,red,T,X
HTx,8,19894,1,red,T,X,A,red,T,X
HTx,8,19908,1,red,T,X,A,red,T,X
HTx,8,20840,1,red,T,X,A,red,T,X
HTx,8,20853,1,red,T,X,A,red,T,X
HTx,8,20867,1,red,T,X,A,red,T,X
HTx,8,21159,1,red,T,X,A,red,T,X
HTx,8,21175,1,red,T,X,A,red,T,X
HTx,8,21267,1,red,T,X,A,red,T,X
HTx,8,21283,1,red,T,X,A,red,T,X
HTx,8,21303,1,red,T,X,A,red,T,X
HTx,8,21324,1,red,T,X,A,red,T,X
HTx,8,21414,1,red,T,X,A,red,T,X
HTx,8,21452,1,red,T,X,A,red,T,X
HTx,8,21480,1,red,T,X,A,red,T,X
HTx,8,21509,1,red,T,X,A,red,T,X
HTx,8,21551,1,red,T,X,A,red,T,X
HTx,8,21578,1,red,T,X,A,red,T,X
HTx,8,21610,1,red,T,X,A,red,T,X
HTx,8,21632,1,red,T,X,A,red,T,X
HTx,8,21650,1,red,T,X,A,red,T,X
HTx,8,21715,1,red,T,X,A,red,T,X
HTx,8,21729,1,red,T,X,A,red,T,X
HTx,8,21747,1,red,T,X,A,red,T,X
HTx,8,21762,1,red,T,X,A,red,T,X
HTx,8,21780,1,red,T,X,A,red,T,X
HTx,8,21903,1,red,T,X,A,red,T,X
HTx,8,21927,1,red,T,X,A,red,T,X
HTx,8,21940,1,red,T,X,A,red,T,X
HTx,8,21965,1,red,T,X,A,red,T,X
HTx,8,21977,1,red,T,X,A,red,T,X
HTx,8,21992,1,red,T,X,A,red,T,X
HTx,8,22019,1,red,T,X,A,red,T,X
HTx,8,22032,1,red,T,X,A,red,T,X
HTx,8,22046,1,red,T,X,A,red,T,X
HTx,8,22064,1,red,T,X,A,red,T,X
HTx,8,22079,1,red,T,X,A,red,T,X
HTx,8,22096,1,red,T,X,A,red,T,X
HTx,8,22110,1,red,T,X,A,red,T,X
HTx,8,22127,1,red,T,X,A,red,T,X
HTx,8,22143,1,red,T,X,A,red,T,X
HTx,8,22160,1,red,T,X,A,red,T,X
HTx,8,22175,1,red,T,X,A,red,T,X
HTx,8,22279,1,red,T,X,A,red,T,X
HTx,8,22307,1,red,T,X,A,red,T,X
HTx,8,22338,1,red,T,X,A,red,T,X
HTx,8,22381,1,red,T,X,A,red,T,X
HTx,8,22443,1,red,T,X,A,red,T,X
HTx,8,22552,1,red,T,X,A,red,T,X
HTx,8,22609,1,red,T,X,A,red,T,X
HTx,8,22623,1,red,T,X,A,red,T,X
HTx,8,22637,1,red,T,X,A,red,T,X
HTx,8,22669,1,red,T,X,A,red,T,X
HTx,8,22682,1,red,T,X,A,red,T,X
HTx,8,22698,1,red,T,X,A,red,T,X
HTx,8,22723,1,red,T,X,A,red,T,X
HTx,8,22739,1,red,T,X,A,red,T,X
HTx,8,22764,1,red,T,X,A,red,T,X
HTx,8,22782,1,red,T,X,A,red,T,X
HTx,8,22807,1,red,T,X,A,red,T,X
HTx,8,22824,1,red,T,X,A,red,T,X
HTx,8,22842,1,red,T,X,A,red,T,X
HTx,8,22862,1,red,T,X,A,red,T,X
HTx,8,22879,1,red,T,X,A,red,T,X
HTx,8,22895,1,red,T,X,A,red,T,X
HTx,8,22913,1,red,T,X,A,red,T,X
HTx,8,22938,1,red,T,X,A,red,T,X
HTx,8,22965,1,red,T,X,A,red,T,X
HTx,8,22987,1,red,T,X,A,red,T,X
HTx,8,23123,1,red,T,X,A,red,T,X
HTx,8,23138,1,red,T,X,A,red,T,X
HTx,8,23152,1,red,T,X,A,red,T,X
HTx,8,23167,1,red,T,X,A,red,T,X
HTx,8,23184,1,red,T,X,A,red,T,X
HTx,8,23198,1,red,T,X,A,red,T,X
HTx,8,23214,1,red,T,X,A,red,T,X
HTx,8,23232,1,red,T,X,A,red,T,X
HTx,8,23249,1,red,T,X,A,red,T,X
HTx,8,23268,1,red,T,X,A,red,T,X
HTx,8,23285,1,red,T,X,A,red,T,X
HTx,8,23303,1,red,T,X,A,red,T,X
HTx,8,23693,1,red,T,X,A,red,T,X
HTx,8,23705,1,red,T,X,A,red,T,X
HTx,8,23720,1,red,T,X,A,red,T,X
HTx,8,23733,1,red,T,X,A,red,T,X
HTx,8,23747,1,red,T,X,A,red,T,X
HTx,8,23997,1,red,T,X,A,red,T,X
HTx,8,24009,1,red,T,X,A,red,T,X
HTx,8,24025,1,red,T,X,A,red,T,X
HTx,8,24039,1,red,T,X,A,red,T,X
HTx,8,24054,1,red,T,X,A,red,T,X
HTx,8,24070,1,red,T,X,A,red,T,X
HTx,8,24104,1,red,T,X,A,red,T,X
HTx,8,24115,1,red,T,X,A,red,T,X
HTx,8,24131,1,red,T,X,A,red,T,X
HTx,8,24146,1,red,T,X,A,red,T,X
HTx,8,24160,1,red,T,X,A,red,T,X
HTx,8,24175,1,red,T,X,A,red,T,X
HTx,8,24189,1,red,T,X,A,red,T,X
HTx,8,24206,1,red,T,X,A,red,T,X
HTx,8,24520,1,red,T,X,A,red,T,X
HTx,8,24531,1,red,T,X,A,red,T,X
HTx,8,24543,1,red,T,X,A,red,T,X
HTx,8,24556,1,red,T,X,A,red,T,X
HTx,8,24853,1,red,T,X,A,red,T,X
HTx,8,24867,1,red,T,X,A,red,T,X
HTx,8,24893,1,red,T,X,A,red,T,X
HTx,8,24910,1,red,T,X,A,red,T,X
HTx,8,24968,1,red,T,X,A,red,T,X
HTx,8,25025,1,red,T,X,A,red,T,X
HTx,8,25045,1,red,T,X,A,red,T,X
HTx,8,25161,1,red,T,X,A,red,T,X
HTx,8,25175,1,red,T,X,A,red,T,X
HTx,8,25199,1,red,T,X,A,red,T,X
HTx,8,25330,1,red,T,X,A,red,T,X
HTx,8,25349,1,red,T,X,A,red,T,X
HTx,8,25388,1,red,T,X,A,red,T,X
HTx,8,25410,1,red,T,X,A,red,T,X
HTx,8,25430,1,red,T,X,A,red,T,X
HTx,8,25457,1,red,T,X,A,red,T,X
HTx,8,25478,1,red,T,X,A,red,T,X
HTx,8,25497,1,red,T,X,A,red,T,X
HTx,8,25515,1,red,T,X,A,red,T,X
HTx,8,25534,1,red,T,X,A,red,T,X
HTx,8,25555,1,red,T,X,A,red,T,X
HTx,8,25573,1,red,T,X,A,red,T,X
HTx,8,25592,1,red,T,X,A,red,T,X
HTx,8,25614,1,red,T,X,A,red,T,X
HTx,8,25631,1,red,T,X,A,red,T,X
HTx,8,25651,1,red,T,X,A,red,T,X
HTx,8,25685,1,red,T,X,A,red,T,X
HTx,8,25704,1,red,T,X,A,red,T,X
HTx,8,25720,1,red,T,X,A,red,T,X
HTx,8,25739,1,red,T,X,A,red,T,X
HTx,8,25757,1,red,T,X,A,red,T,X
HTx,8,25774,1,red,T,X,A,red,T,X
HTx,8,25793,1,red,T,X,A,red,T,X
HTx,8,25818,1,red,T,X,A,red,T,X
HTx,8,25835,1,red,T,X,A,red,T,X
HTx,8,25861,1,red,T,X,A,red,T,X
HTx,8,25875,1,red,T,X,A,red,T,X
HTx,8,25908,1,red,T,X,A,red,T,X
HTx,8,25921,1,red,T,X,A,red,T,X
HTx,8,25936,1,red,T,X,A,red,T,X
HTx,8,25954,1,red,T,X,A,red,T,X
HTx,8,25999,1,red,T,X,A,red,T,X
HTx,8,26014,1,red,T,X,A,red,T,X
HTx,8,26030,1,red,T,X,A,red,T,X
HTx,8,26047,1,red,T,X,A,red,T,X
HTx,8,26065,1,red,T,X,A,red,T,X
HTx,8,26083,1,red,T,X,A,red,T,X
HTx,8,26099,1,red,T,X,A,red,T,X
HTx,8,26118,1,red,T,X,A,red,T,X
HTx,8,26133,1,red,T,X,A,red,T,X
HTx,8,26151,1,red,T,X,A,red,T,X
HTx,8,26170,1,red,T,X,A,red,T,X
HTx,8,26185,1,red,T,X,A,red,T,X
HTx,8,26502,1,red,T,X,A,red,T,X
HTx,8,26515,1,red,T,X,A,red,T,X
HTx,8,26527,1,red,T,X,A,red,T,X
HTx,8,26541,1,red,T,X,A,red,T,X
HTx,8,26555,1,red,T,X,A,red,T,X
HTx,8,26574,1,red,T,X,A,red,T,X
HTx,8,26588,1,red,T,X,A,red,T,X
HTx,8,26941,1,red,T,X,A,red,T,X
HTx,8,26959,1,red,T,X,A,red,T,X
HTx,8,27001,1,red,T,X,A,red,T,X
HTx,8,27054,1,red,T,X,A,red,T,X
HTx,8,27067,1,red,T,X,A,red,T,X
HTx,8,27083,1,red,T,X,A,red,T,X
HTx,8,27137,1,red,T,X,A,red,T,X
HTx,8,27162,1,red,T,X,A,red,T,X
HTx,8,27199,1,red,T,X,A,red,T,X
HTx,8,27260,1,red,T,X,A,red,T,X
HTx,8,27291,1,red,T,X,A,red,T,X
HTx,8,27317,1,red,T,X,A,red,T,X
HTx,8,27339,1,red,T,X,A,red,T,X
HTx,8,27362,1,red,T,X,A,red,T,X
HTx,8,27391,1,red,T,X,A,red,T,X
HTx,8,27416,1,red,T,X,A,red,T,X
HTx,8,27439,1,red,T,X,A,red,T,X
HTx,8,27460,1,red,T,X,A,red,T,X
HTx,8,27481,1,red,T,X,A,red,T,X
HTx,8,27499,1,red,T,X,A,red,T,X
HTx,8,27517,1,red,T,X,A,red,T,X
HTx,8,27534,1,red,T,X,A,red,T,X
HTx,8,27573,1,red,T,X,A,red,T,X
HTx,8,27590,1,red,T,X,A,red,T,X
HTx,8,27606,1,red,T,X,A,red,T,X
HTx,8,27621,1,red,T,X,A,red,T,X
HTx,8,27641,1,red,T,X,A,red,T,X
HTx,8,27659,1,red,T,X,A,red,T,X
HTx,8,27675,1,red,T,X,A,red,T,X
HTx,8,27716,1,red,T,X,A,red,T,X
HTx,8,27931,1,red,T,X,A,red,T,X
HTx,8,27948,1,red,T,X,A,red,T,X
HTx,8,27966,1,red,T,X,A,red,T,X
HTx,8,27989,1,red,T,X,A,red,T,X
HTx,8,28007,1,red,T,X,A,red,T,X
HTx,8,28027,1,red,T,X,A,red,T,X
HTx,8,28046,1,red,T,X,A,red,T,X
HTx,8,28065,1,red,T,X,A,red,T,X
HTx,8,28080,1,red,T,X,A,red,T,X
HTx,8,28096,1,red,T,X,A,red,T,X
HTx,8,28112,1,red,T,X,A,red,T,X
HTx,8,28128,1,red,T,X,A,red,T,X
HTx,8,28144,92,red,T,X,H,red,T,X
HTx,8,28236,1,red,T,X,A,red,T,X
HTx,8,28264,1,red,T,X,A,red,T,X
HTx,8,28407,1,red,T,X,A,red,T,X
HTx,8,28421,1,red,T,X,A,red,T,X
HTx,8,28436,1,red,T,X,A,red,T,X
HTx,8,28453,1,red,T,X,A,red,T,X
HTx,8,28467,1,red,T,X,A,red,T,X
HTx,8,28487,1,red,T,X,A,red,T,X
HTx,8,28504,1,red,T,X,A,red,T,X
HTx,8,45,1,purple,N,X,A,purple,N,X
HTx,8,59,1,purple,N,X,A,purple,N,X
HTx,8,78,1,purple,N,X,A,purple,N,X
HTx,8,96,1,purple,N,X,A,purple,N,X
HTx,8,111,1,purple,N,X,A,purple,N,X
HTx,8,129,1,purple,N,X,A,purple,N,X
HTx,8,146,1,purple,N,X,A,purple,N,X
HTx,8,166,1,purple,N,X,A,purple,N,X
HTx,8,185,1,purple,N,X,A,purple,N,X
HTx,8,201,1,purple,N,X,A,purple,N,X
HTx,8,218,1,purple,N,X,A,purple,N,X
HTx,8,233,1,purple,N,X,A,purple,N,X
HTx,8,246,1,purple,N,X,A,purple,N,X
HTx,8,260,1,purple,N,X,A,purple,N,X
HTx,8,291,1,purple,N,X,A,purple,N,X
HTx,8,308,1,purple,N,X,A,purple,N,X
HTx,8,323,1,purple,N,X,A,purple,N,X
HTx,8,337,1,purple,N,X,A,purple,N,X
HTx,8,352,1,purple,N,X,A,purple,N,X
HTx,8,367,1,purple,N,X,A,purple,N,X
HTx,8,383,1,purple,N,X,A,purple,N,X
HTx,8,398,1,purple,N,X,A,purple,N,X
HTx,8,429,1,purple,N,X,A,purple,N,X
HTx,8,482,1,purple,N,X,A,purple,N,X
HTx,8,495,1,purple,N,X,A,purple,N,X
HTx,8,598,1,purple,N,X,A,purple,N,X
HTx,8,622,1,purple,N,X,A,purple,N,X
HTx,8,653,1,purple,N,X,A,purple,N,X
HTx,8,737,1,purple,N,X,A,purple,N,X
HTx,8,770,1,purple,N,X,A,purple,N,X
HTx,8,941,1,purple,N,X,A,purple,N,X
HTx,8,971,1,purple,N,X,A,purple,N,X
HTx,8,1035,1,purple,N,X,A,purple,N,X
HTx,8,1191,1,purple,N,X,A,purple,N,X
HTx,8,1551,1,purple,N,X,A,purple,N,X
HTx,8,1575,149,purple,N,X,R,purple,N,X
HTx,8,1812,1,purple,N,X,A,purple,N,X
HTx,8,1853,1,purple,N,X,A,purple,N,X
HTx,8,2082,1,purple,N,X,A,purple,N,X
HTx,8,2097,1,purple,N,X,A,purple,N,X
HTx,8,2131,1,purple,N,X,A,purple,N,X
HTx,8,2132,39,purple,N,X,H,purple,N,X
HTx,8,2320,1,purple,N,X,A,purple,N,X
HTx,8,2333,1,purple,N,X,A,purple,N,X
HTx,8,2367,1,purple,N,X,A,purple,N,X
HTx,8,2630,1,purple,N,X,A,purple,N,X
HTx,8,2646,1,purple,N,X,A,purple,N,X
HTx,8,2697,1,purple,N,X,A,purple,N,X
HTx,8,2727,1,purple,N,X,A,purple,N,X
HTx,8,2737,1,purple,N,X,A,purple,N,X
HTx,8,2855,1,purple,N,X,A,purple,N,X
HTx,8,2880,1,purple,N,X,A,purple,N,X
HTx,8,2906,22,purple,N,X,H,purple,N,X
HTx,8,2928,1,purple,N,X,A,purple,N,X
HTx,8,3155,1,purple,N,X,A,purple,N,X
HTx,8,3206,1,purple,N,X,A,purple,N,X
HTx,8,3238,65,purple,N,X,H,purple,N,X
HTx,8,3382,1,purple,N,X,A,purple,N,X
HTx,8,3394,62,purple,N,X,H,purple,N,X
HTx,8,3854,281,purple,N,X,H,purple,N,X
HTx,8,4169,105,purple,N,X,H,purple,N,X
HTx,8,4274,148,purple,N,X,R,purple,N,X
HTx,8,4544,1,purple,N,X,A,purple,N,X
HTx,8,4642,1,purple,N,X,A,purple,N,X
HTx,8,4827,1,purple,N,X,A,purple,N,X
HTx,8,4845,1,purple,N,X,A,purple,N,X
HTx,8,4863,1,purple,N,X,A,purple,N,X
HTx,8,5022,1,purple,N,X,A,purple,N,X
HTx,8,5035,1,purple,N,X,A,purple,N,X
HTx,8,5120,1,purple,N,X,A,purple,N,X
HTx,8,5138,1,purple,N,X,A,purple,N,X
HTx,8,5193,1,purple,N,X,A,purple,N,X
HTx,8,5205,79,purple,N,X,H,purple,N,X
HTx,8,5638,1,purple,N,X,A,purple,N,X
HTx,8,5654,1,purple,N,X,A,purple,N,X
HTx,8,5688,1,purple,N,X,A,purple,N,X
HTx,8,5716,1,purple,N,X,A,purple,N,X
HTx,8,5743,1,purple,N,X,A,purple,N,X
HTx,8,5767,1,purple,N,X,A,purple,N,X
HTx,8,5791,1,purple,N,X,A,purple,N,X
HTx,8,5811,1,purple,N,X,A,purple,N,X
HTx,8,5836,1,purple,N,X,A,purple,N,X
HTx,8,5873,1,purple,N,X,A,purple,N,X
HTx,8,5895,1,purple,N,X,A,purple,N,X
HTx,8,5912,1,purple,N,X,A,purple,N,X
HTx,8,5973,1,purple,N,X,A,purple,N,X
HTx,8,5993,1,purple,N,X,A,purple,N,X
HTx,8,6108,1,purple,N,X,A,purple,N,X
HTx,8,8310,1,purple,N,X,A,purple,N,X
HTx,8,8323,1,purple,N,X,A,purple,N,X
HTx,8,8338,1,purple,N,X,A,purple,N,X
HTx,8,8407,1,purple,N,X,A,purple,N,X
HTx,8,8420,1,purple,N,X,A,purple,N,X
HTx,8,8435,1,purple,N,X,A,purple,N,X
HTx,8,8449,9,purple,N,X,H,purple,N,X
HTx,8,8487,16,purple,N,X,H,purple,N,X
HTx,8,8519,26,purple,N,X,H,purple,N,X
HTx,8,8545,1,purple,N,X,A,purple,N,X
HTx,8,8795,278,purple,N,X,H,purple,N,X
HTx,8,9073,1,purple,N,X,A,purple,N,X
HTx,8,9308,1,purple,N,X,A,purple,N,X
HTx,8,9326,1,purple,N,X,A,purple,N,X
HTx,8,9343,1,purple,N,X,A,purple,N,X
HTx,8,9381,1,purple,N,X,A,purple,N,X
HTx,8,9434,1,purple,N,X,A,purple,N,X
HTx,8,9455,1,purple,N,X,A,purple,N,X
HTx,8,9466,1,purple,N,X,A,purple,N,X
HTx,8,9473,15,purple,N,X,H,purple,N,X
HTx,8,9643,1,purple,N,X,A,purple,N,X
HTx,8,9680,1,purple,N,X,A,purple,N,X
HTx,8,9698,1,purple,N,X,A,purple,N,X
HTx,8,9756,1,purple,N,X,A,purple,N,X
HTx,8,9823,1,purple,N,X,A,purple,N,X
HTx,8,9870,142,purple,N,X,H,purple,N,X
HTx,8,10012,1,purple,N,X,A,purple,N,X
HTx,8,10641,1,purple,N,X,A,purple,N,X
HTx,8,10696,61,purple,N,X,H,purple,N,X
HTx,8,10757,1,purple,N,X,A,purple,N,X
HTx,8,10807,1,purple,N,X,A,purple,N,X
HTx,8,10849,25,purple,N,X,H,purple,N,X
HTx,8,11151,89,purple,N,X,H,purple,N,X
HTx,8,11423,45,purple,N,X,H,purple,N,X
HTx,8,11553,84,purple,N,X,H,purple,N,X
HTx,8,11637,1,purple,N,X,A,purple,N,X
HTx,8,12089,1,purple,N,X,A,purple,N,X
HTx,8,12645,256,purple,N,X,H,purple,N,X
HTx,8,13635,1,purple,N,X,A,purple,N,X
HTx,8,13646,24,purple,N,X,H,purple,N,X
HTx,8,14458,1,purple,N,X,A,purple,N,X
HTx,8,14478,1,purple,N,X,A,purple,N,X
HTx,8,14493,1,purple,N,X,A,purple,N,X
HTx,8,14505,37,purple,N,X,H,purple,N,X
HTx,8,14542,1,purple,N,X,A,purple,N,X
HTx,8,14662,1,purple,N,X,A,purple,N,X
HTx,8,14674,1,purple,N,X,A,purple,N,X
HTx,8,14688,1,purple,N,X,A,purple,N,X
HTx,8,14699,38,purple,N,X,H,purple,N,X
HTx,8,15182,1,purple,N,X,A,purple,N,X
HTx,8,15205,1,purple,N,X,A,purple,N,X
HTx,8,15226,10,purple,N,X,H,purple,N,X
HTx,8,15340,51,purple,N,X,H,purple,N,X
HTx,8,15425,96,purple,N,X,H,purple,N,X
HTx,8,15521,1,purple,N,X,A,purple,N,X
HTx,8,15981,201,purple,N,X,H,purple,N,X
HTx,8,16207,85,purple,N,X,H,purple,N,X
HTx,8,16292,109,purple,N,X,R,purple,N,X
HTx,8,16623,1,purple,N,X,A,purple,N,X
HTx,8,19095,1,purple,N,X,A,purple,N,X
HTx,8,19109,1,purple,N,X,A,purple,N,X
HTx,8,20399,238,purple,N,X,H,purple,N,X
HTx,8,20637,1,purple,N,X,A,purple,N,X
HTx,8,20922,1,purple,N,X,A,purple,N,X
HTx,8,20946,1,purple,N,X,A,purple,N,X
HTx,8,21049,1,purple,N,X,A,purple,N,X
HTx,8,21087,149,purple,N,X,H,purple,N,X
HTx,8,22443,1,purple,N,X,A,purple,N,X
HTx,8,22459,1,purple,N,X,A,purple,N,X
HTx,8,22477,1,purple,N,X,A,purple,N,X
HTx,8,22492,1,purple,N,X,A,purple,N,X
HTx,8,22641,1,purple,N,X,A,purple,N,X
HTx,8,22659,1,purple,N,X,A,purple,N,X
HTx,8,22708,1,purple,N,X,A,purple,N,X
HTx,8,22727,1,purple,N,X,A,purple,N,X
HTx,8,22784,107,purple,N,X,H,purple,N,X
HTx,8,22933,1,purple,N,X,A,purple,N,X
HTx,8,22950,39,purple,N,X,H,purple,N,X
HTx,8,22989,1,purple,N,X,A,purple,N,X
HTx,8,23094,1,purple,N,X,A,purple,N,X
HTx,8,23113,1,purple,N,X,A,purple,N,X
HTx,8,23132,1,purple,N,X,A,purple,N,X
HTx,8,23154,1,purple,N,X,A,purple,N,X
HTx,8,23316,1,purple,N,X,A,purple,N,X
HTx,8,23329,1,purple,N,X,A,purple,N,X
HTx,8,23343,1,purple,N,X,A,purple,N,X
HTx,8,23357,1,purple,N,X,A,purple,N,X
HTx,8,23370,1,purple,N,X,A,purple,N,X
HTx,8,23385,1,purple,N,X,A,purple,N,X
HTx,8,23399,1,purple,N,X,A,purple,N,X
HTx,8,23457,1,purple,N,X,A,purple,N,X
HTx,8,23471,1,purple,N,X,A,purple,N,X
HTx,8,23487,1,purple,N,X,A,purple,N,X
HTx,8,23502,1,purple,N,X,A,purple,N,X
HTx,8,23517,1,purple,N,X,A,purple,N,X
HTx,8,23554,1,purple,N,X,A,purple,N,X
HTx,8,23822,1,purple,N,X,A,purple,N,X
HTx,8,23838,1,purple,N,X,A,purple,N,X
HTx,8,23917,1,purple,N,X,A,purple,N,X
HTx,8,24009,1,purple,N,X,A,purple,N,X
HTx,8,24022,1,purple,N,X,A,purple,N,X
HTx,8,24037,1,purple,N,X,A,purple,N,X
HTx,8,24050,1,purple,N,X,A,purple,N,X
HTx,8,24065,1,purple,N,X,A,purple,N,X
HTx,8,24079,1,purple,N,X,A,purple,N,X
HTx,8,24094,1,purple,N,X,A,purple,N,X
HTx,8,24108,1,purple,N,X,A,purple,N,X
HTx,8,24123,1,purple,N,X,A,purple,N,X
HTx,8,24137,1,purple,N,X,A,purple,N,X
HTx,8,24151,1,purple,N,X,A,purple,N,X
HTx,8,24167,1,purple,N,X,A,purple,N,X
HTx,8,24181,1,purple,N,X,A,purple,N,X
HTx,8,24197,1,purple,N,X,A,purple,N,X
HTx,8,24212,1,purple,N,X,A,purple,N,X
HTx,8,24232,35,purple,N,X,H,purple,N,X
HTx,8,24267,1,purple,N,X,A,purple,N,X
HTx,8,24401,1,purple,N,X,A,purple,N,X
HTx,8,24425,1,purple,N,X,A,purple,N,X
HTx,8,24450,1,purple,N,X,A,purple,N,X
HTx,8,24470,1,purple,N,X,A,purple,N,X
HTx,8,24495,162,purple,N,X,H,purple,N,X
HTx,8,24657,1,purple,N,X,A,purple,N,X
HTx,8,25208,1,purple,N,X,A,purple,N,X
HTx,8,25222,1,purple,N,X,A,purple,N,X
HTx,8,25238,1,purple,N,X,A,purple,N,X
HTx,8,25279,1,purple,N,X,A,purple,N,X
HTx,8,25311,1,purple,N,X,A,purple,N,X
HTx,8,25341,1,purple,N,X,A,purple,N,X
HTx,8,25372,1,purple,N,X,A,purple,N,X
HTx,8,25384,377,purple,N,X,H,purple,N,X
HTx,8,25761,1,purple,N,X,A,purple,N,X
HTx,8,25925,1,purple,N,X,A,purple,N,X
HTx,8,25986,1,purple,N,X,A,purple,N,X
HTx,8,26003,1,purple,N,X,A,purple,N,X
HTx,8,26020,1,purple,N,X,A,purple,N,X
HTx,8,26031,31,purple,N,X,H,purple,N,X
HTx,8,26062,148,purple,N,X,R,purple,N,X
HTx,8,26329,24,purple,N,X,O,purple,N,X
HTx,8,26360,56,purple,N,X,O,purple,N,X
HTx,8,27149,109,purple,N,X,H,purple,N,X
HTx,8,27278,121,purple,N,X,H,purple,N,X
HTx,8,27746,95,purple,N,X,H,purple,N,X
HTx,8,27841,1,purple,N,X,A,purple,N,X
HTx,8,28364,1,purple,N,X,A,purple,N,X
HTx,8,28383,1,purple,N,X,A,purple,N,X
HTx,8,28464,1,purple,N,X,A,purple,N,X
HTx,8,28479,1,purple,N,X,A,purple,N,X
HTx,8,28489,1,purple,N,X,A,purple,N,X
HTx,8,28501,1,purple,N,X,A,purple,N,X
HTx,8,0,1,blue,N,X,A,blue,N,X
HTx,8,48,1,blue,N,X,A,blue,N,X
HTx,8,66,1,blue,N,X,A,blue,N,X
HTx,8,80,1,blue,N,X,A,blue,N,X
HTx,8,97,1,blue,N,X,A,blue,N,X
HTx,8,115,1,blue,N,X,A,blue,N,X
HTx,8,163,1,blue,N,X,A,blue,N,X
HTx,8,183,1,blue,N,X,A,blue,N,X
HTx,8,200,1,blue,N,X,A,blue,N,X
HTx,8,218,1,blue,N,X,A,blue,N,X
HTx,8,233,1,blue,N,X,A,blue,N,X
HTx,8,253,1,blue,N,X,A,blue,N,X
HTx,8,280,1,blue,N,X,A,blue,N,X
HTx,8,313,1,blue,N,X,A,blue,N,X
HTx,8,355,1,blue,N,X,A,blue,N,X
HTx,8,395,1,blue,N,X,A,blue,N,X
HTx,8,409,1,blue,N,X,A,blue,N,X
HTx,8,428,1,blue,N,X,A,blue,N,X
HTx,8,446,1,blue,N,X,A,blue,N,X
HTx,8,465,1,blue,N,X,A,blue,N,X
HTx,8,483,1,blue,N,X,A,blue,N,X
HTx,8,502,1,blue,N,X,A,blue,N,X
HTx,8,521,1,blue,N,X,A,blue,N,X
HTx,8,540,1,blue,N,X,A,blue,N,X
HTx,8,564,1,blue,N,X,A,blue,N,X
HTx,8,620,1,blue,N,X,A,blue,N,X
HTx,8,652,1,blue,N,X,A,blue,N,X
HTx,8,667,1,blue,N,X,A,blue,N,X
HTx,8,690,1,blue,N,X,A,blue,N,X
HTx,8,715,1,blue,N,X,A,blue,N,X
HTx,8,732,1,blue,N,X,A,blue,N,X
HTx,8,750,1,blue,N,X,A,blue,N,X
HTx,8,770,1,blue,N,X,A,blue,N,X
HTx,8,788,1,blue,N,X,A,blue,N,X
HTx,8,992,1,blue,N,X,A,blue,N,X
HTx,8,1015,1,blue,N,X,A,blue,N,X
HTx,8,1041,1,blue,N,X,A,blue,N,X
HTx,8,1071,1,blue,N,X,A,blue,N,X
HTx,8,1083,1,blue,N,X,A,blue,N,X
HTx,8,1099,1,blue,N,X,A,blue,N,X
HTx,8,1111,1,blue,N,X,A,blue,N,X
HTx,8,1153,1,blue,N,X,A,blue,N,X
HTx,8,1188,1,blue,N,X,A,blue,N,X
HTx,8,1217,1,blue,N,X,A,blue,N,X
HTx,8,1308,1,blue,N,X,A,blue,N,X
HTx,8,1326,1,blue,N,X,A,blue,N,X
HTx,8,1352,1,blue,N,X,A,blue,N,X
HTx,8,1379,1,blue,N,X,A,blue,N,X
HTx,8,1652,1,blue,N,X,A,blue,N,X
HTx,8,1665,1,blue,N,X,A,blue,N,X
HTx,8,1731,1,blue,N,X,A,blue,N,X
HTx,8,1768,1,blue,N,X,A,blue,N,X
HTx,8,1813,1,blue,N,X,A,blue,N,X
HTx,8,1858,1,blue,N,X,A,blue,N,X
HTx,8,1923,1,blue,N,X,A,blue,N,X
HTx,8,2210,1,blue,N,X,A,blue,N,X
HTx,8,2259,1,blue,N,X,A,blue,N,X
HTx,8,2277,1,blue,N,X,A,blue,N,X
HTx,8,2298,1,blue,N,X,A,blue,N,X
HTx,8,2526,1,blue,N,X,A,blue,N,X
HTx,8,2559,306,blue,N,X,R,blue,N,X
HTx,8,3162,1,blue,N,X,A,blue,N,X
HTx,8,3178,1,blue,N,X,A,blue,N,X
HTx,8,3211,1,blue,N,X,A,blue,N,X
HTx,8,3250,1,blue,N,X,A,blue,N,X
HTx,8,3286,1,blue,N,X,A,blue,N,X
HTx,8,3361,1,blue,N,X,A,blue,N,X
HTx,8,3661,1,blue,N,X,A,blue,N,X
HTx,8,3673,1,blue,N,X,A,blue,N,X
HTx,8,3694,1,blue,N,X,A,blue,N,X
HTx,8,3724,1,blue,N,X,A,blue,N,X
HTx,8,3745,808,blue,N,X,H,blue,N,X
HTx,8,4575,1,blue,N,X,A,blue,N,X
HTx,8,5900,1,blue,N,X,A,blue,N,X
HTx,8,5915,1,blue,N,X,A,blue,N,X
HTx,8,5931,1,blue,N,X,A,blue,N,X
HTx,8,5932,14,blue,N,X,H,blue,N,X
HTx,8,5946,251,blue,N,X,R,blue,N,X
HTx,8,8418,1,blue,N,X,A,blue,N,X
HTx,8,8449,1,blue,N,X,A,blue,N,X
HTx,8,8590,1,blue,N,X,A,blue,N,X
HTx,8,8644,1,blue,N,X,A,blue,N,X
HTx,8,8671,1,blue,N,X,A,blue,N,X
HTx,8,8684,1,blue,N,X,A,blue,N,X
HTx,8,8714,1,blue,N,X,A,blue,N,X
HTx,8,8894,1,blue,N,X,A,blue,N,X
HTx,8,8922,1,blue,N,X,A,blue,N,X
HTx,8,8958,1,blue,N,X,A,blue,N,X
HTx,8,9003,1,blue,N,X,A,blue,N,X
HTx,8,9048,1,blue,N,X,A,blue,N,X
HTx,8,9089,1,blue,N,X,A,blue,N,X
HTx,8,9122,1,blue,N,X,A,blue,N,X
HTx,8,9181,1,blue,N,X,A,blue,N,X
HTx,8,9194,1,blue,N,X,A,blue,N,X
HTx,8,9228,1,blue,N,X,A,blue,N,X
HTx,8,9256,1,blue,N,X,A,blue,N,X
HTx,8,9303,8,blue,N,X,H,blue,N,X
HTx,8,9311,1,blue,N,X,A,blue,N,X
HTx,8,9376,1,blue,N,X,A,blue,N,X
HTx,8,9431,1,blue,N,X,A,blue,N,X
HTx,8,9479,1,blue,N,X,A,blue,N,X
HTx,8,9519,1,blue,N,X,A,blue,N,X
HTx,8,9536,38,blue,N,X,H,blue,N,X
HTx,8,9574,1,blue,N,X,A,blue,N,X
HTx,8,9707,1,blue,N,X,A,blue,N,X
HTx,8,9724,1,blue,N,X,A,blue,N,X
HTx,8,9742,1,blue,N,X,A,blue,N,X
HTx,8,9892,1,blue,N,X,A,blue,N,X
HTx,8,9914,1,blue,N,X,A,blue,N,X
HTx,8,9935,1,blue,N,X,A,blue,N,X
HTx,8,9944,131,blue,N,X,H,blue,N,X
HTx,8,10075,1,blue,N,X,A,blue,N,X
HTx,8,11050,1,blue,N,X,A,blue,N,X
HTx,8,11072,1,blue,N,X,A,blue,N,X
HTx,8,11084,1,blue,N,X,A,blue,N,X
HTx,8,11171,1,blue,N,X,A,blue,N,X
HTx,8,11293,1,blue,N,X,A,blue,N,X
HTx,8,11306,1,blue,N,X,A,blue,N,X
HTx,8,11325,1,blue,N,X,A,blue,N,X
HTx,8,11447,1,blue,N,X,A,blue,N,X
HTx,8,11461,1,blue,N,X,A,blue,N,X
HTx,8,11495,1,blue,N,X,A,blue,N,X
HTx,8,11540,1,blue,N,X,A,blue,N,X
HTx,8,11557,1,blue,N,X,A,blue,N,X
HTx,8,11578,1,blue,N,X,A,blue,N,X
HTx,8,11596,1,blue,N,X,A,blue,N,X
HTx,8,12170,1,blue,N,X,A,blue,N,X
HTx,8,12187,1,blue,N,X,A,blue,N,X
HTx,8,12202,1,blue,N,X,A,blue,N,X
HTx,8,12219,1,blue,N,X,A,blue,N,X
HTx,8,12239,1,blue,N,X,A,blue,N,X
HTx,8,12254,1,blue,N,X,A,blue,N,X
HTx,8,12269,1,blue,N,X,A,blue,N,X
HTx,8,12284,1,blue,N,X,A,blue,N,X
HTx,8,12298,1,blue,N,X,A,blue,N,X
HTx,8,12312,1,blue,N,X,A,blue,N,X
HTx,8,12327,1,blue,N,X,A,blue,N,X
HTx,8,12342,1,blue,N,X,A,blue,N,X
HTx,8,12355,1,blue,N,X,A,blue,N,X
HTx,8,12369,1,blue,N,X,A,blue,N,X
HTx,8,12383,1,blue,N,X,A,blue,N,X
HTx,8,12398,1,blue,N,X,A,blue,N,X
HTx,8,12414,1,blue,N,X,A,blue,N,X
HTx,8,12430,1,blue,N,X,A,blue,N,X
HTx,8,12468,1,blue,N,X,A,blue,N,X
HTx,8,12483,1,blue,N,X,A,blue,N,X
HTx,8,12500,1,blue,N,X,A,blue,N,X
HTx,8,12519,2,blue,N,X,H,blue,N,X
HTx,8,12521,1,blue,N,X,A,blue,N,X
HTx,8,12585,1,blue,N,X,A,blue,N,X
HTx,8,12609,1,blue,N,X,A,blue,N,X
HTx,8,12632,1,blue,N,X,A,blue,N,X
HTx,8,12665,1,blue,N,X,A,blue,N,X
HTx,8,12739,1,blue,N,X,A,blue,N,X
HTx,8,12753,1,blue,N,X,A,blue,N,X
HTx,8,12771,1,blue,N,X,A,blue,N,X
HTx,8,12786,1,blue,N,X,A,blue,N,X
HTx,8,12805,1,blue,N,X,A,blue,N,X
HTx,8,12821,1,blue,N,X,A,blue,N,X
HTx,8,12837,1,blue,N,X,A,blue,N,X
HTx,8,12853,1,blue,N,X,A,blue,N,X
HTx,8,12869,1,blue,N,X,A,blue,N,X
HTx,8,12885,1,blue,N,X,A,blue,N,X
HTx,8,12903,1,blue,N,X,A,blue,N,X
HTx,8,12919,1,blue,N,X,A,blue,N,X
HTx,8,12936,1,blue,N,X,A,blue,N,X
HTx,8,12952,1,blue,N,X,A,blue,N,X
HTx,8,12973,1,blue,N,X,A,blue,N,X
HTx,8,12989,1,blue,N,X,A,blue,N,X
HTx,8,13007,1,blue,N,X,A,blue,N,X
HTx,8,13024,1,blue,N,X,A,blue,N,X
HTx,8,13144,1,blue,N,X,A,blue,N,X
HTx,8,13159,1,blue,N,X,A,blue,N,X
HTx,8,13175,1,blue,N,X,A,blue,N,X
HTx,8,13192,1,blue,N,X,A,blue,N,X
HTx,8,13210,1,blue,N,X,A,blue,N,X
HTx,8,13227,1,blue,N,X,A,blue,N,X
HTx,8,13242,1,blue,N,X,A,blue,N,X
HTx,8,13257,1,blue,N,X,A,blue,N,X
HTx,8,13272,143,blue,N,X,H,blue,N,X
HTx,8,13415,1,blue,N,X,A,blue,N,X
HTx,8,13465,1,blue,N,X,A,blue,N,X
HTx,8,13466,84,blue,N,X,H,blue,N,X
HTx,8,13550,260,blue,N,X,R,blue,N,X
HTx,8,13925,1,blue,N,X,A,blue,N,X
HTx,8,13939,1,blue,N,X,A,blue,N,X
HTx,8,13976,1,blue,N,X,A,blue,N,X
HTx,8,14000,1,blue,N,X,A,blue,N,X
HTx,8,14119,1,blue,N,X,A,blue,N,X
HTx,8,14594,1,blue,N,X,A,blue,N,X
HTx,8,14625,1,blue,N,X,A,blue,N,X
HTx,8,14706,1,blue,N,X,A,blue,N,X
HTx,8,15279,1,blue,N,X,A,blue,N,X
HTx,8,15293,1,blue,N,X,A,blue,N,X
HTx,8,15308,1,blue,N,X,A,blue,N,X
HTx,8,15360,1,blue,N,X,A,blue,N,X
HTx,8,15374,1,blue,N,X,A,blue,N,X
HTx,8,15422,1,blue,N,X,A,blue,N,X
HTx,8,15455,1,blue,N,X,A,blue,N,X
HTx,8,15476,1,blue,N,X,A,blue,N,X
HTx,8,15502,1,blue,N,X,A,blue,N,X
HTx,8,15515,1,blue,N,X,A,blue,N,X
HTx,8,15528,1,blue,N,X,A,blue,N,X
HTx,8,15544,1,blue,N,X,A,blue,N,X
HTx,8,15554,34,blue,N,X,H,blue,N,X
HTx,8,15588,1,blue,N,X,A,blue,N,X
HTx,8,15705,1,blue,N,X,A,blue,N,X
HTx,8,15718,1,blue,N,X,A,blue,N,X
HTx,8,15727,18,blue,N,X,H,blue,N,X
HTx,8,15745,1,blue,N,X,A,blue,N,X
HTx,8,15746,59,blue,N,X,H,blue,N,X
HTx,8,16156,1,blue,N,X,A,blue,N,X
HTx,8,16313,1,blue,N,X,A,blue,N,X
HTx,8,16347,1,blue,N,X,A,blue,N,X
HTx,8,16360,1,blue,N,X,A,blue,N,X
HTx,8,16382,1,blue,N,X,A,blue,N,X
HTx,8,16416,1,blue,N,X,A,blue,N,X
HTx,8,16437,1,blue,N,X,A,blue,N,X
HTx,8,16450,1,blue,N,X,A,blue,N,X
HTx,8,16465,1,blue,N,X,A,blue,N,X
HTx,8,16479,1,blue,N,X,A,blue,N,X
HTx,8,16499,1,blue,N,X,A,blue,N,X
HTx,8,16523,1,blue,N,X,A,blue,N,X
HTx,8,16536,1,blue,N,X,A,blue,N,X
HTx,8,16550,1,blue,N,X,A,blue,N,X
HTx,8,16564,1,blue,N,X,A,blue,N,X
HTx,8,16594,1,blue,N,X,A,blue,N,X
HTx,8,16607,1,blue,N,X,A,blue,N,X
HTx,8,16622,1,blue,N,X,A,blue,N,X
HTx,8,16637,1,blue,N,X,A,blue,N,X
HTx,8,16655,1,blue,N,X,A,blue,N,X
HTx,8,18673,1,blue,N,X,A,blue,N,X
HTx,8,18689,1,blue,N,X,A,blue,N,X
HTx,8,18707,1,blue,N,X,A,blue,N,X
HTx,8,18724,1,blue,N,X,A,blue,N,X
HTx,8,18767,1,blue,N,X,A,blue,N,X
HTx,8,19186,1,blue,N,X,A,blue,N,X
HTx,8,19206,1,blue,N,X,A,blue,N,X
HTx,8,19224,1,blue,N,X,A,blue,N,X
HTx,8,19239,1,blue,N,X,A,blue,N,X
HTx,8,19258,1,blue,N,X,A,blue,N,X
HTx,8,19275,1,blue,N,X,A,blue,N,X
HTx,8,19414,1,blue,N,X,A,blue,N,X
HTx,8,19429,1,blue,N,X,A,blue,N,X
HTx,8,19445,1,blue,N,X,A,blue,N,X
HTx,8,19464,1,blue,N,X,A,blue,N,X
HTx,8,19482,44,blue,N,X,H,blue,N,X
HTx,8,19526,1,blue,N,X,A,blue,N,X
HTx,8,19560,1,blue,N,X,A,blue,N,X
HTx,8,19597,1,blue,N,X,A,blue,N,X
HTx,8,19655,1,blue,N,X,A,blue,N,X
HTx,8,19793,1,blue,N,X,A,blue,N,X
HTx,8,19805,1,blue,N,X,A,blue,N,X
HTx,8,19817,1,blue,N,X,A,blue,N,X
HTx,8,19829,1,blue,N,X,A,blue,N,X
HTx,8,19843,1,blue,N,X,A,blue,N,X
HTx,8,19896,1,blue,N,X,A,blue,N,X
HTx,8,19908,1,blue,N,X,A,blue,N,X
HTx,8,19921,1,blue,N,X,A,blue,N,X
HTx,8,19935,1,blue,N,X,A,blue,N,X
HTx,8,19949,1,blue,N,X,A,blue,N,X
HTx,8,19964,1,blue,N,X,A,blue,N,X
HTx,8,19983,47,blue,N,X,H,blue,N,X
HTx,8,20058,1,blue,N,X,A,blue,N,X
HTx,8,20810,1,blue,N,X,A,blue,N,X
HTx,8,20914,1,blue,N,X,A,blue,N,X
HTx,8,20931,1,blue,N,X,A,blue,N,X
HTx,8,20949,1,blue,N,X,A,blue,N,X
HTx,8,20972,1,blue,N,X,A,blue,N,X
HTx,8,21008,1,blue,N,X,A,blue,N,X
HTx,8,21037,1,blue,N,X,A,blue,N,X
HTx,8,21094,1,blue,N,X,A,blue,N,X
HTx,8,21108,1,blue,N,X,A,blue,N,X
HTx,8,21346,1,blue,N,X,A,blue,N,X
HTx,8,21360,1,blue,N,X,A,blue,N,X
HTx,8,21374,1,blue,N,X,A,blue,N,X
HTx,8,21388,1,blue,N,X,A,blue,N,X
HTx,8,21403,1,blue,N,X,A,blue,N,X
HTx,8,21417,1,blue,N,X,A,blue,N,X
HTx,8,21430,1,blue,N,X,A,blue,N,X
HTx,8,21444,1,blue,N,X,A,blue,N,X
HTx,8,21457,1,blue,N,X,A,blue,N,X
HTx,8,21472,1,blue,N,X,A,blue,N,X
HTx,8,21487,1,blue,N,X,A,blue,N,X
HTx,8,21501,1,blue,N,X,A,blue,N,X
HTx,8,21517,1,blue,N,X,A,blue,N,X
HTx,8,21530,1,blue,N,X,A,blue,N,X
HTx,8,21546,1,blue,N,X,A,blue,N,X
HTx,8,21560,1,blue,N,X,A,blue,N,X
HTx,8,21576,1,blue,N,X,A,blue,N,X
HTx,8,21591,1,blue,N,X,A,blue,N,X
HTx,8,21605,1,blue,N,X,A,blue,N,X
HTx,8,21622,1,blue,N,X,A,blue,N,X
HTx,8,21636,1,blue,N,X,A,blue,N,X
HTx,8,21679,1,blue,N,X,A,blue,N,X
HTx,8,21702,1,blue,N,X,A,blue,N,X
HTx,8,21733,1,blue,N,X,A,blue,N,X
HTx,8,21787,1,blue,N,X,A,blue,N,X
HTx,8,21806,1,blue,N,X,A,blue,N,X
HTx,8,21827,1,blue,N,X,A,blue,N,X
HTx,8,21851,1,blue,N,X,A,blue,N,X
HTx,8,21864,253,blue,N,X,H,blue,N,X
HTx,8,22144,1,blue,N,X,A,blue,N,X
HTx,8,22179,1,blue,N,X,A,blue,N,X
HTx,8,22261,1,blue,N,X,A,blue,N,X
HTx,8,22481,1,blue,N,X,A,blue,N,X
HTx,8,22507,1,blue,N,X,A,blue,N,X
HTx,8,22554,1,blue,N,X,A,blue,N,X
HTx,8,22597,1,blue,N,X,A,blue,N,X
HTx,8,22610,1,blue,N,X,A,blue,N,X
HTx,8,22626,1,blue,N,X,A,blue,N,X
HTx,8,22647,1,blue,N,X,A,blue,N,X
HTx,8,22663,1,blue,N,X,A,blue,N,X
HTx,8,22767,1,blue,N,X,A,blue,N,X
HTx,8,22784,1,blue,N,X,A,blue,N,X
HTx,8,22799,1,blue,N,X,A,blue,N,X
HTx,8,22816,1,blue,N,X,A,blue,N,X
HTx,8,22861,1,blue,N,X,A,blue,N,X
HTx,8,22875,1,blue,N,X,A,blue,N,X
HTx,8,22890,1,blue,N,X,A,blue,N,X
HTx,8,22907,1,blue,N,X,A,blue,N,X
HTx,8,22923,1,blue,N,X,A,blue,N,X
HTx,8,22939,1,blue,N,X,A,blue,N,X
HTx,8,22957,1,blue,N,X,A,blue,N,X
HTx,8,22974,1,blue,N,X,A,blue,N,X
HTx,8,22993,1,blue,N,X,A,blue,N,X
HTx,8,23019,1,blue,N,X,A,blue,N,X
HTx,8,23039,1,blue,N,X,A,blue,N,X
HTx,8,23067,1,blue,N,X,A,blue,N,X
HTx,8,23084,1,blue,N,X,A,blue,N,X
HTx,8,23104,154,blue,N,X,H,blue,N,X
HTx,8,23303,1,blue,N,X,A,blue,N,X
HTx,8,23365,1,blue,N,X,A,blue,N,X
HTx,8,23407,1,blue,N,X,A,blue,N,X
HTx,8,23697,1,blue,N,X,A,blue,N,X
HTx,8,23787,1,blue,N,X,A,blue,N,X
HTx,8,23801,1,blue,N,X,A,blue,N,X
HTx,8,23817,1,blue,N,X,A,blue,N,X
HTx,8,23833,1,blue,N,X,A,blue,N,X
HTx,8,23848,1,blue,N,X,A,blue,N,X
HTx,8,23866,1,blue,N,X,A,blue,N,X
HTx,8,23903,1,blue,N,X,A,blue,N,X
HTx,8,23936,1,blue,N,X,A,blue,N,X
HTx,8,23964,1,blue,N,X,A,blue,N,X
HTx,8,23977,1,blue,N,X,A,blue,N,X
HTx,8,23996,1,blue,N,X,A,blue,N,X
HTx,8,24012,1,blue,N,X,A,blue,N,X
HTx,8,24028,1,blue,N,X,A,blue,N,X
HTx,8,24044,1,blue,N,X,A,blue,N,X
HTx,8,24075,1,blue,N,X,A,blue,N,X
HTx,8,24091,1,blue,N,X,A,blue,N,X
HTx,8,24109,1,blue,N,X,A,blue,N,X
HTx,8,24131,1,blue,N,X,A,blue,N,X
HTx,8,24147,1,blue,N,X,A,blue,N,X
HTx,8,24164,1,blue,N,X,A,blue,N,X
HTx,8,24196,1,blue,N,X,A,blue,N,X
HTx,8,24440,1,blue,N,X,A,blue,N,X
HTx,8,24456,1,blue,N,X,A,blue,N,X
HTx,8,24481,1,blue,N,X,A,blue,N,X
HTx,8,24525,36,blue,N,X,H,blue,N,X
HTx,8,24561,1,blue,N,X,A,blue,N,X
HTx,8,24615,1,blue,N,X,A,blue,N,X
HTx,8,24673,1,blue,N,X,A,blue,N,X
HTx,8,24828,1,blue,N,X,A,blue,N,X
HTx,8,25245,1,blue,N,X,A,blue,N,X
HTx,8,25275,1,blue,N,X,A,blue,N,X
HTx,8,25289,1,blue,N,X,A,blue,N,X
HTx,8,25305,1,blue,N,X,A,blue,N,X
HTx,8,25356,1,blue,N,X,A,blue,N,X
HTx,8,25377,1,blue,N,X,A,blue,N,X
HTx,8,25395,1,blue,N,X,A,blue,N,X
HTx,8,25412,22,blue,N,X,H,blue,N,X
HTx,8,25450,328,blue,N,X,H,blue,N,X
HTx,8,25778,332,blue,N,X,R,blue,N,X
HTx,8,26174,1,blue,N,X,A,blue,N,X
HTx,8,26186,1,blue,N,X,A,blue,N,X
HTx,8,26200,47,blue,N,X,H,blue,N,X
HTx,8,27226,1,blue,N,X,A,blue,N,X
HTx,8,27240,1,blue,N,X,A,blue,N,X
HTx,8,27322,1,blue,N,X,A,blue,N,X
HTx,8,27336,1,blue,N,X,A,blue,N,X
HTx,8,27383,1,blue,N,X,A,blue,N,X
HTx,8,27399,1,blue,N,X,A,blue,N,X
HTx,8,27424,1,blue,N,X,A,blue,N,X
HTx,8,27535,1,blue,N,X,A,blue,N,X
HTx,8,27549,1,blue,N,X,A,blue,N,X
HTx,8,27563,1,blue,N,X,A,blue,N,X
HTx,8,27583,1,blue,N,X,A,blue,N,X
HTx,8,27690,1,blue,N,X,A,blue,N,X
HTx,8,27710,1,blue,N,X,A,blue,N,X
HTx,8,27729,1,blue,N,X,A,blue,N,X
HTx,8,27833,1,blue,N,X,A,blue,N,X
HTx,8,27847,1,blue,N,X,A,blue,N,X
HTx,8,27862,1,blue,N,X,A,blue,N,X
HTx,8,27883,1,blue,N,X,A,blue,N,X
HTx,8,27899,1,blue,N,X,A,blue,N,X
HTx,8,27921,1,blue,N,X,A,blue,N,X
HTx,8,27979,1,blue,N,X,A,blue,N,X
HTx,8,28065,1,blue,N,X,A,blue,N,X
HTx,8,28080,1,blue,N,X,A,blue,N,X
HTx,8,28098,1,blue,N,X,A,blue,N,X
HTx,8,28197,1,blue,N,X,A,blue,N,X
HTx,8,28220,1,blue,N,X,A,blue,N,X
HTx,8,28233,1,blue,N,X,A,blue,N,X
HTx,8,28253,1,blue,N,X,A,blue,N,X
HTx,8,28267,1,blue,N,X,A,blue,N,X
HTx,8,28285,1,blue,N,X,A,blue,N,X
HTx,8,28398,1,blue,N,X,A,blue,N,X
HTx,8,28412,1,blue,N,X,A,blue,N,X
HTx,8,28478,1,blue,N,X,A,blue,N,X
HTx,8,28490,1,blue,N,X,A,blue,N,X
HTx,8,28505,1,blue,N,X,A,blue,N,X
HTx,8,1,1,green,N,X,A,green,N,X
HTx,8,201,1,green,N,X,A,green,N,X
HTx,8,241,1,green,N,X,A,green,N,X
HTx,8,252,1,green,N,X,A,green,N,X
HTx,8,264,1,green,N,X,A,green,N,X
HTx,8,277,1,green,N,X,A,green,N,X
HTx,8,291,1,green,N,X,A,green,N,X
HTx,8,305,1,green,N,X,A,green,N,X
HTx,8,319,1,green,N,X,A,green,N,X
HTx,8,336,1,green,N,X,A,green,N,X
HTx,8,349,1,green,N,X,A,green,N,X
HTx,8,363,1,green,N,X,A,green,N,X
HTx,8,378,1,green,N,X,A,green,N,X
HTx,8,393,1,green,N,X,A,green,N,X
HTx,8,407,1,green,N,X,A,green,N,X
HTx,8,422,1,green,N,X,A,green,N,X
HTx,8,486,1,green,N,X,A,green,N,X
HTx,8,499,1,green,N,X,A,green,N,X
HTx,8,512,1,green,N,X,A,green,N,X
HTx,8,526,1,green,N,X,A,green,N,X
HTx,8,775,1,green,N,X,A,green,N,X
HTx,8,787,1,green,N,X,A,green,N,X
HTx,8,811,1,green,N,X,A,green,N,X
HTx,8,847,1,green,N,X,A,green,N,X
HTx,8,862,1,green,N,X,A,green,N,X
HTx,8,878,1,green,N,X,A,green,N,X
HTx,8,1128,1,green,N,X,A,green,N,X
HTx,8,1150,1,green,N,X,A,green,N,X
HTx,8,1174,1,green,N,X,A,green,N,X
HTx,8,1230,1,green,N,X,A,green,N,X
HTx,8,1257,1,green,N,X,A,green,N,X
HTx,8,1285,1,green,N,X,A,green,N,X
HTx,8,1319,1,green,N,X,A,green,N,X
HTx,8,1373,1,green,N,X,A,green,N,X
HTx,8,1389,1,green,N,X,A,green,N,X
HTx,8,1488,1,green,N,X,A,green,N,X
HTx,8,1503,1,green,N,X,A,green,N,X
HTx,8,1556,1,green,N,X,A,green,N,X
HTx,8,1584,126,green,N,X,R,green,N,X
HTx,8,1809,1,green,N,X,A,green,N,X
HTx,8,1948,1,green,N,X,A,green,N,X
HTx,8,1981,1,green,N,X,A,green,N,X
HTx,8,2009,1,green,N,X,A,green,N,X
HTx,8,2033,1,green,N,X,A,green,N,X
HTx,8,2056,1,green,N,X,A,green,N,X
HTx,8,2586,1,green,N,X,A,green,N,X
HTx,8,2610,1,green,N,X,A,green,N,X
HTx,8,2635,1,green,N,X,A,green,N,X
HTx,8,2673,1,green,N,X,A,green,N,X
HTx,8,2823,1,green,N,X,A,green,N,X
HTx,8,2837,1,green,N,X,A,green,N,X
HTx,8,2850,1,green,N,X,A,green,N,X
HTx,8,2867,1,green,N,X,A,green,N,X
HTx,8,2893,1,green,N,X,A,green,N,X
HTx,8,3572,1,green,N,X,A,green,N,X
HTx,8,3610,1,green,N,X,A,green,N,X
HTx,8,3654,1,green,N,X,A,green,N,X
HTx,8,3666,1,green,N,X,A,green,N,X
HTx,8,3680,1,green,N,X,A,green,N,X
HTx,8,3700,1,green,N,X,A,green,N,X
HTx,8,3809,1,green,N,X,A,green,N,X
HTx,8,3955,1,green,N,X,A,green,N,X
HTx,8,3976,1,green,N,X,A,green,N,X
HTx,8,4049,1,green,N,X,A,green,N,X
HTx,8,4067,1,green,N,X,A,green,N,X
HTx,8,4077,1,green,N,X,A,green,N,X
HTx,8,5826,1,green,N,X,A,green,N,X
HTx,8,5837,1,green,N,X,A,green,N,X
HTx,8,5850,1,green,N,X,A,green,N,X
HTx,8,6015,1,green,N,X,A,green,N,X
HTx,8,6030,1,green,N,X,A,green,N,X
HTx,8,7650,1,green,N,X,A,green,N,X
HTx,8,7666,1,green,N,X,A,green,N,X
HTx,8,7683,1,green,N,X,A,green,N,X
HTx,8,7698,1,green,N,X,A,green,N,X
HTx,8,7717,1,green,N,X,A,green,N,X
HTx,8,8918,1,green,N,X,A,green,N,X
HTx,8,8929,1,green,N,X,A,green,N,X
HTx,8,8943,1,green,N,X,A,green,N,X
HTx,8,8957,1,green,N,X,A,green,N,X
HTx,8,8963,1,green,N,X,A,green,N,X
HTx,8,8991,1,green,N,X,A,green,N,X
HTx,8,9013,1,green,N,X,A,green,N,X
HTx,8,9062,1,green,N,X,A,green,N,X
HTx,8,9105,1,green,N,X,A,green,N,X
HTx,8,9123,1,green,N,X,A,green,N,X
HTx,8,9137,1,green,N,X,A,green,N,X
HTx,8,9152,1,green,N,X,A,green,N,X
HTx,8,9170,1,green,N,X,A,green,N,X
HTx,8,9245,1,green,N,X,A,green,N,X
HTx,8,9307,1,green,N,X,A,green,N,X
HTx,8,9327,1,green,N,X,A,green,N,X
HTx,8,9439,1,green,N,X,A,green,N,X
HTx,8,9441,73,green,N,X,H,green,N,X
HTx,8,9520,1,green,N,X,A,green,N,X
HTx,8,9574,1,green,N,X,A,green,N,X
HTx,8,9593,1,green,N,X,A,green,N,X
HTx,8,9608,1,green,N,X,A,green,N,X
HTx,8,10017,233,green,N,X,R,green,N,X
HTx,8,10688,1,green,N,X,A,green,N,X
HTx,8,10708,1,green,N,X,A,green,N,X
HTx,8,10745,1,green,N,X,A,green,N,X
HTx,8,10814,1,green,N,X,A,green,N,X
HTx,8,12321,1,green,N,X,A,green,N,X
HTx,8,12354,1,green,N,X,A,green,N,X
HTx,8,13428,1,green,N,X,A,green,N,X
HTx,8,13444,1,green,N,X,A,green,N,X
HTx,8,13455,1,green,N,X,A,green,N,X
HTx,8,13467,1,green,N,X,A,green,N,X
HTx,8,13498,68,green,N,X,H,green,N,X
HTx,8,17161,1,green,N,X,A,green,N,X
HTx,8,17174,1,green,N,X,A,green,N,X
HTx,8,17228,1,green,N,X,A,green,N,X
HTx,8,17239,1,green,N,X,A,green,N,X
HTx,8,17313,1,green,N,X,A,green,N,X
HTx,8,17384,1,green,N,X,A,green,N,X
HTx,8,21723,1,green,N,X,A,green,N,X
HTx,8,21770,1,green,N,X,A,green,N,X
HTx,8,21789,1,green,N,X,A,green,N,X
HTx,8,21804,1,green,N,X,A,green,N,X
HTx,8,21820,1,green,N,X,A,green,N,X
HTx,8,21840,1,green,N,X,A,green,N,X
HTx,8,21858,1,green,N,X,A,green,N,X
HTx,8,21880,1,green,N,X,A,green,N,X
HTx,8,21897,1,green,N,X,A,green,N,X
HTx,8,21915,1,green,N,X,A,green,N,X
HTx,8,21929,1,green,N,X,A,green,N,X
HTx,8,21962,1,green,N,X,A,green,N,X
HTx,8,21990,1,green,N,X,A,green,N,X
HTx,8,22018,1,green,N,X,A,green,N,X
HTx,8,22082,1,green,N,X,A,green,N,X
HTx,8,22102,1,green,N,X,A,green,N,X
HTx,8,22123,1,green,N,X,A,green,N,X
HTx,8,22146,1,green,N,X,A,green,N,X
HTx,8,22168,1,green,N,X,A,green,N,X
HTx,8,22188,1,green,N,X,A,green,N,X
HTx,8,22215,1,green,N,X,A,green,N,X
HTx,8,22246,1,green,N,X,A,green,N,X
HTx,8,22370,1,green,N,X,A,green,N,X
HTx,8,22423,1,green,N,X,A,green,N,X
HTx,8,22539,1,green,N,X,A,green,N,X
HTx,8,22554,1,green,N,X,A,green,N,X
HTx,8,22771,1,green,N,X,A,green,N,X
HTx,8,22786,1,green,N,X,A,green,N,X
HTx,8,22824,1,green,N,X,A,green,N,X
HTx,8,22841,1,green,N,X,A,green,N,X
HTx,8,22855,30,green,N,X,H,green,N,X
HTx,8,22885,1,green,N,X,A,green,N,X
HTx,8,24083,1,green,N,X,A,green,N,X
HTx,8,24097,1,green,N,X,A,green,N,X
HTx,8,24112,1,green,N,X,A,green,N,X
HTx,8,24129,1,green,N,X,A,green,N,X
HTx,8,24146,1,green,N,X,A,green,N,X
HTx,8,24162,1,green,N,X,A,green,N,X
HTx,8,24177,1,green,N,X,A,green,N,X
HTx,8,24195,1,green,N,X,A,green,N,X
HTx,8,24218,1,green,N,X,A,green,N,X
HTx,8,24233,1,green,N,X,A,green,N,X
HTx,8,24250,1,green,N,X,A,green,N,X
HTx,8,24272,1,green,N,X,A,green,N,X
HTx,8,24300,1,green,N,X,A,green,N,X
HTx,8,24347,1,green,N,X,A,green,N,X
HTx,8,24501,1,green,N,X,A,green,N,X
HTx,8,24526,1,green,N,X,A,green,N,X
HTx,8,24834,1,green,N,X,A,green,N,X
HTx,8,24848,1,green,N,X,A,green,N,X
HTx,8,24865,1,green,N,X,A,green,N,X
HTx,8,24881,1,green,N,X,A,green,N,X
HTx,8,24899,1,green,N,X,A,green,N,X
HTx,8,25303,1,green,N,X,A,green,N,X
HTx,8,25318,1,green,N,X,A,green,N,X
HTx,8,25341,1,green,N,X,A,green,N,X
HTx,8,25360,1,green,N,X,A,green,N,X
HTx,8,25376,1,green,N,X,A,green,N,X
HTx,8,25392,1,green,N,X,A,green,N,X
HTx,8,25412,1,green,N,X,A,green,N,X
HTx,8,25432,1,green,N,X,A,green,N,X
HTx,8,25448,1,green,N,X,A,green,N,X
HTx,8,25467,1,green,N,X,A,green,N,X
HTx,8,25484,1,green,N,X,A,green,N,X
HTx,8,25501,1,green,N,X,A,green,N,X
HTx,8,25520,1,green,N,X,A,green,N,X
HTx,8,25538,1,green,N,X,A,green,N,X
HTx,8,25553,1,green,N,X,A,green,N,X
HTx,8,25571,1,green,N,X,A,green,N,X
HTx,8,25598,1,green,N,X,A,green,N,X
HTx,8,25614,1,green,N,X,A,green,N,X
HTx,8,25636,1,green,N,X,A,green,N,X
HTx,8,25667,1,green,N,X,A,green,N,X
HTx,8,25691,1,green,N,X,A,green,N,X
HTx,8,25711,1,green,N,X,A,green,N,X
HTx,8,25728,1,green,N,X,A,green,N,X
HTx,8,25745,1,green,N,X,A,green,N,X
HTx,8,25762,1,green,N,X,A,green,N,X
HTx,8,25777,1,green,N,X,A,green,N,X
HTx,8,25794,1,green,N,X,A,green,N,X
HTx,8,25811,1,green,N,X,A,green,N,X
HTx,8,25829,1,green,N,X,A,green,N,X
HTx,8,25843,1,green,N,X,A,green,N,X
HTx,8,27188,1,green,N,X,A,green,N,X
HTx,8,27203,1,green,N,X,A,green,N,X
HTx,8,27236,1,green,N,X,A,green,N,X
HTx,8,27268,1,green,N,X,A,green,N,X
HTx,8,27626,1,green,N,X,A,green,N,X
HTx,8,27719,1,green,N,X,A,green,N,X
HTx,8,27743,1,green,N,X,A,green,N,X
HTx,8,27757,1,green,N,X,A,green,N,X
HTx,8,27772,1,green,N,X,A,green,N,X
HTx,8,27833,1,green,N,X,A,green,N,X
HTx,8,27845,1,green,N,X,A,green,N,X
HTx,8,27864,1,green,N,X,A,green,N,X
HTx,8,5469,39,yellow,N,X,T,purple,N,X
