HL,4,150,24,yellow,N,X,G,red,N,X
HL,4,264,29,yellow,N,X,G,blue,G,L
HL,4,388,97,yellow,N,X,G,red,N,X
HL,4,554,162,yellow,N,X,G,blue,G,L
HL,4,1032,38,yellow,N,X,G,blue,G,L
HL,4,1331,1571,yellow,N,X,G,blue,G,L
HL,4,3506,685,yellow,N,X,G,blue,G,L
HL,4,4227,8,yellow,N,X,G,purple,R,H
HL,4,4347,762,yellow,N,X,G,blue,G,L
HL,4,5248,565,yellow,N,X,G,purple,R,H
HL,4,5883,55,yellow,N,X,G,purple,R,H
HL,4,6988,1151,yellow,N,X,G,blue,G,L
HL,4,9089,18,yellow,N,X,G,green,N,X
HL,4,9197,7,yellow,N,X,S,yellow,N,X
HL,4,9258,53,yellow,N,X,G,green,N,X
HL,4,10087,270,yellow,N,X,G,red,N,X
HL,4,10407,1083,yellow,N,X,G,blue,G,L
HL,4,11691,52,yellow,N,X,S,yellow,N,X
HL,4,11940,31,yellow,N,X,S,yellow,N,X
HL,4,13220,1007,yellow,N,X,G,blue,G,L
HL,4,14405,844,yellow,N,X,G,purple,R,H
HL,4,15316,796,yellow,N,X,G,purple,R,H
HL,4,16249,568,yellow,N,X,G,blue,G,L
HL,4,16977,116,yellow,N,X,G,orange,N,X
HL,4,17155,99,yellow,N,X,G,purple,R,H
HL,4,17420,261,yellow,N,X,G,red,N,X
HL,4,17823,26,yellow,N,X,S,yellow,N,X
HL,4,18401,34,yellow,N,X,S,yellow,N,X
HL,4,18470,225,yellow,N,X,G,red,N,X
HL,4,20222,928,yellow,N,X,G,purple,R,H
HL,4,21360,124,yellow,N,X,G,red,N,X
HL,4,21682,23,yellow,N,X,S,yellow,N,X
HL,4,21759,324,yellow,N,X,G,blue,G,L
HL,4,22151,14,yellow,N,X,G,red,N,X
HL,4,23985,52,yellow,N,X,S,yellow,N,X
HL,4,24455,732,yellow,N,X,G,green,N,X
HL,4,25348,710,yellow,N,X,G,blue,G,L
HL,4,26265,1604,yellow,N,X,G,purple,R,H
HL,4,27944,343,yellow,N,X,S,yellow,N,X
HL,4,28920,221,yellow,N,X,G,green,N,X
HL,4,29192,180,yellow,N,X,S,yellow,N,X
HL,4,30135,52,yellow,N,X,S,yellow,N,X
HL,4,30364,76,yellow,N,X,S,yellow,N,X
HL,4,30608,78,yellow,N,X,G,blue,G,L
HL,4,31110,23,yellow,N,X,S,yellow,N,X
HL,4,31711,15,yellow,N,X,G,orange,N,X
HL,4,31825,15,yellow,N,X,S,yellow,N,X
HL,4,31891,147,yellow,N,X,S,yellow,N,X
HL,4,32283,12,yellow,N,X,G,blue,G,L
HL,4,32860,2283,yellow,N,X,G,purple,R,H
HL,4,37314,16,yellow,N,X,S,yellow,N,X
HL,4,37525,32,yellow,N,X,S,yellow,N,X
HL,4,37750,10,yellow,N,X,S,yellow,N,X
HL,4,37879,1098,yellow,N,X,G,purple,R,H
HL,4,40250,24,yellow,N,X,G,orange,N,X
HL,4,40796,294,yellow,N,X,G,red,N,X
HL,4,41849,4,yellow,N,X,S,yellow,N,X
HL,4,45048,31,yellow,N,X,S,yellow,N,X
HL,4,46434,25,yellow,N,X,S,yellow,N,X
HL,4,46498,1149,yellow,N,X,G,blue,G,L
HL,4,48097,557,yellow,N,X,G,blue,G,L
HL,4,49693,2176,yellow,N,X,G,blue,G,L
HL,4,53204,634,yellow,N,X,G,green,N,X
HL,4,54299,829,yellow,N,X,G,red,N,X
HL,4,55210,185,yellow,N,X,G,red,N,X
HL,4,55502,19,yellow,N,X,G,red,N,X
HL,4,58515,42,yellow,N,X,G,purple,R,H
HL,4,58598,564,yellow,N,X,G,purple,R,H
HL,4,59258,10,yellow,N,X,S,yellow,N,X
HL,4,59915,12,yellow,N,X,S,yellow,N,X
HL,4,60078,29,yellow,N,X,S,yellow,N,X
HL,4,63295,7,yellow,N,X,S,yellow,N,X
HL,4,63577,46,yellow,N,X,S,yellow,N,X
HL,4,66988,50,yellow,N,X,S,yellow,N,X
HL,4,67407,5,yellow,N,X,S,yellow,N,X
HL,4,70417,85,yellow,N,X,S,yellow,N,X
HL,4,70640,35,yellow,N,X,S,yellow,N,X
HL,4,70881,89,yellow,N,X,S,yellow,N,X
HL,4,71310,153,yellow,N,X,S,yellow,N,X
HL,4,71707,33,yellow,N,X,S,yellow,N,X
HL,4,72446,604,yellow,N,X,G,red,N,X
HL,4,73144,23,yellow,N,X,S,yellow,N,X
HL,4,73226,40,yellow,N,X,S,yellow,N,X
HL,4,73859,25,yellow,N,X,S,yellow,N,X
HL,4,74152,44,yellow,N,X,S,yellow,N,X
HL,4,74249,1068,yellow,N,X,G,red,N,X
HL,4,75432,36,yellow,N,X,S,yellow,N,X
HL,4,76023,54,yellow,N,X,S,yellow,N,X
HL,4,76543,165,yellow,N,X,S,yellow,N,X
HL,4,76833,38,yellow,N,X,S,yellow,N,X
HL,4,77086,37,yellow,N,X,S,yellow,N,X
HL,4,77255,65,yellow,N,X,S,yellow,N,X
HL,4,77911,39,yellow,N,X,S,yellow,N,X
HL,4,77994,50,yellow,N,X,S,yellow,N,X
HL,4,78380,26,yellow,N,X,S,yellow,N,X
HL,4,80893,46,yellow,N,X,S,yellow,N,X
HL,4,80982,14,yellow,N,X,G,green,N,X
HL,4,82873,19,yellow,N,X,S,yellow,N,X
HL,4,82970,7,yellow,N,X,S,yellow,N,X
HL,4,483,342,orange,N,X,G,purple,R,H
HL,4,829,210,orange,N,X,G,purple,R,H
HL,4,1085,67,orange,N,X,G,red,N,X
HL,4,1267,80,orange,N,X,G,blue,G,L
HL,4,1400,158,orange,N,X,G,blue,G,L
HL,4,1673,147,orange,N,X,G,purple,R,H
HL,4,2169,731,orange,N,X,G,purple,R,H
HL,4,3257,570,orange,N,X,G,purple,R,H
HL,4,3923,212,orange,N,X,G,blue,G,L
HL,4,4344,57,orange,N,X,G,yellow,N,X
HL,4,5449,648,orange,N,X,G,purple,R,H
HL,4,6320,91,orange,N,X,G,red,N,X
HL,4,6439,232,orange,N,X,G,purple,R,H
HL,4,6723,178,orange,N,X,G,purple,R,H
HL,4,6953,1353,orange,N,X,G,blue,G,L
HL,4,8430,1760,orange,N,X,G,blue,G,L
HL,4,10588,418,orange,N,X,G,blue,G,L
HL,4,11074,69,orange,N,X,G,yellow,N,X
HL,4,11307,202,orange,N,X,G,yellow,N,X
HL,4,11580,48,orange,N,X,G,yellow,N,X
HL,4,11928,2157,orange,N,X,G,blue,G,L
HL,4,14118,34,orange,N,X,G,blue,G,L
HL,4,15130,10,orange,N,X,S,orange,N,X
HL,4,15237,450,orange,N,X,G,purple,R,H
HL,4,15944,1070,orange,N,X,G,purple,R,H
HL,4,17655,21,orange,N,X,S,orange,N,X
HL,4,18078,4216,orange,N,X,G,blue,G,L
HL,4,22410,4,orange,N,X,S,orange,N,X
HL,4,23096,24,orange,N,X,S,orange,N,X
HL,4,23268,511,orange,N,X,G,green,N,X
HL,4,23904,26,orange,N,X,G,purple,R,H
HL,4,24822,18,orange,N,X,S,orange,N,X
HL,4,27998,129,orange,N,X,G,yellow,N,X
HL,4,28135,4357,orange,N,X,G,purple,R,H
HL,4,32762,10194,orange,N,X,G,blue,G,L
HL,4,45303,8,orange,N,X,S,orange,N,X
HL,4,45478,1036,orange,N,X,G,blue,G,L
HL,4,46840,29,orange,N,X,S,orange,N,X
HL,4,47155,33,orange,N,X,G,blue,G,L
HL,4,47361,9,orange,N,X,S,orange,N,X
HL,4,47618,598,orange,N,X,G,blue,G,L
HL,4,48529,1446,orange,N,X,G,blue,G,L
HL,4,50187,268,orange,N,X,G,blue,G,L
HL,4,50591,929,orange,N,X,G,blue,G,L
HL,4,51717,3362,orange,N,X,G,blue,G,L
HL,4,55280,543,orange,N,X,G,blue,G,L
HL,4,55977,193,orange,N,X,G,blue,G,L
HL,4,56251,15,orange,N,X,G,purple,R,H
HL,4,56317,11,orange,N,X,S,orange,N,X
HL,4,57136,294,orange,N,X,G,blue,G,L
HL,4,58729,1411,orange,N,X,G,blue,G,L
HL,4,61409,25,orange,N,X,S,orange,N,X
HL,4,61500,31,orange,N,X,S,orange,N,X
HL,4,61648,76,orange,N,X,G,blue,G,L
HL,4,64581,21,orange,N,X,S,orange,N,X
HL,4,64763,4216,orange,N,X,G,blue,G,L
HL,4,69149,1925,orange,N,X,G,blue,G,L
HL,4,71315,1263,orange,N,X,G,blue,G,L
HL,4,73253,1657,orange,N,X,G,purple,R,H
HL,4,75077,18,orange,N,X,G,red,N,X
HL,4,76493,40,orange,N,X,S,orange,N,X
HL,4,80915,28,orange,N,X,S,orange,N,X
HL,4,81038,1781,orange,N,X,G,blue,G,L
HL,4,133,13,red,N,X,G,purple,R,H
HL,4,167,542,red,N,X,G,purple,R,H
HL,4,788,2040,red,N,X,G,blue,G,L
HL,4,2953,645,red,N,X,G,purple,R,H
HL,4,3978,616,red,N,X,G,purple,R,H
HL,4,5166,1213,red,N,X,G,blue,G,L
HL,4,7128,71,red,N,X,S,red,N,X
HL,4,7213,453,red,N,X,G,blue,G,L
HL,4,7750,82,red,N,X,G,blue,G,L
HL,4,8420,936,red,N,X,G,purple,R,H
HL,4,9455,835,red,N,X,G,blue,G,L
HL,4,10311,283,red,N,X,G,purple,R,H
HL,4,14196,64,red,N,X,S,red,N,X
HL,4,14342,1105,red,N,X,G,blue,G,L
HL,4,15520,37,red,N,X,G,blue,G,L
HL,4,15965,283,red,N,X,G,yellow,N,X
HL,4,16319,611,red,N,X,G,yellow,N,X
HL,4,16937,126,red,N,X,G,blue,G,L
HL,4,17093,210,red,N,X,G,yellow,N,X
HL,4,17327,1315,red,N,X,G,purple,R,H
HL,4,20168,684,red,N,X,G,purple,R,H
HL,4,21001,405,red,N,X,G,purple,R,H
HL,4,21440,46,red,N,X,G,blue,G,L
HL,4,21569,376,red,N,X,G,blue,G,L
HL,4,22012,118,red,N,X,G,blue,G,L
HL,4,24395,626,red,N,X,G,purple,R,H
HL,4,25131,34,red,N,X,G,purple,R,H
HL,4,25216,77,red,N,X,S,red,N,X
HL,4,27572,99,red,N,X,G,yellow,N,X
HL,4,28518,74,red,N,X,S,red,N,X
HL,4,30579,48,red,N,X,G,green,N,X
HL,4,33870,32,red,N,X,S,red,N,X
HL,4,33974,31,red,N,X,S,red,N,X
HL,4,34505,63,red,N,X,S,red,N,X
HL,4,37639,1277,red,N,X,G,blue,G,L
HL,4,39048,244,red,N,X,G,blue,G,L
HL,4,40600,384,red,N,X,G,purple,R,H
HL,4,45399,92,red,N,X,S,red,N,X
HL,4,48064,117,red,N,X,S,red,N,X
HL,4,48366,81,red,N,X,S,red,N,X
HL,4,50778,157,red,N,X,S,red,N,X
HL,4,51068,48,red,N,X,S,red,N,X
HL,4,51252,49,red,N,X,S,red,N,X
HL,4,51540,233,red,N,X,S,red,N,X
HL,4,51860,76,red,N,X,S,red,N,X
HL,4,54051,169,red,N,X,S,red,N,X
HL,4,55208,52,red,N,X,S,red,N,X
HL,4,55531,108,red,N,X,S,red,N,X
HL,4,56544,60,red,N,X,S,red,N,X
HL,4,59354,508,red,N,X,S,red,N,X
HL,4,60060,88,red,N,X,S,red,N,X
HL,4,62126,171,red,N,X,S,red,N,X
HL,4,62424,49,red,N,X,S,red,N,X
HL,4,62788,243,red,N,X,S,red,N,X
HL,4,64546,53,red,N,X,S,red,N,X
HL,4,64733,22,red,N,X,G,purple,R,H
HL,4,67229,100,red,N,X,S,red,N,X
HL,4,67689,17,red,N,X,S,red,N,X
HL,4,68308,178,red,N,X,S,red,N,X
HL,4,68596,104,red,N,X,S,red,N,X
HL,4,68909,348,red,N,X,S,red,N,X
HL,4,69911,202,red,N,X,S,red,N,X
HL,4,70970,104,red,N,X,S,red,N,X
HL,4,73152,20,red,N,X,S,red,N,X
HL,4,73290,30,red,N,X,S,red,N,X
HL,4,73424,38,red,N,X,S,red,N,X
HL,4,73482,43,red,N,X,S,red,N,X
HL,4,73676,80,red,N,X,S,red,N,X
HL,4,73842,368,red,N,X,S,red,N,X
HL,4,75456,29,red,N,X,S,red,N,X
HL,4,75562,206,red,N,X,S,red,N,X
HL,4,76116,127,red,N,X,S,red,N,X
HL,4,76796,197,red,N,X,S,red,N,X
HL,4,82684,34,red,N,X,S,red,N,X
HL,4,82754,337,red,N,X,S,red,N,X
HL,4,83209,75,red,N,X,S,red,N,X
HL,4,83531,43,red,N,X,G,orange,N,X
HL,4,83619,30,red,N,X,S,red,N,X
HL,4,84046,270,red,N,X,S,red,N,X
HL,4,19343,33,purple,R,H,S,purple,R,H
HL,4,19438,77,purple,R,H,S,purple,R,H
HL,4,19556,18,purple,R,H,S,purple,R,H
HL,4,19649,44,purple,R,H,S,purple,R,H
HL,4,19809,52,purple,R,H,S,purple,R,H
HL,4,20045,5,purple,R,H,G,green,N,X
HL,4,20093,18,purple,R,H,S,purple,R,H
HL,4,25214,189,purple,R,H,S,purple,R,H
HL,4,25421,72,purple,R,H,S,purple,R,H
HL,4,25591,91,purple,R,H,S,purple,R,H
HL,4,25802,50,purple,R,H,S,purple,R,H
HL,4,32578,90,purple,R,H,S,purple,R,H
HL,4,42316,14,purple,R,H,S,purple,R,H
HL,4,42531,10,purple,R,H,S,purple,R,H
HL,4,42559,6,purple,R,H,S,purple,R,H
HL,4,42595,37,purple,R,H,S,purple,R,H
HL,4,42711,27,purple,R,H,S,purple,R,H
HL,4,67085,17,purple,R,H,S,purple,R,H
HL,4,67119,12,purple,R,H,S,purple,R,H
HL,4,67395,21,purple,R,H,S,purple,R,H
HL,4,67474,50,purple,R,H,S,purple,R,H
HL,4,67557,32,purple,R,H,S,purple,R,H
HL,4,67614,76,purple,R,H,S,purple,R,H
HL,4,67720,106,purple,R,H,S,purple,R,H
HL,4,68256,190,purple,R,H,S,purple,R,H
HL,4,68670,29,purple,R,H,S,purple,R,H
HL,4,69430,71,purple,R,H,S,purple,R,H
HL,4,70361,74,purple,R,H,S,purple,R,H
HL,4,70667,123,purple,R,H,S,purple,R,H
HL,4,73031,177,purple,R,H,G,blue,G,L
HL,4,25806,274,green,N,X,G,yellow,N,X
HL,4,26418,35,green,N,X,S,green,N,X
HL,4,26491,115,green,N,X,S,green,N,X
HL,4,26806,300,green,N,X,G,blue,G,L
HL,4,27259,6815,green,N,X,G,blue,G,L
HL,4,35330,482,green,N,X,G,blue,G,L
HL,4,35860,153,green,N,X,G,orange,N,X
HL,4,36053,307,green,N,X,G,orange,N,X
HL,4,36384,59,green,N,X,S,green,N,X
HL,4,36503,348,green,N,X,S,green,N,X
HL,4,36910,2019,green,N,X,S,green,N,X
HL,4,39550,96,green,N,X,G,purple,R,H
HL,4,39704,343,green,N,X,S,green,N,X
HL,4,40149,402,green,N,X,S,green,N,X
HL,4,41232,153,green,N,X,S,green,N,X
HL,4,41870,802,green,N,X,G,blue,G,L
HL,4,42727,2763,green,N,X,G,blue,G,L
HL,4,45597,36,green,N,X,G,red,N,X
HL,4,45698,71,green,N,X,G,blue,G,L
HL,4,45926,196,green,N,X,S,green,N,X
HL,4,46193,31,green,N,X,S,green,N,X
HL,4,46341,1166,green,N,X,G,blue,G,L
HL,4,48347,45,green,N,X,S,green,N,X
HL,4,48568,490,green,N,X,G,blue,G,L
HL,4,49128,54,green,N,X,G,blue,G,L
HL,4,50125,523,green,N,X,G,blue,G,L
HL,4,51117,679,green,N,X,G,blue,G,L
HL,4,51826,226,green,N,X,G,purple,R,H
HL,4,52085,476,green,N,X,G,blue,G,L
HL,4,52599,743,green,N,X,G,purple,R,H
HL,4,54206,19,green,N,X,S,green,N,X
HL,4,54427,95,green,N,X,S,green,N,X
HL,4,54587,1805,green,N,X,G,blue,G,L
HL,4,56970,1025,green,N,X,G,blue,G,L
HL,4,59234,66,green,N,X,G,blue,G,L
HL,4,59434,106,green,N,X,S,green,N,X
HL,4,59867,6068,green,N,X,G,blue,G,L
HL,4,66034,41,green,N,X,S,green,N,X
HL,4,66089,45,green,N,X,S,green,N,X
HL,4,67350,217,green,N,X,G,blue,G,L
HL,4,67860,108,green,N,X,G,blue,G,L
HL,4,68007,202,green,N,X,G,purple,R,H
HL,4,68306,71,green,N,X,G,orange,N,X
HL,4,68408,369,green,N,X,G,blue,G,L
HL,4,70320,32,green,N,X,S,green,N,X
HL,4,70577,92,green,N,X,G,orange,N,X
HL,4,70942,1157,green,N,X,G,blue,G,L
HL,4,72679,337,green,N,X,S,green,N,X
HL,4,73029,128,green,N,X,S,green,N,X
HL,4,73298,5031,green,N,X,G,blue,G,L
HL,4,79469,110,green,N,X,S,green,N,X
HL,4,79783,3,green,N,X,S,green,N,X
HL,4,80720,91,green,N,X,G,red,N,X
HL,4,332,1,yellow,N,X,A,yellow,N,X
HL,4,342,1,yellow,N,X,A,yellow,N,X
HL,4,366,1,yellow,N,X,A,yellow,N,X
HL,4,380,1,yellow,N,X,A,yellow,N,X
HL,4,3221,1,yellow,N,X,A,yellow,N,X
HL,4,3248,89,yellow,N,X,H,yellow,N,X
HL,4,3337,1,yellow,N,X,A,yellow,N,X
HL,4,3379,91,yellow,N,X,H,yellow,N,X
HL,4,4309,1,yellow,N,X,A,yellow,N,X
HL,4,4324,1,yellow,N,X,A,yellow,N,X
HL,4,5195,1,yellow,N,X,A,yellow,N,X
HL,4,5238,1,yellow,N,X,A,yellow,N,X
HL,4,5254,1,yellow,N,X,A,yellow,N,X
HL,4,5835,1,yellow,N,X,A,yellow,N,X
HL,4,5848,1,yellow,N,X,A,yellow,N,X
HL,4,5997,1,yellow,N,X,A,yellow,N,X
HL,4,6009,1,yellow,N,X,A,yellow,N,X
HL,4,6030,1,yellow,N,X,A,yellow,N,X
HL,4,6708,1,yellow,N,X,A,yellow,N,X
HL,4,6716,1,yellow,N,X,A,yellow,N,X
HL,4,6729,1,yellow,N,X,A,yellow,N,X
HL,4,6791,1,yellow,N,X,A,yellow,N,X
HL,4,8168,1,yellow,N,X,A,yellow,N,X
HL,4,8179,1,yellow,N,X,A,yellow,N,X
HL,4,8193,1,yellow,N,X,A,yellow,N,X
HL,4,8207,1,yellow,N,X,A,yellow,N,X
HL,4,8769,1,yellow,N,X,A,yellow,N,X
HL,4,8781,1,yellow,N,X,A,yellow,N,X
HL,4,9104,1,yellow,N,X,A,yellow,N,X
HL,4,9124,1,yellow,N,X,A,yellow,N,X
HL,4,9136,1,yellow,N,X,A,yellow,N,X
HL,4,9162,1,yellow,N,X,A,yellow,N,X
HL,4,9193,1,yellow,N,X,A,yellow,N,X
HL,4,9204,1,yellow,N,X,A,yellow,N,X
HL,4,9848,1,yellow,N,X,A,yellow,N,X
HL,4,9865,1,yellow,N,X,A,yellow,N,X
HL,4,9910,1,yellow,N,X,A,yellow,N,X
HL,4,9920,1,yellow,N,X,A,yellow,N,X
HL,4,9974,1,yellow,N,X,A,yellow,N,X
HL,4,9986,1,yellow,N,X,A,yellow,N,X
HL,4,10040,1,yellow,N,X,A,yellow,N,X
HL,4,11545,1,yellow,N,X,A,yellow,N,X
HL,4,11567,1,yellow,N,X,A,yellow,N,X
HL,4,11587,1,yellow,N,X,A,yellow,N,X
HL,4,11964,1,yellow,N,X,A,yellow,N,X
HL,4,11970,73,yellow,N,X,H,yellow,N,X
HL,4,12910,1,yellow,N,X,A,yellow,N,X
HL,4,12927,1,yellow,N,X,A,yellow,N,X
HL,4,12943,1,yellow,N,X,A,yellow,N,X
HL,4,13016,1,yellow,N,X,A,yellow,N,X
HL,4,13039,1,yellow,N,X,A,yellow,N,X
HL,4,13098,1,yellow,N,X,A,yellow,N,X
HL,4,13111,1,yellow,N,X,A,yellow,N,X
HL,4,14308,1,yellow,N,X,A,yellow,N,X
HL,4,14319,1,yellow,N,X,A,yellow,N,X
HL,4,14330,1,yellow,N,X,A,yellow,N,X
HL,4,14344,1,yellow,N,X,A,yellow,N,X
HL,4,14383,1,yellow,N,X,A,yellow,N,X
HL,4,15265,43,yellow,N,X,H,yellow,N,X
HL,4,17108,18,yellow,N,X,H,yellow,N,X
HL,4,17383,1,yellow,N,X,A,yellow,N,X
HL,4,17419,1,yellow,N,X,A,yellow,N,X
HL,4,17796,1,yellow,N,X,A,yellow,N,X
HL,4,17816,1,yellow,N,X,A,yellow,N,X
HL,4,17873,1,yellow,N,X,A,yellow,N,X
HL,4,18205,1,yellow,N,X,A,yellow,N,X
HL,4,18216,1,yellow,N,X,A,yellow,N,X
HL,4,18231,1,yellow,N,X,A,yellow,N,X
HL,4,18291,1,yellow,N,X,A,yellow,N,X
HL,4,18302,1,yellow,N,X,A,yellow,N,X
HL,4,18353,1,yellow,N,X,A,yellow,N,X
HL,4,18369,1,yellow,N,X,A,yellow,N,X
HL,4,18382,1,yellow,N,X,A,yellow,N,X
HL,4,19363,1,yellow,N,X,A,yellow,N,X
HL,4,19376,1,yellow,N,X,A,yellow,N,X
HL,4,19392,1,yellow,N,X,A,yellow,N,X
HL,4,19865,1,yellow,N,X,A,yellow,N,X
HL,4,19881,1,yellow,N,X,A,yellow,N,X
HL,4,19897,1,yellow,N,X,A,yellow,N,X
HL,4,20128,1,yellow,N,X,A,yellow,N,X
HL,4,20144,1,yellow,N,X,A,yellow,N,X
HL,4,20156,1,yellow,N,X,A,yellow,N,X
HL,4,21180,1,yellow,N,X,A,yellow,N,X
HL,4,21203,1,yellow,N,X,A,yellow,N,X
HL,4,21224,1,yellow,N,X,A,yellow,N,X
HL,4,21245,1,yellow,N,X,A,yellow,N,X
HL,4,21579,1,yellow,N,X,A,yellow,N,X
HL,4,21595,1,yellow,N,X,A,yellow,N,X
HL,4,21653,1,yellow,N,X,A,yellow,N,X
HL,4,21667,1,yellow,N,X,A,yellow,N,X
HL,4,22282,1,yellow,N,X,A,yellow,N,X
HL,4,22297,1,yellow,N,X,A,yellow,N,X
HL,4,22950,1,yellow,N,X,A,yellow,N,X
HL,4,23003,1,yellow,N,X,A,yellow,N,X
HL,4,23015,1,yellow,N,X,A,yellow,N,X
HL,4,23030,1,yellow,N,X,A,yellow,N,X
HL,4,23504,1,yellow,N,X,A,yellow,N,X
HL,4,23518,1,yellow,N,X,A,yellow,N,X
HL,4,23611,1,yellow,N,X,A,yellow,N,X
HL,4,23623,1,yellow,N,X,A,yellow,N,X
HL,4,23634,1,yellow,N,X,A,yellow,N,X
HL,4,23708,1,yellow,N,X,A,yellow,N,X
HL,4,23939,1,yellow,N,X,A,yellow,N,X
HL,4,23949,1,yellow,N,X,A,yellow,N,X
HL,4,23959,1,yellow,N,X,A,yellow,N,X
HL,4,23972,1,yellow,N,X,A,yellow,N,X
HL,4,24036,1,yellow,N,X,A,yellow,N,X
HL,4,24057,1,yellow,N,X,A,yellow,N,X
HL,4,24108,1,yellow,N,X,A,yellow,N,X
HL,4,24158,175,yellow,N,X,R,yellow,N,X
HL,4,25279,1,yellow,N,X,A,yellow,N,X
HL,4,25288,1,yellow,N,X,A,yellow,N,X
HL,4,25295,1,yellow,N,X,A,yellow,N,X
HL,4,26158,1,yellow,N,X,A,yellow,N,X
HL,4,26173,1,yellow,N,X,A,yellow,N,X
HL,4,26214,1,yellow,N,X,A,yellow,N,X
HL,4,26230,1,yellow,N,X,A,yellow,N,X
HL,4,27904,1,yellow,N,X,A,yellow,N,X
HL,4,27919,1,yellow,N,X,A,yellow,N,X
HL,4,27920,1,yellow,N,X,H,yellow,N,X
HL,4,28420,1,yellow,N,X,A,yellow,N,X
HL,4,28452,1,yellow,N,X,A,yellow,N,X
HL,4,28509,1,yellow,N,X,A,yellow,N,X
HL,4,28548,1,yellow,N,X,A,yellow,N,X
HL,4,28588,1,yellow,N,X,A,yellow,N,X
HL,4,28724,1,yellow,N,X,A,yellow,N,X
HL,4,28750,1,yellow,N,X,A,yellow,N,X
HL,4,28786,1,yellow,N,X,A,yellow,N,X
HL,4,28820,1,yellow,N,X,A,yellow,N,X
HL,4,28857,1,yellow,N,X,A,yellow,N,X
HL,4,28879,1,yellow,N,X,A,yellow,N,X
HL,4,29395,1,yellow,N,X,A,yellow,N,X
HL,4,29442,1,yellow,N,X,A,yellow,N,X
HL,4,29493,1,yellow,N,X,A,yellow,N,X
HL,4,29501,41,yellow,N,X,H,yellow,N,X
HL,4,30094,1,yellow,N,X,A,yellow,N,X
HL,4,30106,1,yellow,N,X,A,yellow,N,X
HL,4,30196,1,yellow,N,X,A,yellow,N,X
HL,4,30217,12,yellow,N,X,H,yellow,N,X
HL,4,30319,1,yellow,N,X,A,yellow,N,X
HL,4,30333,1,yellow,N,X,A,yellow,N,X
HL,4,30822,1,yellow,N,X,A,yellow,N,X
HL,4,30839,1,yellow,N,X,A,yellow,N,X
HL,4,30870,232,yellow,N,X,H,yellow,N,X
HL,4,31132,1,yellow,N,X,A,yellow,N,X
HL,4,31139,242,yellow,N,X,R,yellow,N,X
HL,4,31836,1,yellow,N,X,A,yellow,N,X
HL,4,31850,1,yellow,N,X,A,yellow,N,X
HL,4,31880,1,yellow,N,X,A,yellow,N,X
HL,4,32037,1,yellow,N,X,A,yellow,N,X
HL,4,32095,67,yellow,N,X,H,yellow,N,X
HL,4,32612,1,yellow,N,X,A,yellow,N,X
HL,4,32698,1,yellow,N,X,A,yellow,N,X
HL,4,32710,1,yellow,N,X,A,yellow,N,X
HL,4,32895,1,yellow,N,X,A,yellow,N,X
HL,4,35223,1,yellow,N,X,A,yellow,N,X
HL,4,35243,1,yellow,N,X,A,yellow,N,X
HL,4,35283,1,yellow,N,X,A,yellow,N,X
HL,4,35312,51,yellow,N,X,H,yellow,N,X
HL,4,35363,1,yellow,N,X,A,yellow,N,X
HL,4,35391,1,yellow,N,X,A,yellow,N,X
HL,4,35450,1,yellow,N,X,A,yellow,N,X
HL,4,35481,1,yellow,N,X,A,yellow,N,X
HL,4,35875,1,yellow,N,X,A,yellow,N,X
HL,4,35888,1,yellow,N,X,A,yellow,N,X
HL,4,35911,1,yellow,N,X,A,yellow,N,X
HL,4,36525,1,yellow,N,X,A,yellow,N,X
HL,4,36536,1,yellow,N,X,A,yellow,N,X
HL,4,36547,1,yellow,N,X,A,yellow,N,X
HL,4,36558,1,yellow,N,X,A,yellow,N,X
HL,4,36979,1,yellow,N,X,A,yellow,N,X
HL,4,36992,1,yellow,N,X,A,yellow,N,X
HL,4,37002,1,yellow,N,X,A,yellow,N,X
HL,4,37006,1,yellow,N,X,A,yellow,N,X
HL,4,37018,1,yellow,N,X,A,yellow,N,X
HL,4,37070,1,yellow,N,X,A,yellow,N,X
HL,4,37083,1,yellow,N,X,A,yellow,N,X
HL,4,37298,1,yellow,N,X,A,yellow,N,X
HL,4,37323,1,yellow,N,X,A,yellow,N,X
HL,4,37337,1,yellow,N,X,A,yellow,N,X
HL,4,37403,91,yellow,N,X,H,yellow,N,X
HL,4,37494,1,yellow,N,X,A,yellow,N,X
HL,4,37581,1,yellow,N,X,A,yellow,N,X
HL,4,37621,1,yellow,N,X,A,yellow,N,X
HL,4,37657,1,yellow,N,X,A,yellow,N,X
HL,4,37688,62,yellow,N,X,H,yellow,N,X
HL,4,37791,1,yellow,N,X,A,yellow,N,X
HL,4,37837,1,yellow,N,X,A,yellow,N,X
HL,4,39052,1,yellow,N,X,A,yellow,N,X
HL,4,39073,1,yellow,N,X,A,yellow,N,X
HL,4,39599,1,yellow,N,X,A,yellow,N,X
HL,4,39666,1,yellow,N,X,A,yellow,N,X
HL,4,39678,1,yellow,N,X,A,yellow,N,X
HL,4,39751,1,yellow,N,X,A,yellow,N,X
HL,4,39952,183,yellow,N,X,H,yellow,N,X
HL,4,40135,1,yellow,N,X,A,yellow,N,X
HL,4,40136,1,yellow,N,X,H,yellow,N,X
HL,4,40508,1,yellow,N,X,A,yellow,N,X
HL,4,40519,1,yellow,N,X,A,yellow,N,X
HL,4,41155,1,yellow,N,X,A,yellow,N,X
HL,4,41167,1,yellow,N,X,A,yellow,N,X
HL,4,41240,1,yellow,N,X,A,yellow,N,X
HL,4,41320,1,yellow,N,X,A,yellow,N,X
HL,4,41390,1,yellow,N,X,A,yellow,N,X
HL,4,41745,1,yellow,N,X,A,yellow,N,X
HL,4,41763,1,yellow,N,X,A,yellow,N,X
HL,4,41777,1,yellow,N,X,A,yellow,N,X
HL,4,41794,1,yellow,N,X,A,yellow,N,X
HL,4,41809,1,yellow,N,X,A,yellow,N,X
HL,4,41833,1,yellow,N,X,A,yellow,N,X
HL,4,41863,1,yellow,N,X,A,yellow,N,X
HL,4,41876,1,yellow,N,X,A,yellow,N,X
HL,4,41910,1,yellow,N,X,A,yellow,N,X
HL,4,41926,1,yellow,N,X,A,yellow,N,X
HL,4,41950,1,yellow,N,X,A,yellow,N,X
HL,4,42038,1,yellow,N,X,A,yellow,N,X
HL,4,42065,1,yellow,N,X,A,yellow,N,X
HL,4,42309,1,yellow,N,X,A,yellow,N,X
HL,4,42525,1,yellow,N,X,A,yellow,N,X
HL,4,42621,1,yellow,N,X,A,yellow,N,X
HL,4,42842,1,yellow,N,X,A,yellow,N,X
HL,4,42880,1,yellow,N,X,A,yellow,N,X
HL,4,42899,1,yellow,N,X,A,yellow,N,X
HL,4,42921,1,yellow,N,X,A,yellow,N,X
HL,4,43120,1,yellow,N,X,A,yellow,N,X
HL,4,43139,1,yellow,N,X,A,yellow,N,X
HL,4,43195,1,yellow,N,X,A,yellow,N,X
HL,4,43213,1,yellow,N,X,A,yellow,N,X
HL,4,43260,1,yellow,N,X,A,yellow,N,X
HL,4,43275,1,yellow,N,X,A,yellow,N,X
HL,4,43955,1,yellow,N,X,A,yellow,N,X
HL,4,43969,1,yellow,N,X,A,yellow,N,X
HL,4,43982,1,yellow,N,X,A,yellow,N,X
HL,4,44108,1,yellow,N,X,A,yellow,N,X
HL,4,44120,1,yellow,N,X,A,yellow,N,X
HL,4,44131,1,yellow,N,X,A,yellow,N,X
HL,4,44143,1,yellow,N,X,A,yellow,N,X
HL,4,44163,1,yellow,N,X,A,yellow,N,X
HL,4,44175,1,yellow,N,X,A,yellow,N,X
HL,4,44317,1,yellow,N,X,A,yellow,N,X
HL,4,44328,1,yellow,N,X,A,yellow,N,X
HL,4,44340,1,yellow,N,X,A,yellow,N,X
HL,4,44353,1,yellow,N,X,A,yellow,N,X
HL,4,44396,1,yellow,N,X,A,yellow,N,X
HL,4,44411,1,yellow,N,X,A,yellow,N,X
HL,4,44432,1,yellow,N,X,A,yellow,N,X
HL,4,44505,1,yellow,N,X,A,yellow,N,X
HL,4,44519,1,yellow,N,X,A,yellow,N,X
HL,4,44533,1,yellow,N,X,A,yellow,N,X
HL,4,44593,1,yellow,N,X,A,yellow,N,X
HL,4,44606,1,yellow,N,X,A,yellow,N,X
HL,4,45060,1,yellow,N,X,A,yellow,N,X
HL,4,45074,1,yellow,N,X,A,yellow,N,X
HL,4,45078,1,yellow,N,X,A,yellow,N,X
HL,4,45481,1,yellow,N,X,A,yellow,N,X
HL,4,45492,1,yellow,N,X,A,yellow,N,X
HL,4,45506,1,yellow,N,X,A,yellow,N,X
HL,4,45521,1,yellow,N,X,A,yellow,N,X
HL,4,45573,298,yellow,N,X,H,yellow,N,X
HL,4,45938,1,yellow,N,X,A,yellow,N,X
HL,4,45978,1,yellow,N,X,A,yellow,N,X
HL,4,46202,1,yellow,N,X,A,yellow,N,X
HL,4,46213,1,yellow,N,X,A,yellow,N,X
HL,4,46225,1,yellow,N,X,A,yellow,N,X
HL,4,46226,66,yellow,N,X,H,yellow,N,X
HL,4,46292,1,yellow,N,X,A,yellow,N,X
HL,4,46371,1,yellow,N,X,A,yellow,N,X
HL,4,46417,1,yellow,N,X,A,yellow,N,X
HL,4,47715,1,yellow,N,X,A,yellow,N,X
HL,4,47862,1,yellow,N,X,A,yellow,N,X
HL,4,47872,1,yellow,N,X,A,yellow,N,X
HL,4,47883,1,yellow,N,X,A,yellow,N,X
HL,4,47896,1,yellow,N,X,A,yellow,N,X
HL,4,48004,1,yellow,N,X,A,yellow,N,X
HL,4,48021,1,yellow,N,X,A,yellow,N,X
HL,4,48037,1,yellow,N,X,A,yellow,N,X
HL,4,48056,1,yellow,N,X,A,yellow,N,X
HL,4,48089,1,yellow,N,X,A,yellow,N,X
HL,4,48753,1,yellow,N,X,A,yellow,N,X
HL,4,48768,1,yellow,N,X,A,yellow,N,X
HL,4,48784,1,yellow,N,X,A,yellow,N,X
HL,4,48801,1,yellow,N,X,A,yellow,N,X
HL,4,48858,1,yellow,N,X,A,yellow,N,X
HL,4,48873,1,yellow,N,X,A,yellow,N,X
HL,4,48899,36,yellow,N,X,H,yellow,N,X
HL,4,48935,225,yellow,N,X,R,yellow,N,X
HL,4,49257,1,yellow,N,X,A,yellow,N,X
HL,4,49271,1,yellow,N,X,A,yellow,N,X
HL,4,49284,1,yellow,N,X,A,yellow,N,X
HL,4,49300,1,yellow,N,X,A,yellow,N,X
HL,4,49360,1,yellow,N,X,A,yellow,N,X
HL,4,51979,1,yellow,N,X,A,yellow,N,X
HL,4,52024,1,yellow,N,X,A,yellow,N,X
HL,4,52082,1,yellow,N,X,A,yellow,N,X
HL,4,52095,1,yellow,N,X,A,yellow,N,X
HL,4,52111,1,yellow,N,X,A,yellow,N,X
HL,4,52165,1,yellow,N,X,A,yellow,N,X
HL,4,52179,1,yellow,N,X,A,yellow,N,X
HL,4,52195,1,yellow,N,X,A,yellow,N,X
HL,4,52266,1,yellow,N,X,A,yellow,N,X
HL,4,52600,1,yellow,N,X,A,yellow,N,X
HL,4,52612,1,yellow,N,X,A,yellow,N,X
HL,4,52628,1,yellow,N,X,A,yellow,N,X
HL,4,52643,1,yellow,N,X,A,yellow,N,X
HL,4,52835,1,yellow,N,X,A,yellow,N,X
HL,4,52851,1,yellow,N,X,A,yellow,N,X
HL,4,52860,1,yellow,N,X,A,yellow,N,X
HL,4,52875,1,yellow,N,X,A,yellow,N,X
HL,4,52908,1,yellow,N,X,A,yellow,N,X
HL,4,52919,1,yellow,N,X,A,yellow,N,X
HL,4,52976,1,yellow,N,X,A,yellow,N,X
HL,4,53070,1,yellow,N,X,A,yellow,N,X
HL,4,53081,1,yellow,N,X,A,yellow,N,X
HL,4,53094,1,yellow,N,X,A,yellow,N,X
HL,4,53106,1,yellow,N,X,A,yellow,N,X
HL,4,53109,25,yellow,N,X,H,yellow,N,X
HL,4,53944,1,yellow,N,X,A,yellow,N,X
HL,4,53959,1,yellow,N,X,A,yellow,N,X
HL,4,53976,1,yellow,N,X,A,yellow,N,X
HL,4,54143,1,yellow,N,X,A,yellow,N,X
HL,4,54163,1,yellow,N,X,A,yellow,N,X
HL,4,54177,1,yellow,N,X,A,yellow,N,X
HL,4,54194,1,yellow,N,X,A,yellow,N,X
HL,4,54204,1,yellow,N,X,A,yellow,N,X
HL,4,55201,1,yellow,N,X,A,yellow,N,X
HL,4,55214,1,yellow,N,X,A,yellow,N,X
HL,4,55644,1,yellow,N,X,A,yellow,N,X
HL,4,55657,1,yellow,N,X,A,yellow,N,X
HL,4,56209,1,yellow,N,X,A,yellow,N,X
HL,4,56222,1,yellow,N,X,A,yellow,N,X
HL,4,56236,1,yellow,N,X,A,yellow,N,X
HL,4,56261,1,yellow,N,X,A,yellow,N,X
HL,4,56273,1,yellow,N,X,A,yellow,N,X
HL,4,56286,1,yellow,N,X,A,yellow,N,X
HL,4,56306,1,yellow,N,X,A,yellow,N,X
HL,4,56320,1,yellow,N,X,A,yellow,N,X
HL,4,56338,1,yellow,N,X,A,yellow,N,X
HL,4,56355,1,yellow,N,X,A,yellow,N,X
HL,4,56372,1,yellow,N,X,A,yellow,N,X
HL,4,56431,1,yellow,N,X,A,yellow,N,X
HL,4,56443,1,yellow,N,X,A,yellow,N,X
HL,4,56461,1,yellow,N,X,A,yellow,N,X
HL,4,56481,1,yellow,N,X,A,yellow,N,X
HL,4,56610,1,yellow,N,X,A,yellow,N,X
HL,4,56625,1,yellow,N,X,A,yellow,N,X
HL,4,56638,1,yellow,N,X,A,yellow,N,X
HL,4,56659,1,yellow,N,X,A,yellow,N,X
HL,4,56850,1,yellow,N,X,A,yellow,N,X
HL,4,56862,1,yellow,N,X,A,yellow,N,X
HL,4,56874,1,yellow,N,X,A,yellow,N,X
HL,4,56886,1,yellow,N,X,A,yellow,N,X
HL,4,56922,1,yellow,N,X,A,yellow,N,X
HL,4,57056,1,yellow,N,X,A,yellow,N,X
HL,4,57069,1,yellow,N,X,A,yellow,N,X
HL,4,57319,1,yellow,N,X,A,yellow,N,X
HL,4,57329,1,yellow,N,X,A,yellow,N,X
HL,4,57346,1,yellow,N,X,A,yellow,N,X
HL,4,57358,1,yellow,N,X,A,yellow,N,X
HL,4,57377,1,yellow,N,X,A,yellow,N,X
HL,4,57390,1,yellow,N,X,A,yellow,N,X
HL,4,57419,1,yellow,N,X,A,yellow,N,X
HL,4,57433,1,yellow,N,X,A,yellow,N,X
HL,4,57445,1,yellow,N,X,A,yellow,N,X
HL,4,57459,1,yellow,N,X,A,yellow,N,X
HL,4,57472,1,yellow,N,X,A,yellow,N,X
HL,4,57488,1,yellow,N,X,A,yellow,N,X
HL,4,57502,1,yellow,N,X,A,yellow,N,X
HL,4,57518,1,yellow,N,X,A,yellow,N,X
HL,4,57532,1,yellow,N,X,A,yellow,N,X
HL,4,57547,1,yellow,N,X,A,yellow,N,X
HL,4,57563,1,yellow,N,X,A,yellow,N,X
HL,4,57577,1,yellow,N,X,A,yellow,N,X
HL,4,57593,1,yellow,N,X,A,yellow,N,X
HL,4,57607,1,yellow,N,X,A,yellow,N,X
HL,4,57621,1,yellow,N,X,A,yellow,N,X
HL,4,57638,1,yellow,N,X,A,yellow,N,X
HL,4,57650,1,yellow,N,X,A,yellow,N,X
HL,4,57667,1,yellow,N,X,A,yellow,N,X
HL,4,57683,1,yellow,N,X,A,yellow,N,X
HL,4,57700,1,yellow,N,X,A,yellow,N,X
HL,4,57733,1,yellow,N,X,A,yellow,N,X
HL,4,57983,1,yellow,N,X,A,yellow,N,X
HL,4,58002,1,yellow,N,X,A,yellow,N,X
HL,4,58022,1,yellow,N,X,A,yellow,N,X
HL,4,58043,1,yellow,N,X,A,yellow,N,X
HL,4,58067,1,yellow,N,X,A,yellow,N,X
HL,4,58090,1,yellow,N,X,A,yellow,N,X
HL,4,58113,1,yellow,N,X,A,yellow,N,X
HL,4,58136,1,yellow,N,X,A,yellow,N,X
HL,4,58158,1,yellow,N,X,A,yellow,N,X
HL,4,58181,1,yellow,N,X,A,yellow,N,X
HL,4,58205,1,yellow,N,X,A,yellow,N,X
HL,4,58227,1,yellow,N,X,A,yellow,N,X
HL,4,58248,1,yellow,N,X,A,yellow,N,X
HL,4,58322,1,yellow,N,X,A,yellow,N,X
HL,4,58344,1,yellow,N,X,A,yellow,N,X
HL,4,58364,1,yellow,N,X,A,yellow,N,X
HL,4,58405,1,yellow,N,X,A,yellow,N,X
HL,4,58442,1,yellow,N,X,A,yellow,N,X
HL,4,58484,1,yellow,N,X,A,yellow,N,X
HL,4,59204,1,yellow,N,X,A,yellow,N,X
HL,4,59221,1,yellow,N,X,A,yellow,N,X
HL,4,59249,1,yellow,N,X,A,yellow,N,X
HL,4,59268,1,yellow,N,X,A,yellow,N,X
HL,4,59751,1,yellow,N,X,A,yellow,N,X
HL,4,59771,1,yellow,N,X,A,yellow,N,X
HL,4,59783,1,yellow,N,X,A,yellow,N,X
HL,4,59822,1,yellow,N,X,A,yellow,N,X
HL,4,59840,1,yellow,N,X,A,yellow,N,X
HL,4,59854,1,yellow,N,X,A,yellow,N,X
HL,4,59934,1,yellow,N,X,A,yellow,N,X
HL,4,59948,1,yellow,N,X,A,yellow,N,X
HL,4,59991,1,yellow,N,X,A,yellow,N,X
HL,4,60011,1,yellow,N,X,A,yellow,N,X
HL,4,60065,1,yellow,N,X,A,yellow,N,X
HL,4,60362,1,yellow,N,X,A,yellow,N,X
HL,4,60739,1,yellow,N,X,A,yellow,N,X
HL,4,60753,1,yellow,N,X,A,yellow,N,X
HL,4,60838,1,yellow,N,X,A,yellow,N,X
HL,4,60849,1,yellow,N,X,A,yellow,N,X
HL,4,60863,1,yellow,N,X,A,yellow,N,X
HL,4,61744,1,yellow,N,X,A,yellow,N,X
HL,4,61757,1,yellow,N,X,A,yellow,N,X
HL,4,61769,1,yellow,N,X,A,yellow,N,X
HL,4,61783,1,yellow,N,X,A,yellow,N,X
HL,4,61797,1,yellow,N,X,A,yellow,N,X
HL,4,61815,1,yellow,N,X,A,yellow,N,X
HL,4,61833,1,yellow,N,X,A,yellow,N,X
HL,4,61850,1,yellow,N,X,A,yellow,N,X
HL,4,61869,1,yellow,N,X,A,yellow,N,X
HL,4,61887,1,yellow,N,X,A,yellow,N,X
HL,4,61908,1,yellow,N,X,A,yellow,N,X
HL,4,61946,1,yellow,N,X,A,yellow,N,X
HL,4,61963,1,yellow,N,X,A,yellow,N,X
HL,4,61985,1,yellow,N,X,A,yellow,N,X
HL,4,62003,1,yellow,N,X,A,yellow,N,X
HL,4,62022,1,yellow,N,X,A,yellow,N,X
HL,4,62041,1,yellow,N,X,A,yellow,N,X
HL,4,62075,1,yellow,N,X,A,yellow,N,X
HL,4,62089,1,yellow,N,X,A,yellow,N,X
HL,4,62104,1,yellow,N,X,A,yellow,N,X
HL,4,62123,1,yellow,N,X,A,yellow,N,X
HL,4,62142,1,yellow,N,X,A,yellow,N,X
HL,4,62160,1,yellow,N,X,A,yellow,N,X
HL,4,62182,1,yellow,N,X,A,yellow,N,X
HL,4,62205,1,yellow,N,X,A,yellow,N,X
HL,4,62229,1,yellow,N,X,A,yellow,N,X
HL,4,62252,1,yellow,N,X,A,yellow,N,X
HL,4,62278,1,yellow,N,X,A,yellow,N,X
HL,4,62299,1,yellow,N,X,A,yellow,N,X
HL,4,62323,1,yellow,N,X,A,yellow,N,X
HL,4,62347,1,yellow,N,X,A,yellow,N,X
HL,4,62366,1,yellow,N,X,A,yellow,N,X
HL,4,62385,1,yellow,N,X,A,yellow,N,X
HL,4,62465,1,yellow,N,X,A,yellow,N,X
HL,4,62503,1,yellow,N,X,A,yellow,N,X
HL,4,62523,1,yellow,N,X,A,yellow,N,X
HL,4,62553,1,yellow,N,X,A,yellow,N,X
HL,4,62782,1,yellow,N,X,A,yellow,N,X
HL,4,62803,1,yellow,N,X,A,yellow,N,X
HL,4,62818,1,yellow,N,X,A,yellow,N,X
HL,4,62847,1,yellow,N,X,A,yellow,N,X
HL,4,62881,1,yellow,N,X,A,yellow,N,X
HL,4,62936,1,yellow,N,X,A,yellow,N,X
HL,4,62949,1,yellow,N,X,A,yellow,N,X
HL,4,63037,1,yellow,N,X,A,yellow,N,X
HL,4,63260,1,yellow,N,X,A,yellow,N,X
HL,4,63276,1,yellow,N,X,A,yellow,N,X
HL,4,63327,1,yellow,N,X,A,yellow,N,X
HL,4,63329,1,yellow,N,X,A,yellow,N,X
HL,4,63349,1,yellow,N,X,A,yellow,N,X
HL,4,63411,1,yellow,N,X,A,yellow,N,X
HL,4,63479,1,yellow,N,X,A,yellow,N,X
HL,4,63557,1,yellow,N,X,A,yellow,N,X
HL,4,63620,1,yellow,N,X,A,yellow,N,X
HL,4,64128,1,yellow,N,X,A,yellow,N,X
HL,4,64142,1,yellow,N,X,A,yellow,N,X
HL,4,64156,1,yellow,N,X,A,yellow,N,X
HL,4,64172,1,yellow,N,X,A,yellow,N,X
HL,4,64187,1,yellow,N,X,A,yellow,N,X
HL,4,64201,1,yellow,N,X,A,yellow,N,X
HL,4,64215,1,yellow,N,X,A,yellow,N,X
HL,4,64231,1,yellow,N,X,A,yellow,N,X
HL,4,64250,1,yellow,N,X,A,yellow,N,X
HL,4,64266,1,yellow,N,X,A,yellow,N,X
HL,4,64282,1,yellow,N,X,A,yellow,N,X
HL,4,64300,1,yellow,N,X,A,yellow,N,X
HL,4,64324,1,yellow,N,X,A,yellow,N,X
HL,4,64375,1,yellow,N,X,A,yellow,N,X
HL,4,64516,1,yellow,N,X,A,yellow,N,X
HL,4,64528,1,yellow,N,X,A,yellow,N,X
HL,4,64854,1,yellow,N,X,A,yellow,N,X
HL,4,64869,1,yellow,N,X,A,yellow,N,X
HL,4,64890,1,yellow,N,X,A,yellow,N,X
HL,4,64928,1,yellow,N,X,A,yellow,N,X
HL,4,65340,1,yellow,N,X,A,yellow,N,X
HL,4,65416,1,yellow,N,X,A,yellow,N,X
HL,4,65452,1,yellow,N,X,A,yellow,N,X
HL,4,65493,1,yellow,N,X,A,yellow,N,X
HL,4,66044,1,yellow,N,X,A,yellow,N,X
HL,4,66055,1,yellow,N,X,A,yellow,N,X
HL,4,66067,1,yellow,N,X,A,yellow,N,X
HL,4,66081,1,yellow,N,X,A,yellow,N,X
HL,4,66096,1,yellow,N,X,A,yellow,N,X
HL,4,66113,1,yellow,N,X,A,yellow,N,X
HL,4,66126,1,yellow,N,X,A,yellow,N,X
HL,4,66127,63,yellow,N,X,H,yellow,N,X
HL,4,66834,1,yellow,N,X,A,yellow,N,X
HL,4,66845,1,yellow,N,X,A,yellow,N,X
HL,4,66858,1,yellow,N,X,A,yellow,N,X
HL,4,66873,1,yellow,N,X,A,yellow,N,X
HL,4,66887,1,yellow,N,X,A,yellow,N,X
HL,4,66903,1,yellow,N,X,A,yellow,N,X
HL,4,66919,1,yellow,N,X,A,yellow,N,X
HL,4,66935,1,yellow,N,X,A,yellow,N,X
HL,4,66953,1,yellow,N,X,A,yellow,N,X
HL,4,66991,1,yellow,N,X,A,yellow,N,X
HL,4,67021,1,yellow,N,X,A,yellow,N,X
HL,4,67037,1,yellow,N,X,A,yellow,N,X
HL,4,67075,1,yellow,N,X,A,yellow,N,X
HL,4,67088,1,yellow,N,X,A,yellow,N,X
HL,4,67106,1,yellow,N,X,A,yellow,N,X
HL,4,67135,1,yellow,N,X,A,yellow,N,X
HL,4,67161,1,yellow,N,X,A,yellow,N,X
HL,4,67300,1,yellow,N,X,A,yellow,N,X
HL,4,67321,1,yellow,N,X,A,yellow,N,X
HL,4,69370,1,yellow,N,X,A,yellow,N,X
HL,4,69383,1,yellow,N,X,A,yellow,N,X
HL,4,69403,1,yellow,N,X,A,yellow,N,X
HL,4,69420,1,yellow,N,X,A,yellow,N,X
HL,4,69435,1,yellow,N,X,A,yellow,N,X
HL,4,69452,1,yellow,N,X,A,yellow,N,X
HL,4,69469,1,yellow,N,X,A,yellow,N,X
HL,4,69484,1,yellow,N,X,A,yellow,N,X
HL,4,69502,1,yellow,N,X,A,yellow,N,X
HL,4,69519,1,yellow,N,X,A,yellow,N,X
HL,4,69536,1,yellow,N,X,A,yellow,N,X
HL,4,69551,1,yellow,N,X,A,yellow,N,X
HL,4,69567,1,yellow,N,X,A,yellow,N,X
HL,4,69583,1,yellow,N,X,A,yellow,N,X
HL,4,69600,1,yellow,N,X,A,yellow,N,X
HL,4,69616,1,yellow,N,X,A,yellow,N,X
HL,4,69633,1,yellow,N,X,A,yellow,N,X
HL,4,69649,1,yellow,N,X,A,yellow,N,X
HL,4,69667,1,yellow,N,X,A,yellow,N,X
HL,4,69683,1,yellow,N,X,A,yellow,N,X
HL,4,69698,1,yellow,N,X,A,yellow,N,X
HL,4,69716,1,yellow,N,X,A,yellow,N,X
HL,4,69732,1,yellow,N,X,A,yellow,N,X
HL,4,69747,1,yellow,N,X,A,yellow,N,X
HL,4,69764,1,yellow,N,X,A,yellow,N,X
HL,4,69816,1,yellow,N,X,A,yellow,N,X
HL,4,69838,1,yellow,N,X,A,yellow,N,X
HL,4,69866,1,yellow,N,X,A,yellow,N,X
HL,4,69886,1,yellow,N,X,A,yellow,N,X
HL,4,69906,1,yellow,N,X,A,yellow,N,X
HL,4,69931,1,yellow,N,X,A,yellow,N,X
HL,4,69952,1,yellow,N,X,A,yellow,N,X
HL,4,69971,1,yellow,N,X,A,yellow,N,X
HL,4,69990,1,yellow,N,X,A,yellow,N,X
HL,4,70018,1,yellow,N,X,A,yellow,N,X
HL,4,70041,1,yellow,N,X,A,yellow,N,X
HL,4,70061,1,yellow,N,X,A,yellow,N,X
HL,4,70124,1,yellow,N,X,A,yellow,N,X
HL,4,70154,1,yellow,N,X,A,yellow,N,X
HL,4,70179,1,yellow,N,X,A,yellow,N,X
HL,4,70208,1,yellow,N,X,A,yellow,N,X
HL,4,70231,1,yellow,N,X,A,yellow,N,X
HL,4,70258,1,yellow,N,X,A,yellow,N,X
HL,4,70280,1,yellow,N,X,A,yellow,N,X
HL,4,70316,1,yellow,N,X,A,yellow,N,X
HL,4,70387,1,yellow,N,X,A,yellow,N,X
HL,4,70438,1,yellow,N,X,A,yellow,N,X
HL,4,70538,1,yellow,N,X,A,yellow,N,X
HL,4,70611,1,yellow,N,X,A,yellow,N,X
HL,4,70658,1,yellow,N,X,A,yellow,N,X
HL,4,70706,1,yellow,N,X,A,yellow,N,X
HL,4,70751,1,yellow,N,X,A,yellow,N,X
HL,4,70784,1,yellow,N,X,A,yellow,N,X
HL,4,70808,1,yellow,N,X,A,yellow,N,X
HL,4,70914,1,yellow,N,X,A,yellow,N,X
HL,4,71017,1,yellow,N,X,A,yellow,N,X
HL,4,71035,1,yellow,N,X,A,yellow,N,X
HL,4,71064,1,yellow,N,X,A,yellow,N,X
HL,4,71160,1,yellow,N,X,A,yellow,N,X
HL,4,71178,1,yellow,N,X,A,yellow,N,X
HL,4,71280,1,yellow,N,X,A,yellow,N,X
HL,4,71302,1,yellow,N,X,A,yellow,N,X
HL,4,71347,1,yellow,N,X,A,yellow,N,X
HL,4,71549,1,yellow,N,X,A,yellow,N,X
HL,4,71566,1,yellow,N,X,A,yellow,N,X
HL,4,71591,1,yellow,N,X,A,yellow,N,X
HL,4,71609,1,yellow,N,X,A,yellow,N,X
HL,4,71672,1,yellow,N,X,A,yellow,N,X
HL,4,71686,1,yellow,N,X,A,yellow,N,X
HL,4,71705,1,yellow,N,X,A,yellow,N,X
HL,4,71724,1,yellow,N,X,A,yellow,N,X
HL,4,71977,1,yellow,N,X,A,yellow,N,X
HL,4,71991,1,yellow,N,X,A,yellow,N,X
HL,4,72006,1,yellow,N,X,A,yellow,N,X
HL,4,72021,1,yellow,N,X,A,yellow,N,X
HL,4,72084,1,yellow,N,X,A,yellow,N,X
HL,4,72208,1,yellow,N,X,A,yellow,N,X
HL,4,72225,1,yellow,N,X,A,yellow,N,X
HL,4,72245,1,yellow,N,X,A,yellow,N,X
HL,4,73112,1,yellow,N,X,A,yellow,N,X
HL,4,73126,1,yellow,N,X,A,yellow,N,X
HL,4,73176,1,yellow,N,X,A,yellow,N,X
HL,4,73229,1,yellow,N,X,A,yellow,N,X
HL,4,73572,1,yellow,N,X,A,yellow,N,X
HL,4,73584,1,yellow,N,X,A,yellow,N,X
HL,4,73597,1,yellow,N,X,A,yellow,N,X
HL,4,73612,1,yellow,N,X,A,yellow,N,X
HL,4,73636,1,yellow,N,X,A,yellow,N,X
HL,4,73649,1,yellow,N,X,A,yellow,N,X
HL,4,73662,1,yellow,N,X,A,yellow,N,X
HL,4,73700,1,yellow,N,X,A,yellow,N,X
HL,4,73713,1,yellow,N,X,A,yellow,N,X
HL,4,73824,1,yellow,N,X,A,yellow,N,X
HL,4,73836,1,yellow,N,X,A,yellow,N,X
HL,4,73883,265,yellow,N,X,H,yellow,N,X
HL,4,75412,1,yellow,N,X,A,yellow,N,X
HL,4,75427,1,yellow,N,X,A,yellow,N,X
HL,4,76026,1,yellow,N,X,A,yellow,N,X
HL,4,76037,1,yellow,N,X,A,yellow,N,X
HL,4,76051,1,yellow,N,X,A,yellow,N,X
HL,4,76155,1,yellow,N,X,A,yellow,N,X
HL,4,76175,1,yellow,N,X,A,yellow,N,X
HL,4,76765,1,yellow,N,X,A,yellow,N,X
HL,4,76778,1,yellow,N,X,A,yellow,N,X
HL,4,76886,1,yellow,N,X,A,yellow,N,X
HL,4,76912,1,yellow,N,X,A,yellow,N,X
HL,4,76926,1,yellow,N,X,A,yellow,N,X
HL,4,76942,1,yellow,N,X,A,yellow,N,X
HL,4,77003,1,yellow,N,X,A,yellow,N,X
HL,4,77070,1,yellow,N,X,A,yellow,N,X
HL,4,77114,1,yellow,N,X,A,yellow,N,X
HL,4,77178,1,yellow,N,X,A,yellow,N,X
HL,4,77199,1,yellow,N,X,A,yellow,N,X
HL,4,77237,1,yellow,N,X,A,yellow,N,X
HL,4,77275,1,yellow,N,X,A,yellow,N,X
HL,4,77565,1,yellow,N,X,A,yellow,N,X
HL,4,77707,1,yellow,N,X,A,yellow,N,X
HL,4,77739,1,yellow,N,X,A,yellow,N,X
HL,4,77898,1,yellow,N,X,A,yellow,N,X
HL,4,77915,1,yellow,N,X,A,yellow,N,X
HL,4,77928,1,yellow,N,X,A,yellow,N,X
HL,4,77944,1,yellow,N,X,A,yellow,N,X
HL,4,78086,1,yellow,N,X,A,yellow,N,X
HL,4,78118,1,yellow,N,X,A,yellow,N,X
HL,4,78173,1,yellow,N,X,A,yellow,N,X
HL,4,78215,1,yellow,N,X,A,yellow,N,X
HL,4,78406,1,yellow,N,X,A,yellow,N,X
HL,4,78422,1,yellow,N,X,A,yellow,N,X
HL,4,78921,1,yellow,N,X,A,yellow,N,X
HL,4,78938,1,yellow,N,X,A,yellow,N,X
HL,4,79054,1,yellow,N,X,A,yellow,N,X
HL,4,79071,1,yellow,N,X,A,yellow,N,X
HL,4,79241,1,yellow,N,X,A,yellow,N,X
HL,4,79255,1,yellow,N,X,A,yellow,N,X
HL,4,79274,1,yellow,N,X,A,yellow,N,X
HL,4,79423,1,yellow,N,X,A,yellow,N,X
HL,4,79440,1,yellow,N,X,A,yellow,N,X
HL,4,79446,1,yellow,N,X,A,yellow,N,X
HL,4,79457,1,yellow,N,X,A,yellow,N,X
HL,4,79470,1,yellow,N,X,A,yellow,N,X
HL,4,79872,1,yellow,N,X,A,yellow,N,X
HL,4,79885,1,yellow,N,X,A,yellow,N,X
HL,4,79915,1,yellow,N,X,A,yellow,N,X
HL,4,79935,1,yellow,N,X,A,yellow,N,X
HL,4,79973,1,yellow,N,X,A,yellow,N,X
HL,4,80003,1,yellow,N,X,A,yellow,N,X
HL,4,80038,1,yellow,N,X,A,yellow,N,X
HL,4,80061,1,yellow,N,X,A,yellow,N,X
HL,4,80087,1,yellow,N,X,A,yellow,N,X
HL,4,80126,1,yellow,N,X,A,yellow,N,X
HL,4,80153,1,yellow,N,X,A,yellow,N,X
HL,4,80178,1,yellow,N,X,A,yellow,N,X
HL,4,80201,1,yellow,N,X,A,yellow,N,X
HL,4,80226,1,yellow,N,X,A,yellow,N,X
HL,4,80289,53,yellow,N,X,H,yellow,N,X
HL,4,80342,1,yellow,N,X,A,yellow,N,X
HL,4,80414,1,yellow,N,X,A,yellow,N,X
HL,4,80438,1,yellow,N,X,A,yellow,N,X
HL,4,80548,1,yellow,N,X,A,yellow,N,X
HL,4,80561,1,yellow,N,X,A,yellow,N,X
HL,4,80577,1,yellow,N,X,A,yellow,N,X
HL,4,80598,1,yellow,N,X,A,yellow,N,X
HL,4,80664,1,yellow,N,X,A,yellow,N,X
HL,4,80680,1,yellow,N,X,A,yellow,N,X
HL,4,80700,1,yellow,N,X,A,yellow,N,X
HL,4,82603,1,yellow,N,X,A,yellow,N,X
HL,4,82623,1,yellow,N,X,A,yellow,N,X
HL,4,82718,1,yellow,N,X,A,yellow,N,X
HL,4,82731,1,yellow,N,X,A,yellow,N,X
HL,4,82746,1,yellow,N,X,A,yellow,N,X
HL,4,82806,1,yellow,N,X,A,yellow,N,X
HL,4,82818,1,yellow,N,X,A,yellow,N,X
HL,4,82891,1,yellow,N,X,A,yellow,N,X
HL,4,82892,37,yellow,N,X,H,yellow,N,X
HL,4,82929,1,yellow,N,X,A,yellow,N,X
HL,4,82930,40,yellow,N,X,H,yellow,N,X
HL,4,82988,1,yellow,N,X,A,yellow,N,X
HL,4,83027,75,yellow,N,X,H,yellow,N,X
HL,4,83484,1,yellow,N,X,A,yellow,N,X
HL,4,83495,1,yellow,N,X,A,yellow,N,X
HL,4,83508,1,yellow,N,X,A,yellow,N,X
HL,4,83522,1,yellow,N,X,A,yellow,N,X
HL,4,83534,1,yellow,N,X,A,yellow,N,X
HL,4,83553,1,yellow,N,X,A,yellow,N,X
HL,4,83568,1,yellow,N,X,A,yellow,N,X
HL,4,83636,1,yellow,N,X,A,yellow,N,X
HL,4,84130,1,yellow,N,X,A,yellow,N,X
HL,4,84194,1,yellow,N,X,A,yellow,N,X
HL,4,84209,1,yellow,N,X,A,yellow,N,X
HL,4,132,1,orange,N,X,A,orange,N,X
HL,4,276,1,orange,N,X,A,orange,N,X
HL,4,294,1,orange,N,X,A,orange,N,X
HL,4,2091,1,orange,N,X,A,orange,N,X
HL,4,2109,1,orange,N,X,A,orange,N,X
HL,4,2942,1,orange,N,X,A,orange,N,X
HL,4,3183,1,orange,N,X,A,orange,N,X
HL,4,3198,1,orange,N,X,A,orange,N,X
HL,4,3212,1,orange,N,X,A,orange,N,X
HL,4,4297,1,orange,N,X,A,orange,N,X
HL,4,4312,1,orange,N,X,A,orange,N,X
HL,4,6272,1,orange,N,X,A,orange,N,X
HL,4,6287,1,orange,N,X,A,orange,N,X
HL,4,6746,1,orange,N,X,A,orange,N,X
HL,4,8356,1,orange,N,X,A,orange,N,X
HL,4,8386,1,orange,N,X,A,orange,N,X
HL,4,10243,1,orange,N,X,A,orange,N,X
HL,4,10277,1,orange,N,X,A,orange,N,X
HL,4,11183,1,orange,N,X,A,orange,N,X
HL,4,14223,1,orange,N,X,A,orange,N,X
HL,4,14273,1,orange,N,X,A,orange,N,X
HL,4,14328,1,orange,N,X,A,orange,N,X
HL,4,15106,1,orange,N,X,A,orange,N,X
HL,4,15126,1,orange,N,X,A,orange,N,X
HL,4,17328,1,orange,N,X,A,orange,N,X
HL,4,17438,1,orange,N,X,A,orange,N,X
HL,4,17459,1,orange,N,X,A,orange,N,X
HL,4,17519,1,orange,N,X,A,orange,N,X
HL,4,22398,1,orange,N,X,A,orange,N,X
HL,4,23060,1,orange,N,X,A,orange,N,X
HL,4,23889,1,orange,N,X,A,orange,N,X
HL,4,24657,1,orange,N,X,A,orange,N,X
HL,4,24670,1,orange,N,X,A,orange,N,X
HL,4,24703,1,orange,N,X,A,orange,N,X
HL,4,24715,1,orange,N,X,A,orange,N,X
HL,4,24813,1,orange,N,X,A,orange,N,X
HL,4,24826,1,orange,N,X,A,orange,N,X
HL,4,24839,76,orange,N,X,H,orange,N,X
HL,4,24915,1,orange,N,X,A,orange,N,X
HL,4,26050,1,orange,N,X,A,orange,N,X
HL,4,26083,1,orange,N,X,A,orange,N,X
HL,4,26413,1,orange,N,X,A,orange,N,X
HL,4,26449,1,orange,N,X,A,orange,N,X
HL,4,26470,1,orange,N,X,A,orange,N,X
HL,4,26489,1,orange,N,X,A,orange,N,X
HL,4,26699,1,orange,N,X,A,orange,N,X
HL,4,26713,1,orange,N,X,A,orange,N,X
HL,4,26767,1,orange,N,X,A,orange,N,X
HL,4,27436,1,orange,N,X,A,orange,N,X
HL,4,27479,1,orange,N,X,A,orange,N,X
HL,4,27480,172,orange,N,X,H,orange,N,X
HL,4,27652,1,orange,N,X,A,orange,N,X
HL,4,27653,48,orange,N,X,H,orange,N,X
HL,4,32570,109,orange,N,X,H,orange,N,X
HL,4,32679,1,orange,N,X,A,orange,N,X
HL,4,43035,1938,orange,N,X,H,orange,N,X
HL,4,44973,2,orange,N,X,O,orange,N,X
HL,4,44975,165,orange,N,X,H,orange,N,X
HL,4,45271,13,orange,N,X,H,orange,N,X
HL,4,45341,1,orange,N,X,A,orange,N,X
HL,4,45384,1,orange,N,X,A,orange,N,X
HL,4,45403,1,orange,N,X,A,orange,N,X
HL,4,46630,1,orange,N,X,A,orange,N,X
HL,4,46646,1,orange,N,X,A,orange,N,X
HL,4,46722,1,orange,N,X,A,orange,N,X
HL,4,46738,1,orange,N,X,A,orange,N,X
HL,4,46760,1,orange,N,X,A,orange,N,X
HL,4,46814,1,orange,N,X,A,orange,N,X
HL,4,46872,1,orange,N,X,A,orange,N,X
HL,4,46969,147,orange,N,X,H,orange,N,X
HL,4,47116,1,orange,N,X,A,orange,N,X
HL,4,47266,1,orange,N,X,A,orange,N,X
HL,4,47298,63,orange,N,X,H,orange,N,X
HL,4,47370,1,orange,N,X,A,orange,N,X
HL,4,47407,1,orange,N,X,A,orange,N,X
HL,4,47564,1,orange,N,X,A,orange,N,X
HL,4,48333,1,orange,N,X,A,orange,N,X
HL,4,48411,1,orange,N,X,A,orange,N,X
HL,4,48423,84,orange,N,X,H,orange,N,X
HL,4,48507,1,orange,N,X,A,orange,N,X
HL,4,50041,1,orange,N,X,A,orange,N,X
HL,4,50074,1,orange,N,X,A,orange,N,X
HL,4,50103,1,orange,N,X,A,orange,N,X
HL,4,50124,39,orange,N,X,H,orange,N,X
HL,4,50163,1,orange,N,X,A,orange,N,X
HL,4,50563,1,orange,N,X,A,orange,N,X
HL,4,50583,1,orange,N,X,A,orange,N,X
HL,4,51627,1,orange,N,X,A,orange,N,X
HL,4,51640,1,orange,N,X,A,orange,N,X
HL,4,51657,1,orange,N,X,A,orange,N,X
HL,4,51693,3,orange,N,X,H,orange,N,X
HL,4,55108,1,orange,N,X,A,orange,N,X
HL,4,55139,1,orange,N,X,A,orange,N,X
HL,4,55156,1,orange,N,X,A,orange,N,X
HL,4,55177,1,orange,N,X,A,orange,N,X
HL,4,55186,84,orange,N,X,H,orange,N,X
HL,4,55910,1,orange,N,X,A,orange,N,X
HL,4,55924,1,orange,N,X,A,orange,N,X
HL,4,55947,1,orange,N,X,A,orange,N,X
HL,4,55979,1,orange,N,X,A,orange,N,X
HL,4,56289,1,orange,N,X,A,orange,N,X
HL,4,56309,1,orange,N,X,A,orange,N,X
HL,4,56321,1,orange,N,X,A,orange,N,X
HL,4,57014,70,orange,N,X,H,orange,N,X
HL,4,57084,1,orange,N,X,A,orange,N,X
HL,4,57494,1,orange,N,X,A,orange,N,X
HL,4,58509,1,orange,N,X,A,orange,N,X
HL,4,58549,1,orange,N,X,A,orange,N,X
HL,4,58579,1,orange,N,X,A,orange,N,X
HL,4,58656,1,orange,N,X,A,orange,N,X
HL,4,58672,1,orange,N,X,A,orange,N,X
HL,4,60230,1,orange,N,X,A,orange,N,X
HL,4,61433,1,orange,N,X,A,orange,N,X
HL,4,61500,1,orange,N,X,A,orange,N,X
HL,4,61592,1,orange,N,X,A,orange,N,X
HL,4,61607,1,orange,N,X,A,orange,N,X
HL,4,61608,23,orange,N,X,H,orange,N,X
HL,4,62946,1,orange,N,X,A,orange,N,X
HL,4,62962,1,orange,N,X,A,orange,N,X
HL,4,62979,1,orange,N,X,A,orange,N,X
HL,4,62998,1,orange,N,X,A,orange,N,X
HL,4,63056,234,orange,N,X,H,orange,N,X
HL,4,64539,1,orange,N,X,A,orange,N,X
HL,4,64557,1,orange,N,X,A,orange,N,X
HL,4,69008,1,orange,N,X,A,orange,N,X
HL,4,69029,1,orange,N,X,A,orange,N,X
HL,4,69063,1,orange,N,X,A,orange,N,X
HL,4,69175,1,orange,N,X,A,orange,N,X
HL,4,71137,1,orange,N,X,A,orange,N,X
HL,4,71168,1,orange,N,X,A,orange,N,X
HL,4,71234,60,orange,N,X,H,orange,N,X
HL,4,71294,1,orange,N,X,A,orange,N,X
HL,4,72630,1,orange,N,X,A,orange,N,X
HL,4,75021,1,orange,N,X,A,orange,N,X
HL,4,75036,1,orange,N,X,A,orange,N,X
HL,4,75235,1,orange,N,X,A,orange,N,X
HL,4,75287,1,orange,N,X,A,orange,N,X
HL,4,75303,1,orange,N,X,A,orange,N,X
HL,4,75325,1,orange,N,X,A,orange,N,X
HL,4,75336,1,orange,N,X,A,orange,N,X
HL,4,75354,1,orange,N,X,A,orange,N,X
HL,4,75370,1,orange,N,X,A,orange,N,X
HL,4,75478,1,orange,N,X,A,orange,N,X
HL,4,75489,1,orange,N,X,A,orange,N,X
HL,4,75501,1,orange,N,X,A,orange,N,X
HL,4,75517,1,orange,N,X,A,orange,N,X
HL,4,75571,1,orange,N,X,A,orange,N,X
HL,4,75583,1,orange,N,X,A,orange,N,X
HL,4,75594,1,orange,N,X,A,orange,N,X
HL,4,75607,1,orange,N,X,A,orange,N,X
HL,4,75621,1,orange,N,X,A,orange,N,X
HL,4,75636,1,orange,N,X,A,orange,N,X
HL,4,75652,1,orange,N,X,A,orange,N,X
HL,4,75670,1,orange,N,X,A,orange,N,X
HL,4,75684,1,orange,N,X,A,orange,N,X
HL,4,75717,1,orange,N,X,A,orange,N,X
HL,4,75732,1,orange,N,X,A,orange,N,X
HL,4,76108,1,orange,N,X,A,orange,N,X
HL,4,76122,1,orange,N,X,A,orange,N,X
HL,4,76137,1,orange,N,X,A,orange,N,X
HL,4,76153,1,orange,N,X,A,orange,N,X
HL,4,76168,1,orange,N,X,A,orange,N,X
HL,4,76195,1,orange,N,X,A,orange,N,X
HL,4,76219,1,orange,N,X,A,orange,N,X
HL,4,76245,1,orange,N,X,A,orange,N,X
HL,4,76314,1,orange,N,X,A,orange,N,X
HL,4,76364,1,orange,N,X,A,orange,N,X
HL,4,76385,1,orange,N,X,A,orange,N,X
HL,4,76446,1,orange,N,X,A,orange,N,X
HL,4,76467,1,orange,N,X,A,orange,N,X
HL,4,76519,1,orange,N,X,A,orange,N,X
HL,4,76990,1,orange,N,X,A,orange,N,X
HL,4,77048,1,orange,N,X,A,orange,N,X
HL,4,77084,1,orange,N,X,A,orange,N,X
HL,4,77134,1,orange,N,X,A,orange,N,X
HL,4,77163,1,orange,N,X,A,orange,N,X
HL,4,77176,1,orange,N,X,A,orange,N,X
HL,4,77189,1,orange,N,X,A,orange,N,X
HL,4,77202,1,orange,N,X,A,orange,N,X
HL,4,77217,1,orange,N,X,A,orange,N,X
HL,4,77231,1,orange,N,X,A,orange,N,X
HL,4,77246,1,orange,N,X,A,orange,N,X
HL,4,77300,1,orange,N,X,A,orange,N,X
HL,4,77376,1,orange,N,X,A,orange,N,X
HL,4,77391,1,orange,N,X,A,orange,N,X
HL,4,77419,1,orange,N,X,A,orange,N,X
HL,4,77433,1,orange,N,X,A,orange,N,X
HL,4,77449,1,orange,N,X,A,orange,N,X
HL,4,77687,1,orange,N,X,A,orange,N,X
HL,4,77700,1,orange,N,X,A,orange,N,X
HL,4,77720,1,orange,N,X,A,orange,N,X
HL,4,77732,1,orange,N,X,A,orange,N,X
HL,4,77747,1,orange,N,X,A,orange,N,X
HL,4,77760,1,orange,N,X,A,orange,N,X
HL,4,77775,1,orange,N,X,A,orange,N,X
HL,4,78109,1,orange,N,X,A,orange,N,X
HL,4,78119,1,orange,N,X,A,orange,N,X
HL,4,78131,1,orange,N,X,A,orange,N,X
HL,4,78144,1,orange,N,X,A,orange,N,X
HL,4,78168,399,orange,N,X,H,orange,N,X
HL,4,78794,1,orange,N,X,A,orange,N,X
HL,4,78818,1,orange,N,X,A,orange,N,X
HL,4,78883,1,orange,N,X,A,orange,N,X
HL,4,78946,1,orange,N,X,A,orange,N,X
HL,4,78970,1,orange,N,X,A,orange,N,X
HL,4,78998,1,orange,N,X,A,orange,N,X
HL,4,79017,1,orange,N,X,A,orange,N,X
HL,4,79055,1,orange,N,X,A,orange,N,X
HL,4,79112,1,orange,N,X,A,orange,N,X
HL,4,79161,1,orange,N,X,A,orange,N,X
HL,4,79332,1,orange,N,X,A,orange,N,X
HL,4,79345,1,orange,N,X,A,orange,N,X
HL,4,79511,1,orange,N,X,A,orange,N,X
HL,4,79563,1,orange,N,X,A,orange,N,X
HL,4,79577,1,orange,N,X,A,orange,N,X
HL,4,79589,1,orange,N,X,A,orange,N,X
HL,4,79602,1,orange,N,X,A,orange,N,X
HL,4,79618,1,orange,N,X,A,orange,N,X
HL,4,79639,1,orange,N,X,A,orange,N,X
HL,4,79652,1,orange,N,X,A,orange,N,X
HL,4,79669,1,orange,N,X,A,orange,N,X
HL,4,79692,1,orange,N,X,A,orange,N,X
HL,4,79707,1,orange,N,X,A,orange,N,X
HL,4,79723,1,orange,N,X,A,orange,N,X
HL,4,79804,1,orange,N,X,A,orange,N,X
HL,4,79821,1,orange,N,X,A,orange,N,X
HL,4,79837,1,orange,N,X,A,orange,N,X
HL,4,79856,1,orange,N,X,A,orange,N,X
HL,4,79911,1,orange,N,X,A,orange,N,X
HL,4,79931,1,orange,N,X,A,orange,N,X
HL,4,79952,1,orange,N,X,A,orange,N,X
HL,4,79969,1,orange,N,X,A,orange,N,X
HL,4,80100,1,orange,N,X,A,orange,N,X
HL,4,80114,1,orange,N,X,A,orange,N,X
HL,4,80129,1,orange,N,X,A,orange,N,X
HL,4,80145,1,orange,N,X,A,orange,N,X
HL,4,80163,1,orange,N,X,A,orange,N,X
HL,4,80179,1,orange,N,X,A,orange,N,X
HL,4,80237,1,orange,N,X,A,orange,N,X
HL,4,80280,1,orange,N,X,A,orange,N,X
HL,4,80300,1,orange,N,X,A,orange,N,X
HL,4,80320,1,orange,N,X,A,orange,N,X
HL,4,80343,1,orange,N,X,A,orange,N,X
HL,4,80364,1,orange,N,X,A,orange,N,X
HL,4,80385,1,orange,N,X,A,orange,N,X
HL,4,80408,1,orange,N,X,A,orange,N,X
HL,4,80515,1,orange,N,X,A,orange,N,X
HL,4,80527,1,orange,N,X,A,orange,N,X
HL,4,80545,1,orange,N,X,A,orange,N,X
HL,4,80603,1,orange,N,X,A,orange,N,X
HL,4,80617,1,orange,N,X,A,orange,N,X
HL,4,80661,1,orange,N,X,A,orange,N,X
HL,4,80676,1,orange,N,X,A,orange,N,X
HL,4,80689,1,orange,N,X,A,orange,N,X
HL,4,80704,1,orange,N,X,A,orange,N,X
HL,4,80746,1,orange,N,X,A,orange,N,X
HL,4,80774,1,orange,N,X,A,orange,N,X
HL,4,80782,128,orange,N,X,H,orange,N,X
HL,4,82954,1,orange,N,X,A,orange,N,X
HL,4,83624,1,orange,N,X,A,orange,N,X
HL,4,83651,1,orange,N,X,A,orange,N,X
HL,4,83674,1,orange,N,X,A,orange,N,X
HL,4,83708,1,orange,N,X,A,orange,N,X
HL,4,84029,1,orange,N,X,A,orange,N,X
HL,4,84040,1,orange,N,X,A,orange,N,X
HL,4,84051,1,orange,N,X,A,orange,N,X
HL,4,84079,1,orange,N,X,A,orange,N,X
HL,4,746,1,red,N,X,A,red,N,X
HL,4,763,1,red,N,X,A,red,N,X
HL,4,2876,1,red,N,X,A,red,N,X
HL,4,2892,1,red,N,X,A,red,N,X
HL,4,2910,1,red,N,X,A,red,N,X
HL,4,2944,1,red,N,X,A,red,N,X
HL,4,3643,1,red,N,X,A,red,N,X
HL,4,4677,1,red,N,X,A,red,N,X
HL,4,4689,1,red,N,X,A,red,N,X
HL,4,4703,1,red,N,X,A,red,N,X
HL,4,5111,1,red,N,X,A,red,N,X
HL,4,5124,1,red,N,X,A,red,N,X
HL,4,6470,1,red,N,X,A,red,N,X
HL,4,6485,1,red,N,X,A,red,N,X
HL,4,6914,1,red,N,X,A,red,N,X
HL,4,6927,1,red,N,X,A,red,N,X
HL,4,6972,1,red,N,X,A,red,N,X
HL,4,6996,1,red,N,X,A,red,N,X
HL,4,7143,1,red,N,X,A,red,N,X
HL,4,7158,1,red,N,X,A,red,N,X
HL,4,7735,1,red,N,X,A,red,N,X
HL,4,7750,1,red,N,X,A,red,N,X
HL,4,7917,1,red,N,X,A,red,N,X
HL,4,7929,1,red,N,X,A,red,N,X
HL,4,9393,1,red,N,X,A,red,N,X
HL,4,9414,1,red,N,X,A,red,N,X
HL,4,10667,1,red,N,X,A,red,N,X
HL,4,10685,1,red,N,X,A,red,N,X
HL,4,10760,1,red,N,X,A,red,N,X
HL,4,10774,1,red,N,X,A,red,N,X
HL,4,11584,1,red,N,X,A,red,N,X
HL,4,11596,1,red,N,X,A,red,N,X
HL,4,11670,1,red,N,X,A,red,N,X
HL,4,11682,1,red,N,X,A,red,N,X
HL,4,11977,1,red,N,X,A,red,N,X
HL,4,11988,1,red,N,X,A,red,N,X
HL,4,12003,1,red,N,X,A,red,N,X
HL,4,12026,1,red,N,X,A,red,N,X
HL,4,12065,1,red,N,X,A,red,N,X
HL,4,12076,1,red,N,X,A,red,N,X
HL,4,12090,1,red,N,X,A,red,N,X
HL,4,12109,1,red,N,X,A,red,N,X
HL,4,12311,1,red,N,X,A,red,N,X
HL,4,12320,1,red,N,X,A,red,N,X
HL,4,12331,1,red,N,X,A,red,N,X
HL,4,12863,1,red,N,X,A,red,N,X
HL,4,12873,1,red,N,X,A,red,N,X
HL,4,12885,1,red,N,X,A,red,N,X
HL,4,12902,1,red,N,X,A,red,N,X
HL,4,13150,1,red,N,X,A,red,N,X
HL,4,13159,1,red,N,X,A,red,N,X
HL,4,13174,1,red,N,X,A,red,N,X
HL,4,13188,1,red,N,X,A,red,N,X
HL,4,13218,1,red,N,X,A,red,N,X
HL,4,13257,1,red,N,X,A,red,N,X
HL,4,13280,1,red,N,X,A,red,N,X
HL,4,13304,1,red,N,X,A,red,N,X
HL,4,13339,1,red,N,X,A,red,N,X
HL,4,13353,1,red,N,X,A,red,N,X
HL,4,13378,1,red,N,X,A,red,N,X
HL,4,13622,1,red,N,X,A,red,N,X
HL,4,13635,1,red,N,X,A,red,N,X
HL,4,13653,1,red,N,X,A,red,N,X
HL,4,13667,1,red,N,X,A,red,N,X
HL,4,13688,1,red,N,X,A,red,N,X
HL,4,13727,1,red,N,X,A,red,N,X
HL,4,14038,1,red,N,X,A,red,N,X
HL,4,14049,1,red,N,X,A,red,N,X
HL,4,14075,1,red,N,X,A,red,N,X
HL,4,14119,1,red,N,X,A,red,N,X
HL,4,14135,1,red,N,X,A,red,N,X
HL,4,14152,1,red,N,X,A,red,N,X
HL,4,14168,1,red,N,X,A,red,N,X
HL,4,14287,1,red,N,X,A,red,N,X
HL,4,14309,1,red,N,X,A,red,N,X
HL,4,14329,1,red,N,X,A,red,N,X
HL,4,15488,1,red,N,X,A,red,N,X
HL,4,15515,1,red,N,X,A,red,N,X
HL,4,15647,1,red,N,X,A,red,N,X
HL,4,15665,1,red,N,X,A,red,N,X
HL,4,16300,1,red,N,X,A,red,N,X
HL,4,16322,1,red,N,X,A,red,N,X
HL,4,18674,1,red,N,X,A,red,N,X
HL,4,18707,1,red,N,X,A,red,N,X
HL,4,18764,1,red,N,X,A,red,N,X
HL,4,19191,1,red,N,X,A,red,N,X
HL,4,19870,1,red,N,X,A,red,N,X
HL,4,19904,1,red,N,X,A,red,N,X
HL,4,20022,1,red,N,X,A,red,N,X
HL,4,20035,1,red,N,X,A,red,N,X
HL,4,20112,1,red,N,X,A,red,N,X
HL,4,20906,1,red,N,X,A,red,N,X
HL,4,20942,1,red,N,X,A,red,N,X
HL,4,21554,1,red,N,X,A,red,N,X
HL,4,21571,1,red,N,X,A,red,N,X
HL,4,22800,1,red,N,X,A,red,N,X
HL,4,22814,1,red,N,X,A,red,N,X
HL,4,22830,1,red,N,X,A,red,N,X
HL,4,22845,1,red,N,X,A,red,N,X
HL,4,22865,1,red,N,X,A,red,N,X
HL,4,22880,1,red,N,X,A,red,N,X
HL,4,22919,1,red,N,X,A,red,N,X
HL,4,22932,1,red,N,X,A,red,N,X
HL,4,22946,1,red,N,X,A,red,N,X
HL,4,22961,1,red,N,X,A,red,N,X
HL,4,23248,1,red,N,X,A,red,N,X
HL,4,23258,1,red,N,X,A,red,N,X
HL,4,23271,1,red,N,X,A,red,N,X
HL,4,23319,1,red,N,X,A,red,N,X
HL,4,23852,1,red,N,X,A,red,N,X
HL,4,23866,1,red,N,X,A,red,N,X
HL,4,23922,1,red,N,X,A,red,N,X
HL,4,24322,1,red,N,X,A,red,N,X
HL,4,24336,1,red,N,X,A,red,N,X
HL,4,25109,1,red,N,X,A,red,N,X
HL,4,25215,1,red,N,X,A,red,N,X
HL,4,25257,1,red,N,X,A,red,N,X
HL,4,25620,1,red,N,X,A,red,N,X
HL,4,25630,1,red,N,X,A,red,N,X
HL,4,25643,1,red,N,X,A,red,N,X
HL,4,25681,1,red,N,X,A,red,N,X
HL,4,25715,1,red,N,X,A,red,N,X
HL,4,25858,1,red,N,X,A,red,N,X
HL,4,26299,1,red,N,X,A,red,N,X
HL,4,26313,1,red,N,X,A,red,N,X
HL,4,26908,1,red,N,X,A,red,N,X
HL,4,26922,1,red,N,X,A,red,N,X
HL,4,27427,1,red,N,X,A,red,N,X
HL,4,27437,1,red,N,X,A,red,N,X
HL,4,27445,1,red,N,X,A,red,N,X
HL,4,27517,1,red,N,X,A,red,N,X
HL,4,28314,1,red,N,X,A,red,N,X
HL,4,28327,1,red,N,X,A,red,N,X
HL,4,28462,1,red,N,X,A,red,N,X
HL,4,28471,1,red,N,X,A,red,N,X
HL,4,28483,1,red,N,X,A,red,N,X
HL,4,28494,1,red,N,X,A,red,N,X
HL,4,28511,1,red,N,X,A,red,N,X
HL,4,28542,1,red,N,X,A,red,N,X
HL,4,28618,1,red,N,X,A,red,N,X
HL,4,28637,1,red,N,X,A,red,N,X
HL,4,29063,1,red,N,X,A,red,N,X
HL,4,29083,1,red,N,X,A,red,N,X
HL,4,29102,1,red,N,X,A,red,N,X
HL,4,29113,1,red,N,X,A,red,N,X
HL,4,29126,1,red,N,X,A,red,N,X
HL,4,29173,1,red,N,X,A,red,N,X
HL,4,29186,1,red,N,X,A,red,N,X
HL,4,29504,1,red,N,X,A,red,N,X
HL,4,29512,1,red,N,X,A,red,N,X
HL,4,29522,1,red,N,X,A,red,N,X
HL,4,29559,1,red,N,X,A,red,N,X
HL,4,29568,1,red,N,X,A,red,N,X
HL,4,29577,1,red,N,X,A,red,N,X
HL,4,29674,1,red,N,X,A,red,N,X
HL,4,29682,1,red,N,X,A,red,N,X
HL,4,29691,1,red,N,X,A,red,N,X
HL,4,29700,1,red,N,X,A,red,N,X
HL,4,29709,1,red,N,X,A,red,N,X
HL,4,29787,1,red,N,X,A,red,N,X
HL,4,29818,1,red,N,X,A,red,N,X
HL,4,29830,1,red,N,X,A,red,N,X
HL,4,29866,1,red,N,X,A,red,N,X
HL,4,29876,1,red,N,X,A,red,N,X
HL,4,29886,1,red,N,X,A,red,N,X
HL,4,29896,1,red,N,X,A,red,N,X
HL,4,29909,1,red,N,X,A,red,N,X
HL,4,29933,1,red,N,X,A,red,N,X
HL,4,29950,1,red,N,X,A,red,N,X
HL,4,29966,1,red,N,X,A,red,N,X
HL,4,29984,1,red,N,X,A,red,N,X
HL,4,30005,1,red,N,X,A,red,N,X
HL,4,30067,1,red,N,X,A,red,N,X
HL,4,30078,1,red,N,X,A,red,N,X
HL,4,30088,1,red,N,X,A,red,N,X
HL,4,30099,1,red,N,X,A,red,N,X
HL,4,30112,1,red,N,X,A,red,N,X
HL,4,30127,1,red,N,X,A,red,N,X
HL,4,30151,1,red,N,X,A,red,N,X
HL,4,30174,1,red,N,X,A,red,N,X
HL,4,30189,1,red,N,X,A,red,N,X
HL,4,30203,1,red,N,X,A,red,N,X
HL,4,30325,1,red,N,X,A,red,N,X
HL,4,30339,1,red,N,X,A,red,N,X
HL,4,30362,1,red,N,X,A,red,N,X
HL,4,30377,1,red,N,X,A,red,N,X
HL,4,30710,1,red,N,X,A,red,N,X
HL,4,30720,1,red,N,X,A,red,N,X
HL,4,30732,1,red,N,X,A,red,N,X
HL,4,31045,1,red,N,X,A,red,N,X
HL,4,31072,1,red,N,X,A,red,N,X
HL,4,31096,1,red,N,X,A,red,N,X
HL,4,31106,1,red,N,X,A,red,N,X
HL,4,31118,1,red,N,X,A,red,N,X
HL,4,31308,1,red,N,X,A,red,N,X
HL,4,31319,1,red,N,X,A,red,N,X
HL,4,31331,1,red,N,X,A,red,N,X
HL,4,31342,1,red,N,X,A,red,N,X
HL,4,31375,1,red,N,X,A,red,N,X
HL,4,31385,1,red,N,X,A,red,N,X
HL,4,31397,1,red,N,X,A,red,N,X
HL,4,31412,1,red,N,X,A,red,N,X
HL,4,31435,1,red,N,X,A,red,N,X
HL,4,31683,1,red,N,X,A,red,N,X
HL,4,31692,1,red,N,X,A,red,N,X
HL,4,31702,1,red,N,X,A,red,N,X
HL,4,31713,1,red,N,X,A,red,N,X
HL,4,31775,1,red,N,X,A,red,N,X
HL,4,31786,1,red,N,X,A,red,N,X
HL,4,31796,1,red,N,X,A,red,N,X
HL,4,31809,1,red,N,X,A,red,N,X
HL,4,32036,1,red,N,X,A,red,N,X
HL,4,32045,1,red,N,X,A,red,N,X
HL,4,32057,1,red,N,X,A,red,N,X
HL,4,32114,1,red,N,X,A,red,N,X
HL,4,32250,1,red,N,X,A,red,N,X
HL,4,32335,1,red,N,X,A,red,N,X
HL,4,32344,1,red,N,X,A,red,N,X
HL,4,32354,1,red,N,X,A,red,N,X
HL,4,32720,1,red,N,X,A,red,N,X
HL,4,32874,1,red,N,X,A,red,N,X
HL,4,32883,1,red,N,X,A,red,N,X
HL,4,32895,1,red,N,X,A,red,N,X
HL,4,32906,1,red,N,X,A,red,N,X
HL,4,32916,1,red,N,X,A,red,N,X
HL,4,32929,1,red,N,X,A,red,N,X
HL,4,32941,1,red,N,X,A,red,N,X
HL,4,32955,1,red,N,X,A,red,N,X
HL,4,32958,1,red,N,X,A,red,N,X
HL,4,32970,1,red,N,X,A,red,N,X
HL,4,32980,1,red,N,X,A,red,N,X
HL,4,32993,1,red,N,X,A,red,N,X
HL,4,33005,1,red,N,X,A,red,N,X
HL,4,33021,1,red,N,X,A,red,N,X
HL,4,33035,1,red,N,X,A,red,N,X
HL,4,33595,1,red,N,X,A,red,N,X
HL,4,33613,1,red,N,X,A,red,N,X
HL,4,33625,1,red,N,X,A,red,N,X
HL,4,33814,1,red,N,X,A,red,N,X
HL,4,33824,1,red,N,X,A,red,N,X
HL,4,33835,1,red,N,X,A,red,N,X
HL,4,33845,1,red,N,X,A,red,N,X
HL,4,33856,1,red,N,X,A,red,N,X
HL,4,33866,1,red,N,X,A,red,N,X
HL,4,33880,1,red,N,X,A,red,N,X
HL,4,33916,1,red,N,X,A,red,N,X
HL,4,33936,1,red,N,X,A,red,N,X
HL,4,33949,1,red,N,X,A,red,N,X
HL,4,33969,1,red,N,X,A,red,N,X
HL,4,34064,1,red,N,X,A,red,N,X
HL,4,34106,1,red,N,X,A,red,N,X
HL,4,34118,1,red,N,X,A,red,N,X
HL,4,34136,1,red,N,X,A,red,N,X
HL,4,34420,1,red,N,X,A,red,N,X
HL,4,34429,1,red,N,X,A,red,N,X
HL,4,34440,1,red,N,X,A,red,N,X
HL,4,34455,1,red,N,X,A,red,N,X
HL,4,34466,1,red,N,X,A,red,N,X
HL,4,34483,1,red,N,X,A,red,N,X
HL,4,34663,1,red,N,X,A,red,N,X
HL,4,34676,1,red,N,X,A,red,N,X
HL,4,34688,1,red,N,X,A,red,N,X
HL,4,34728,1,red,N,X,A,red,N,X
HL,4,34830,1,red,N,X,A,red,N,X
HL,4,35025,1,red,N,X,A,red,N,X
HL,4,35037,1,red,N,X,A,red,N,X
HL,4,35048,1,red,N,X,A,red,N,X
HL,4,35193,1,red,N,X,A,red,N,X
HL,4,35205,1,red,N,X,A,red,N,X
HL,4,35218,1,red,N,X,A,red,N,X
HL,4,35231,1,red,N,X,A,red,N,X
HL,4,35273,1,red,N,X,A,red,N,X
HL,4,35336,1,red,N,X,A,red,N,X
HL,4,35470,1,red,N,X,A,red,N,X
HL,4,35481,1,red,N,X,A,red,N,X
HL,4,35491,1,red,N,X,A,red,N,X
HL,4,35502,1,red,N,X,A,red,N,X
HL,4,35842,1,red,N,X,A,red,N,X
HL,4,35853,1,red,N,X,A,red,N,X
HL,4,35864,1,red,N,X,A,red,N,X
HL,4,35896,1,red,N,X,A,red,N,X
HL,4,35903,1,red,N,X,A,red,N,X
HL,4,35915,1,red,N,X,A,red,N,X
HL,4,35927,1,red,N,X,A,red,N,X
HL,4,35992,1,red,N,X,A,red,N,X
HL,4,36003,1,red,N,X,A,red,N,X
HL,4,36015,1,red,N,X,A,red,N,X
HL,4,36027,1,red,N,X,A,red,N,X
HL,4,36043,1,red,N,X,A,red,N,X
HL,4,36055,1,red,N,X,A,red,N,X
HL,4,36256,1,red,N,X,A,red,N,X
HL,4,36266,1,red,N,X,A,red,N,X
HL,4,36275,1,red,N,X,A,red,N,X
HL,4,36313,1,red,N,X,A,red,N,X
HL,4,36335,1,red,N,X,A,red,N,X
HL,4,36350,1,red,N,X,A,red,N,X
HL,4,36532,1,red,N,X,A,red,N,X
HL,4,36543,1,red,N,X,A,red,N,X
HL,4,36575,1,red,N,X,A,red,N,X
HL,4,36926,1,red,N,X,A,red,N,X
HL,4,36938,1,red,N,X,A,red,N,X
HL,4,36949,1,red,N,X,A,red,N,X
HL,4,36960,1,red,N,X,A,red,N,X
HL,4,37116,1,red,N,X,A,red,N,X
HL,4,37154,1,red,N,X,A,red,N,X
HL,4,37170,1,red,N,X,A,red,N,X
HL,4,37231,235,red,N,X,H,red,N,X
HL,4,37466,1,red,N,X,A,red,N,X
HL,4,37511,1,red,N,X,A,red,N,X
HL,4,38950,1,red,N,X,A,red,N,X
HL,4,38974,1,red,N,X,A,red,N,X
HL,4,38988,1,red,N,X,A,red,N,X
HL,4,39017,1,red,N,X,A,red,N,X
HL,4,39031,1,red,N,X,A,red,N,X
HL,4,39049,1,red,N,X,A,red,N,X
HL,4,39373,1,red,N,X,A,red,N,X
HL,4,39385,1,red,N,X,A,red,N,X
HL,4,39794,1,red,N,X,A,red,N,X
HL,4,39806,1,red,N,X,A,red,N,X
HL,4,39851,1,red,N,X,A,red,N,X
HL,4,39925,1,red,N,X,A,red,N,X
HL,4,39938,1,red,N,X,A,red,N,X
HL,4,40126,1,red,N,X,A,red,N,X
HL,4,40135,1,red,N,X,A,red,N,X
HL,4,40149,1,red,N,X,A,red,N,X
HL,4,40162,1,red,N,X,A,red,N,X
HL,4,40183,1,red,N,X,A,red,N,X
HL,4,40203,1,red,N,X,A,red,N,X
HL,4,40480,1,red,N,X,A,red,N,X
HL,4,40496,1,red,N,X,A,red,N,X
HL,4,40511,1,red,N,X,A,red,N,X
HL,4,40524,1,red,N,X,A,red,N,X
HL,4,40537,1,red,N,X,A,red,N,X
HL,4,40631,1,red,N,X,A,red,N,X
HL,4,41122,1,red,N,X,A,red,N,X
HL,4,41134,1,red,N,X,A,red,N,X
HL,4,41197,1,red,N,X,A,red,N,X
HL,4,41206,1,red,N,X,A,red,N,X
HL,4,41218,1,red,N,X,A,red,N,X
HL,4,41817,1,red,N,X,A,red,N,X
HL,4,41912,1,red,N,X,A,red,N,X
HL,4,41926,1,red,N,X,A,red,N,X
HL,4,41968,1,red,N,X,A,red,N,X
HL,4,42119,1,red,N,X,A,red,N,X
HL,4,42308,1,red,N,X,A,red,N,X
HL,4,42319,1,red,N,X,A,red,N,X
HL,4,42329,1,red,N,X,A,red,N,X
HL,4,42513,1,red,N,X,A,red,N,X
HL,4,42525,1,red,N,X,A,red,N,X
HL,4,42541,1,red,N,X,A,red,N,X
HL,4,43066,1,red,N,X,A,red,N,X
HL,4,43131,1,red,N,X,A,red,N,X
HL,4,43143,1,red,N,X,A,red,N,X
HL,4,43154,1,red,N,X,A,red,N,X
HL,4,43236,1,red,N,X,A,red,N,X
HL,4,43248,1,red,N,X,A,red,N,X
HL,4,43449,1,red,N,X,A,red,N,X
HL,4,43459,1,red,N,X,A,red,N,X
HL,4,43491,1,red,N,X,A,red,N,X
HL,4,43504,1,red,N,X,A,red,N,X
HL,4,43858,1,red,N,X,A,red,N,X
HL,4,43869,1,red,N,X,A,red,N,X
HL,4,43881,1,red,N,X,A,red,N,X
HL,4,43893,1,red,N,X,A,red,N,X
HL,4,43921,1,red,N,X,A,red,N,X
HL,4,43931,1,red,N,X,A,red,N,X
HL,4,43942,1,red,N,X,A,red,N,X
HL,4,44150,1,red,N,X,A,red,N,X
HL,4,44162,1,red,N,X,A,red,N,X
HL,4,44174,1,red,N,X,A,red,N,X
HL,4,44186,1,red,N,X,A,red,N,X
HL,4,44200,1,red,N,X,A,red,N,X
HL,4,44213,1,red,N,X,A,red,N,X
HL,4,44228,1,red,N,X,A,red,N,X
HL,4,44243,1,red,N,X,A,red,N,X
HL,4,44263,1,red,N,X,A,red,N,X
HL,4,44276,1,red,N,X,A,red,N,X
HL,4,44290,1,red,N,X,A,red,N,X
HL,4,44310,1,red,N,X,A,red,N,X
HL,4,44523,1,red,N,X,A,red,N,X
HL,4,44535,1,red,N,X,A,red,N,X
HL,4,44549,1,red,N,X,A,red,N,X
HL,4,44567,1,red,N,X,A,red,N,X
HL,4,44583,1,red,N,X,A,red,N,X
HL,4,44612,1,red,N,X,A,red,N,X
HL,4,44626,1,red,N,X,A,red,N,X
HL,4,44644,1,red,N,X,A,red,N,X
HL,4,44661,1,red,N,X,A,red,N,X
HL,4,44936,1,red,N,X,A,red,N,X
HL,4,44947,1,red,N,X,A,red,N,X
HL,4,44966,1,red,N,X,A,red,N,X
HL,4,44988,1,red,N,X,A,red,N,X
HL,4,45000,1,red,N,X,A,red,N,X
HL,4,45012,1,red,N,X,A,red,N,X
HL,4,45025,1,red,N,X,A,red,N,X
HL,4,45040,1,red,N,X,A,red,N,X
HL,4,45056,1,red,N,X,A,red,N,X
HL,4,45071,1,red,N,X,A,red,N,X
HL,4,45089,1,red,N,X,A,red,N,X
HL,4,45136,1,red,N,X,A,red,N,X
HL,4,45287,1,red,N,X,A,red,N,X
HL,4,45300,1,red,N,X,A,red,N,X
HL,4,45313,1,red,N,X,A,red,N,X
HL,4,45327,1,red,N,X,A,red,N,X
HL,4,45396,1,red,N,X,A,red,N,X
HL,4,45409,1,red,N,X,A,red,N,X
HL,4,45423,1,red,N,X,A,red,N,X
HL,4,45510,1,red,N,X,A,red,N,X
HL,4,45826,1,red,N,X,A,red,N,X
HL,4,45835,1,red,N,X,A,red,N,X
HL,4,45888,1,red,N,X,A,red,N,X
HL,4,45923,1,red,N,X,A,red,N,X
HL,4,45935,1,red,N,X,A,red,N,X
HL,4,45947,1,red,N,X,A,red,N,X
HL,4,45966,1,red,N,X,A,red,N,X
HL,4,45988,1,red,N,X,A,red,N,X
HL,4,46067,1,red,N,X,A,red,N,X
HL,4,46085,1,red,N,X,A,red,N,X
HL,4,46385,1,red,N,X,A,red,N,X
HL,4,46396,1,red,N,X,A,red,N,X
HL,4,46409,1,red,N,X,A,red,N,X
HL,4,46430,1,red,N,X,A,red,N,X
HL,4,46444,1,red,N,X,A,red,N,X
HL,4,47209,1,red,N,X,A,red,N,X
HL,4,47240,1,red,N,X,A,red,N,X
HL,4,47279,1,red,N,X,A,red,N,X
HL,4,47312,1,red,N,X,A,red,N,X
HL,4,47339,1,red,N,X,A,red,N,X
HL,4,47360,1,red,N,X,A,red,N,X
HL,4,47382,1,red,N,X,A,red,N,X
HL,4,47410,1,red,N,X,A,red,N,X
HL,4,47440,1,red,N,X,A,red,N,X
HL,4,47460,1,red,N,X,A,red,N,X
HL,4,47488,1,red,N,X,A,red,N,X
HL,4,47511,1,red,N,X,A,red,N,X
HL,4,47533,1,red,N,X,A,red,N,X
HL,4,47555,1,red,N,X,A,red,N,X
HL,4,47581,1,red,N,X,A,red,N,X
HL,4,47602,1,red,N,X,A,red,N,X
HL,4,47621,1,red,N,X,A,red,N,X
HL,4,47648,1,red,N,X,A,red,N,X
HL,4,47672,1,red,N,X,A,red,N,X
HL,4,47695,1,red,N,X,A,red,N,X
HL,4,47721,1,red,N,X,A,red,N,X
HL,4,47747,1,red,N,X,A,red,N,X
HL,4,47770,1,red,N,X,A,red,N,X
HL,4,47805,1,red,N,X,A,red,N,X
HL,4,47838,1,red,N,X,A,red,N,X
HL,4,47860,1,red,N,X,A,red,N,X
HL,4,47901,1,red,N,X,A,red,N,X
HL,4,47973,27,red,N,X,H,red,N,X
HL,4,48082,1,red,N,X,A,red,N,X
HL,4,48093,1,red,N,X,A,red,N,X
HL,4,48230,1,red,N,X,A,red,N,X
HL,4,48249,1,red,N,X,A,red,N,X
HL,4,48275,1,red,N,X,A,red,N,X
HL,4,48500,1,red,N,X,A,red,N,X
HL,4,49996,1,red,N,X,A,red,N,X
HL,4,50010,1,red,N,X,A,red,N,X
HL,4,50071,1,red,N,X,A,red,N,X
HL,4,50202,1,red,N,X,A,red,N,X
HL,4,50213,1,red,N,X,A,red,N,X
HL,4,50228,1,red,N,X,A,red,N,X
HL,4,50244,1,red,N,X,A,red,N,X
HL,4,50261,1,red,N,X,A,red,N,X
HL,4,50263,1,red,N,X,A,red,N,X
HL,4,50275,1,red,N,X,A,red,N,X
HL,4,50287,1,red,N,X,A,red,N,X
HL,4,50303,1,red,N,X,A,red,N,X
HL,4,50315,1,red,N,X,A,red,N,X
HL,4,50331,1,red,N,X,A,red,N,X
HL,4,50342,1,red,N,X,A,red,N,X
HL,4,50357,1,red,N,X,A,red,N,X
HL,4,50370,1,red,N,X,A,red,N,X
HL,4,50383,1,red,N,X,A,red,N,X
HL,4,50396,1,red,N,X,A,red,N,X
HL,4,50411,1,red,N,X,A,red,N,X
HL,4,50426,1,red,N,X,A,red,N,X
HL,4,50443,1,red,N,X,A,red,N,X
HL,4,50456,1,red,N,X,A,red,N,X
HL,4,50480,1,red,N,X,A,red,N,X
HL,4,50496,1,red,N,X,A,red,N,X
HL,4,50518,1,red,N,X,A,red,N,X
HL,4,50540,1,red,N,X,A,red,N,X
HL,4,50561,1,red,N,X,A,red,N,X
HL,4,50592,1,red,N,X,A,red,N,X
HL,4,50614,1,red,N,X,A,red,N,X
HL,4,50636,1,red,N,X,A,red,N,X
HL,4,50661,1,red,N,X,A,red,N,X
HL,4,50683,1,red,N,X,A,red,N,X
HL,4,50707,1,red,N,X,A,red,N,X
HL,4,50731,1,red,N,X,A,red,N,X
HL,4,50760,1,red,N,X,A,red,N,X
HL,4,50781,1,red,N,X,A,red,N,X
HL,4,50807,1,red,N,X,A,red,N,X
HL,4,50947,1,red,N,X,A,red,N,X
HL,4,50971,1,red,N,X,A,red,N,X
HL,4,51002,1,red,N,X,A,red,N,X
HL,4,51025,1,red,N,X,A,red,N,X
HL,4,51061,1,red,N,X,A,red,N,X
HL,4,51141,1,red,N,X,A,red,N,X
HL,4,51161,1,red,N,X,A,red,N,X
HL,4,51203,1,red,N,X,A,red,N,X
HL,4,51326,1,red,N,X,A,red,N,X
HL,4,51340,1,red,N,X,A,red,N,X
HL,4,51431,1,red,N,X,A,red,N,X
HL,4,51449,1,red,N,X,A,red,N,X
HL,4,51474,1,red,N,X,A,red,N,X
HL,4,51509,1,red,N,X,A,red,N,X
HL,4,51525,1,red,N,X,A,red,N,X
HL,4,51792,1,red,N,X,A,red,N,X
HL,4,52340,1,red,N,X,A,red,N,X
HL,4,52353,1,red,N,X,A,red,N,X
HL,4,52367,1,red,N,X,A,red,N,X
HL,4,52387,1,red,N,X,A,red,N,X
HL,4,52451,1,red,N,X,A,red,N,X
HL,4,52489,1,red,N,X,A,red,N,X
HL,4,52635,1,red,N,X,A,red,N,X
HL,4,52647,1,red,N,X,A,red,N,X
HL,4,52659,1,red,N,X,A,red,N,X
HL,4,52673,1,red,N,X,A,red,N,X
HL,4,52686,1,red,N,X,A,red,N,X
HL,4,52700,1,red,N,X,A,red,N,X
HL,4,52712,1,red,N,X,A,red,N,X
HL,4,52727,1,red,N,X,A,red,N,X
HL,4,52743,1,red,N,X,A,red,N,X
HL,4,52765,1,red,N,X,A,red,N,X
HL,4,52828,1,red,N,X,A,red,N,X
HL,4,52842,1,red,N,X,A,red,N,X
HL,4,52858,1,red,N,X,A,red,N,X
HL,4,52871,1,red,N,X,A,red,N,X
HL,4,52887,1,red,N,X,A,red,N,X
HL,4,52898,1,red,N,X,A,red,N,X
HL,4,53146,1,red,N,X,A,red,N,X
HL,4,53157,1,red,N,X,A,red,N,X
HL,4,53738,1,red,N,X,A,red,N,X
HL,4,53749,1,red,N,X,A,red,N,X
HL,4,53764,1,red,N,X,A,red,N,X
HL,4,53783,1,red,N,X,A,red,N,X
HL,4,53806,1,red,N,X,A,red,N,X
HL,4,53825,1,red,N,X,A,red,N,X
HL,4,53853,1,red,N,X,A,red,N,X
HL,4,53880,1,red,N,X,A,red,N,X
HL,4,53903,1,red,N,X,A,red,N,X
HL,4,53925,1,red,N,X,A,red,N,X
HL,4,53941,1,red,N,X,A,red,N,X
HL,4,53957,1,red,N,X,A,red,N,X
HL,4,53973,1,red,N,X,A,red,N,X
HL,4,53990,1,red,N,X,A,red,N,X
HL,4,54004,1,red,N,X,A,red,N,X
HL,4,54020,1,red,N,X,A,red,N,X
HL,4,54039,1,red,N,X,A,red,N,X
HL,4,54087,1,red,N,X,A,red,N,X
HL,4,54284,1,red,N,X,A,red,N,X
HL,4,54296,1,red,N,X,A,red,N,X
HL,4,55187,1,red,N,X,A,red,N,X
HL,4,55206,1,red,N,X,A,red,N,X
HL,4,55296,1,red,N,X,A,red,N,X
HL,4,55456,1,red,N,X,A,red,N,X
HL,4,55468,1,red,N,X,A,red,N,X
HL,4,55482,1,red,N,X,A,red,N,X
HL,4,55496,1,red,N,X,A,red,N,X
HL,4,55512,1,red,N,X,A,red,N,X
HL,4,55668,1,red,N,X,A,red,N,X
HL,4,55686,1,red,N,X,A,red,N,X
HL,4,55777,1,red,N,X,A,red,N,X
HL,4,55917,1,red,N,X,A,red,N,X
HL,4,55932,1,red,N,X,A,red,N,X
HL,4,55947,1,red,N,X,A,red,N,X
HL,4,55962,1,red,N,X,A,red,N,X
HL,4,56298,1,red,N,X,A,red,N,X
HL,4,56311,1,red,N,X,A,red,N,X
HL,4,56348,1,red,N,X,A,red,N,X
HL,4,56361,1,red,N,X,A,red,N,X
HL,4,56516,1,red,N,X,A,red,N,X
HL,4,56527,1,red,N,X,A,red,N,X
HL,4,56540,1,red,N,X,A,red,N,X
HL,4,56755,1,red,N,X,A,red,N,X
HL,4,56778,1,red,N,X,A,red,N,X
HL,4,56797,1,red,N,X,A,red,N,X
HL,4,57223,1,red,N,X,A,red,N,X
HL,4,57235,1,red,N,X,A,red,N,X
HL,4,57252,1,red,N,X,A,red,N,X
HL,4,57334,1,red,N,X,A,red,N,X
HL,4,57346,1,red,N,X,A,red,N,X
HL,4,57358,1,red,N,X,A,red,N,X
HL,4,57376,1,red,N,X,A,red,N,X
HL,4,57742,1,red,N,X,A,red,N,X
HL,4,57754,1,red,N,X,A,red,N,X
HL,4,57769,1,red,N,X,A,red,N,X
HL,4,57783,1,red,N,X,A,red,N,X
HL,4,57799,1,red,N,X,A,red,N,X
HL,4,57906,1,red,N,X,A,red,N,X
HL,4,57918,1,red,N,X,A,red,N,X
HL,4,57932,1,red,N,X,A,red,N,X
HL,4,58225,1,red,N,X,A,red,N,X
HL,4,58237,1,red,N,X,A,red,N,X
HL,4,58250,1,red,N,X,A,red,N,X
HL,4,58293,1,red,N,X,A,red,N,X
HL,4,58308,1,red,N,X,A,red,N,X
HL,4,59213,1,red,N,X,A,red,N,X
HL,4,59227,1,red,N,X,A,red,N,X
HL,4,59240,1,red,N,X,A,red,N,X
HL,4,59256,1,red,N,X,A,red,N,X
HL,4,59281,1,red,N,X,A,red,N,X
HL,4,59304,1,red,N,X,A,red,N,X
HL,4,59333,1,red,N,X,A,red,N,X
HL,4,59346,1,red,N,X,A,red,N,X
HL,4,59364,1,red,N,X,A,red,N,X
HL,4,59386,1,red,N,X,A,red,N,X
HL,4,59881,1,red,N,X,A,red,N,X
HL,4,59896,1,red,N,X,A,red,N,X
HL,4,59918,1,red,N,X,A,red,N,X
HL,4,59939,1,red,N,X,A,red,N,X
HL,4,59953,1,red,N,X,A,red,N,X
HL,4,60022,1,red,N,X,A,red,N,X
HL,4,60033,1,red,N,X,A,red,N,X
HL,4,60076,1,red,N,X,A,red,N,X
HL,4,60164,1,red,N,X,A,red,N,X
HL,4,60185,1,red,N,X,A,red,N,X
HL,4,60205,1,red,N,X,A,red,N,X
HL,4,60638,1,red,N,X,A,red,N,X
HL,4,60673,1,red,N,X,A,red,N,X
HL,4,60734,1,red,N,X,A,red,N,X
HL,4,60748,1,red,N,X,A,red,N,X
HL,4,60784,1,red,N,X,A,red,N,X
HL,4,60799,1,red,N,X,A,red,N,X
HL,4,60835,141,red,N,X,H,red,N,X
HL,4,60976,1,red,N,X,A,red,N,X
HL,4,61375,1,red,N,X,A,red,N,X
HL,4,61635,1,red,N,X,A,red,N,X
HL,4,61646,1,red,N,X,A,red,N,X
HL,4,61658,1,red,N,X,A,red,N,X
HL,4,61670,1,red,N,X,A,red,N,X
HL,4,61684,1,red,N,X,A,red,N,X
HL,4,61696,1,red,N,X,A,red,N,X
HL,4,61713,1,red,N,X,A,red,N,X
HL,4,61725,1,red,N,X,A,red,N,X
HL,4,61739,1,red,N,X,A,red,N,X
HL,4,61756,1,red,N,X,A,red,N,X
HL,4,61768,1,red,N,X,A,red,N,X
HL,4,61790,1,red,N,X,A,red,N,X
HL,4,61805,1,red,N,X,A,red,N,X
HL,4,61829,1,red,N,X,A,red,N,X
HL,4,61858,1,red,N,X,A,red,N,X
HL,4,61877,1,red,N,X,A,red,N,X
HL,4,61893,1,red,N,X,A,red,N,X
HL,4,61913,1,red,N,X,A,red,N,X
HL,4,61929,1,red,N,X,A,red,N,X
HL,4,61944,1,red,N,X,A,red,N,X
HL,4,61963,1,red,N,X,A,red,N,X
HL,4,61993,133,red,N,X,H,red,N,X
HL,4,62126,1,red,N,X,A,red,N,X
HL,4,62319,1,red,N,X,A,red,N,X
HL,4,62320,20,red,N,X,H,red,N,X
HL,4,62681,1,red,N,X,A,red,N,X
HL,4,62696,1,red,N,X,A,red,N,X
HL,4,62780,1,red,N,X,A,red,N,X
HL,4,63062,1,red,N,X,A,red,N,X
HL,4,63083,1,red,N,X,A,red,N,X
HL,4,63565,1,red,N,X,A,red,N,X
HL,4,63579,1,red,N,X,A,red,N,X
HL,4,63611,1,red,N,X,A,red,N,X
HL,4,63622,1,red,N,X,A,red,N,X
HL,4,63635,1,red,N,X,A,red,N,X
HL,4,63869,1,red,N,X,A,red,N,X
HL,4,63882,1,red,N,X,A,red,N,X
HL,4,63896,1,red,N,X,A,red,N,X
HL,4,63910,1,red,N,X,A,red,N,X
HL,4,63924,1,red,N,X,A,red,N,X
HL,4,63942,1,red,N,X,A,red,N,X
HL,4,63957,1,red,N,X,A,red,N,X
HL,4,63975,1,red,N,X,A,red,N,X
HL,4,63995,1,red,N,X,A,red,N,X
HL,4,64023,1,red,N,X,A,red,N,X
HL,4,64049,1,red,N,X,A,red,N,X
HL,4,64082,1,red,N,X,A,red,N,X
HL,4,64142,1,red,N,X,A,red,N,X
HL,4,64160,1,red,N,X,A,red,N,X
HL,4,64187,1,red,N,X,A,red,N,X
HL,4,64223,1,red,N,X,A,red,N,X
HL,4,64241,1,red,N,X,A,red,N,X
HL,4,64474,1,red,N,X,A,red,N,X
HL,4,64489,1,red,N,X,A,red,N,X
HL,4,64515,1,red,N,X,A,red,N,X
HL,4,64543,1,red,N,X,A,red,N,X
HL,4,66017,1,red,N,X,A,red,N,X
HL,4,66028,1,red,N,X,A,red,N,X
HL,4,66092,1,red,N,X,A,red,N,X
HL,4,66742,1,red,N,X,A,red,N,X
HL,4,66765,1,red,N,X,A,red,N,X
HL,4,66958,1,red,N,X,A,red,N,X
HL,4,66973,1,red,N,X,A,red,N,X
HL,4,67097,1,red,N,X,A,red,N,X
HL,4,67520,1,red,N,X,A,red,N,X
HL,4,67535,1,red,N,X,A,red,N,X
HL,4,67555,1,red,N,X,A,red,N,X
HL,4,67572,1,red,N,X,A,red,N,X
HL,4,67642,1,red,N,X,A,red,N,X
HL,4,67655,1,red,N,X,A,red,N,X
HL,4,67772,1,red,N,X,A,red,N,X
HL,4,67857,1,red,N,X,A,red,N,X
HL,4,68289,1,red,N,X,A,red,N,X
HL,4,68300,1,red,N,X,A,red,N,X
HL,4,68485,112,red,N,X,H,red,N,X
HL,4,68699,37,red,N,X,H,red,N,X
HL,4,68736,1,red,N,X,A,red,N,X
HL,4,68857,1,red,N,X,A,red,N,X
HL,4,68872,1,red,N,X,A,red,N,X
HL,4,68886,1,red,N,X,A,red,N,X
HL,4,68904,1,red,N,X,A,red,N,X
HL,4,68923,1,red,N,X,A,red,N,X
HL,4,68943,1,red,N,X,A,red,N,X
HL,4,69309,117,red,N,X,H,red,N,X
HL,4,69426,1,red,N,X,A,red,N,X
HL,4,69843,1,red,N,X,A,red,N,X
HL,4,69861,1,red,N,X,A,red,N,X
HL,4,69877,1,red,N,X,A,red,N,X
HL,4,69891,1,red,N,X,A,red,N,X
HL,4,69941,1,red,N,X,A,red,N,X
HL,4,70158,1,red,N,X,A,red,N,X
HL,4,70407,1,red,N,X,A,red,N,X
HL,4,70418,1,red,N,X,A,red,N,X
HL,4,70432,1,red,N,X,A,red,N,X
HL,4,70444,1,red,N,X,A,red,N,X
HL,4,70457,1,red,N,X,A,red,N,X
HL,4,70475,1,red,N,X,A,red,N,X
HL,4,70488,1,red,N,X,A,red,N,X
HL,4,70504,1,red,N,X,A,red,N,X
HL,4,70603,1,red,N,X,A,red,N,X
HL,4,70733,1,red,N,X,A,red,N,X
HL,4,70747,1,red,N,X,A,red,N,X
HL,4,70761,1,red,N,X,A,red,N,X
HL,4,70774,1,red,N,X,A,red,N,X
HL,4,70827,1,red,N,X,A,red,N,X
HL,4,70861,1,red,N,X,A,red,N,X
HL,4,70874,1,red,N,X,A,red,N,X
HL,4,70888,1,red,N,X,A,red,N,X
HL,4,70986,1,red,N,X,A,red,N,X
HL,4,71001,1,red,N,X,A,red,N,X
HL,4,71116,1,red,N,X,A,red,N,X
HL,4,71131,1,red,N,X,A,red,N,X
HL,4,71160,1,red,N,X,A,red,N,X
HL,4,71173,198,red,N,X,H,red,N,X
HL,4,71371,1,red,N,X,A,red,N,X
HL,4,72557,1,red,N,X,A,red,N,X
HL,4,72576,1,red,N,X,A,red,N,X
HL,4,72592,1,red,N,X,A,red,N,X
HL,4,72607,1,red,N,X,A,red,N,X
HL,4,72624,1,red,N,X,A,red,N,X
HL,4,72639,1,red,N,X,A,red,N,X
HL,4,72663,1,red,N,X,A,red,N,X
HL,4,72681,1,red,N,X,A,red,N,X
HL,4,72698,1,red,N,X,A,red,N,X
HL,4,72722,1,red,N,X,A,red,N,X
HL,4,72741,1,red,N,X,A,red,N,X
HL,4,72764,1,red,N,X,A,red,N,X
HL,4,72779,1,red,N,X,A,red,N,X
HL,4,72799,1,red,N,X,A,red,N,X
HL,4,72818,1,red,N,X,A,red,N,X
HL,4,72836,1,red,N,X,A,red,N,X
HL,4,72856,1,red,N,X,A,red,N,X
HL,4,72876,1,red,N,X,A,red,N,X
HL,4,72894,1,red,N,X,A,red,N,X
HL,4,72915,1,red,N,X,A,red,N,X
HL,4,72935,1,red,N,X,A,red,N,X
HL,4,72957,1,red,N,X,A,red,N,X
HL,4,72976,1,red,N,X,A,red,N,X
HL,4,72995,1,red,N,X,A,red,N,X
HL,4,73019,1,red,N,X,A,red,N,X
HL,4,73038,1,red,N,X,A,red,N,X
HL,4,73059,1,red,N,X,A,red,N,X
HL,4,73081,1,red,N,X,A,red,N,X
HL,4,73112,1,red,N,X,A,red,N,X
HL,4,73130,1,red,N,X,A,red,N,X
HL,4,73151,1,red,N,X,A,red,N,X
HL,4,73171,1,red,N,X,A,red,N,X
HL,4,73209,1,red,N,X,A,red,N,X
HL,4,73231,1,red,N,X,A,red,N,X
HL,4,73263,1,red,N,X,A,red,N,X
HL,4,73290,1,red,N,X,A,red,N,X
HL,4,73321,1,red,N,X,A,red,N,X
HL,4,73354,1,red,N,X,A,red,N,X
HL,4,73384,1,red,N,X,A,red,N,X
HL,4,73464,1,red,N,X,A,red,N,X
HL,4,73538,1,red,N,X,A,red,N,X
HL,4,73643,1,red,N,X,A,red,N,X
HL,4,73755,1,red,N,X,A,red,N,X
HL,4,73817,1,red,N,X,A,red,N,X
HL,4,73895,1,red,N,X,A,red,N,X
HL,4,75415,1,red,N,X,A,red,N,X
HL,4,75429,1,red,N,X,A,red,N,X
HL,4,75444,1,red,N,X,A,red,N,X
HL,4,75459,1,red,N,X,A,red,N,X
HL,4,75482,1,red,N,X,A,red,N,X
HL,4,75509,1,red,N,X,A,red,N,X
HL,4,75556,1,red,N,X,A,red,N,X
HL,4,75863,1,red,N,X,A,red,N,X
HL,4,75877,1,red,N,X,A,red,N,X
HL,4,75892,1,red,N,X,A,red,N,X
HL,4,75990,1,red,N,X,A,red,N,X
HL,4,76003,1,red,N,X,A,red,N,X
HL,4,76018,1,red,N,X,A,red,N,X
HL,4,76055,35,red,N,X,H,red,N,X
HL,4,76090,1,red,N,X,A,red,N,X
HL,4,76296,1,red,N,X,A,red,N,X
HL,4,76314,1,red,N,X,A,red,N,X
HL,4,76345,1,red,N,X,A,red,N,X
HL,4,76371,1,red,N,X,A,red,N,X
HL,4,76394,1,red,N,X,A,red,N,X
HL,4,76414,1,red,N,X,A,red,N,X
HL,4,76436,1,red,N,X,A,red,N,X
HL,4,76453,1,red,N,X,A,red,N,X
HL,4,76473,1,red,N,X,A,red,N,X
HL,4,76489,1,red,N,X,A,red,N,X
HL,4,76509,1,red,N,X,A,red,N,X
HL,4,76533,61,red,N,X,H,red,N,X
HL,4,76594,1,red,N,X,A,red,N,X
HL,4,76686,1,red,N,X,A,red,N,X
HL,4,76698,1,red,N,X,A,red,N,X
HL,4,76732,1,red,N,X,A,red,N,X
HL,4,76745,1,red,N,X,A,red,N,X
HL,4,76831,1,red,N,X,A,red,N,X
HL,4,77012,1,red,N,X,A,red,N,X
HL,4,77028,1,red,N,X,A,red,N,X
HL,4,77053,1,red,N,X,A,red,N,X
HL,4,77075,1,red,N,X,A,red,N,X
HL,4,77097,1,red,N,X,A,red,N,X
HL,4,77119,1,red,N,X,A,red,N,X
HL,4,77145,1,red,N,X,A,red,N,X
HL,4,77585,1,red,N,X,A,red,N,X
HL,4,77597,1,red,N,X,A,red,N,X
HL,4,77612,1,red,N,X,A,red,N,X
HL,4,77625,1,red,N,X,A,red,N,X
HL,4,77638,1,red,N,X,A,red,N,X
HL,4,77655,1,red,N,X,A,red,N,X
HL,4,77668,1,red,N,X,A,red,N,X
HL,4,77689,1,red,N,X,A,red,N,X
HL,4,77707,1,red,N,X,A,red,N,X
HL,4,77726,1,red,N,X,A,red,N,X
HL,4,77748,1,red,N,X,A,red,N,X
HL,4,80258,1,red,N,X,A,red,N,X
HL,4,80314,1,red,N,X,A,red,N,X
HL,4,80353,1,red,N,X,A,red,N,X
HL,4,80377,1,red,N,X,A,red,N,X
HL,4,80403,1,red,N,X,A,red,N,X
HL,4,80421,1,red,N,X,A,red,N,X
HL,4,80444,1,red,N,X,A,red,N,X
HL,4,80461,1,red,N,X,A,red,N,X
HL,4,80493,1,red,N,X,A,red,N,X
HL,4,80529,1,red,N,X,A,red,N,X
HL,4,80547,1,red,N,X,A,red,N,X
HL,4,80565,1,red,N,X,A,red,N,X
HL,4,80583,1,red,N,X,A,red,N,X
HL,4,80602,1,red,N,X,A,red,N,X
HL,4,80700,1,red,N,X,A,red,N,X
HL,4,80717,1,red,N,X,A,red,N,X
HL,4,80741,1,red,N,X,A,red,N,X
HL,4,80765,1,red,N,X,A,red,N,X
HL,4,80788,1,red,N,X,A,red,N,X
HL,4,80813,1,red,N,X,A,red,N,X
HL,4,80839,1,red,N,X,A,red,N,X
HL,4,80865,1,red,N,X,A,red,N,X
HL,4,80888,1,red,N,X,A,red,N,X
HL,4,80914,1,red,N,X,A,red,N,X
HL,4,80942,1,red,N,X,A,red,N,X
HL,4,80965,1,red,N,X,A,red,N,X
HL,4,80992,1,red,N,X,A,red,N,X
HL,4,81021,1,red,N,X,A,red,N,X
HL,4,81043,1,red,N,X,A,red,N,X
HL,4,81065,1,red,N,X,A,red,N,X
HL,4,81083,1,red,N,X,A,red,N,X
HL,4,81102,1,red,N,X,A,red,N,X
HL,4,81125,1,red,N,X,A,red,N,X
HL,4,81142,1,red,N,X,A,red,N,X
HL,4,81165,1,red,N,X,A,red,N,X
HL,4,81184,1,red,N,X,A,red,N,X
HL,4,81202,1,red,N,X,A,red,N,X
HL,4,81229,1,red,N,X,A,red,N,X
HL,4,81249,1,red,N,X,A,red,N,X
HL,4,81266,353,red,N,X,H,red,N,X
HL,4,81619,1,red,N,X,A,red,N,X
HL,4,81695,1,red,N,X,A,red,N,X
HL,4,81709,1,red,N,X,A,red,N,X
HL,4,81732,1,red,N,X,A,red,N,X
HL,4,81770,81,red,N,X,R,red,N,X
HL,4,81900,37,red,N,X,H,red,N,X
HL,4,81937,1,red,N,X,A,red,N,X
HL,4,82286,1,red,N,X,A,red,N,X
HL,4,82301,1,red,N,X,A,red,N,X
HL,4,82322,1,red,N,X,A,red,N,X
HL,4,82342,307,red,N,X,H,red,N,X
HL,4,82649,1,red,N,X,A,red,N,X
HL,4,83373,1,red,N,X,A,red,N,X
HL,4,83392,1,red,N,X,A,red,N,X
HL,4,83408,1,red,N,X,A,red,N,X
HL,4,83425,1,red,N,X,A,red,N,X
HL,4,83450,1,red,N,X,A,red,N,X
HL,4,0,1,purple,R,H,A,purple,R,H
HL,4,21,1,purple,R,H,A,purple,R,H
HL,4,120,1,purple,R,H,A,purple,R,H
HL,4,815,1,purple,R,H,A,purple,R,H
HL,4,851,1,purple,R,H,A,purple,R,H
HL,4,867,1,purple,R,H,A,purple,R,H
HL,4,891,1,purple,R,H,A,purple,R,H
HL,4,979,1,purple,R,H,A,purple,R,H
HL,4,994,1,purple,R,H,A,purple,R,H
HL,4,1029,1,purple,R,H,A,purple,R,H
HL,4,1561,1,purple,R,H,A,purple,R,H
HL,4,1573,1,purple,R,H,A,purple,R,H
HL,4,1957,1,purple,R,H,A,purple,R,H
HL,4,1969,1,purple,R,H,A,purple,R,H
HL,4,1984,1,purple,R,H,A,purple,R,H
HL,4,2002,1,purple,R,H,A,purple,R,H
HL,4,2030,1,purple,R,H,A,purple,R,H
HL,4,2049,1,purple,R,H,A,purple,R,H
HL,4,2068,1,purple,R,H,A,purple,R,H
HL,4,2087,1,purple,R,H,A,purple,R,H
HL,4,2108,1,purple,R,H,A,purple,R,H
HL,4,2124,1,purple,R,H,A,purple,R,H
HL,4,2142,1,purple,R,H,A,purple,R,H
HL,4,2157,1,purple,R,H,A,purple,R,H
HL,4,3873,1,purple,R,H,A,purple,R,H
HL,4,3902,1,purple,R,H,A,purple,R,H
HL,4,10780,1,purple,R,H,A,purple,R,H
HL,4,10846,1,purple,R,H,A,purple,R,H
HL,4,10896,1,purple,R,H,A,purple,R,H
HL,4,10948,1,purple,R,H,A,purple,R,H
HL,4,11037,1,purple,R,H,A,purple,R,H
HL,4,11073,1,purple,R,H,A,purple,R,H
HL,4,11159,1,purple,R,H,A,purple,R,H
HL,4,11179,1,purple,R,H,A,purple,R,H
HL,4,11180,50,purple,R,H,H,purple,R,H
HL,4,11438,1,purple,R,H,A,purple,R,H
HL,4,11453,1,purple,R,H,A,purple,R,H
HL,4,11454,119,purple,R,H,R,purple,R,H
HL,4,11744,1,purple,R,H,A,purple,R,H
HL,4,11768,100,purple,R,H,H,purple,R,H
HL,4,11936,257,purple,R,H,H,purple,R,H
HL,4,12315,1,purple,R,H,A,purple,R,H
HL,4,12412,1,purple,R,H,A,purple,R,H
HL,4,12422,466,purple,R,H,H,purple,R,H
HL,4,12888,1,purple,R,H,A,purple,R,H
HL,4,19119,1,purple,R,H,A,purple,R,H
HL,4,19143,1,purple,R,H,A,purple,R,H
HL,4,19387,1,purple,R,H,A,purple,R,H
HL,4,19692,1,purple,R,H,A,purple,R,H
HL,4,19759,1,purple,R,H,A,purple,R,H
HL,4,19795,1,purple,R,H,A,purple,R,H
HL,4,19960,1,purple,R,H,A,purple,R,H
HL,4,19973,1,purple,R,H,A,purple,R,H
HL,4,19988,1,purple,R,H,A,purple,R,H
HL,4,22597,1,purple,R,H,A,purple,R,H
HL,4,22612,125,purple,R,H,R,purple,R,H
HL,4,22827,1,purple,R,H,A,purple,R,H
HL,4,22838,173,purple,R,H,H,purple,R,H
HL,4,23037,39,purple,R,H,H,purple,R,H
HL,4,23177,1,purple,R,H,A,purple,R,H
HL,4,23206,1,purple,R,H,A,purple,R,H
HL,4,25938,1,purple,R,H,A,purple,R,H
HL,4,25969,1,purple,R,H,A,purple,R,H
HL,4,25985,146,purple,R,H,R,purple,R,H
HL,4,26166,1,purple,R,H,A,purple,R,H
HL,4,32848,1,purple,R,H,A,purple,R,H
HL,4,32868,1,purple,R,H,A,purple,R,H
HL,4,35611,471,purple,R,H,H,purple,R,H
HL,4,36225,341,purple,R,H,H,purple,R,H
HL,4,66667,1,purple,R,H,A,purple,R,H
HL,4,66678,1,purple,R,H,A,purple,R,H
HL,4,66693,1,purple,R,H,A,purple,R,H
HL,4,67076,1,purple,R,H,A,purple,R,H
HL,4,67087,1,purple,R,H,A,purple,R,H
HL,4,67103,1,purple,R,H,A,purple,R,H
HL,4,67117,1,purple,R,H,A,purple,R,H
HL,4,67130,1,purple,R,H,A,purple,R,H
HL,4,67398,1,purple,R,H,A,purple,R,H
HL,4,67410,1,purple,R,H,A,purple,R,H
HL,4,67877,1,purple,R,H,A,purple,R,H
HL,4,67930,1,purple,R,H,A,purple,R,H
HL,4,67954,1,purple,R,H,A,purple,R,H
HL,4,67961,114,purple,R,H,R,purple,R,H
HL,4,68462,1,purple,R,H,A,purple,R,H
HL,4,68463,51,purple,R,H,H,purple,R,H
HL,4,68578,1,purple,R,H,A,purple,R,H
HL,4,68594,1,purple,R,H,A,purple,R,H
HL,4,68627,40,purple,R,H,H,purple,R,H
HL,4,68758,1,purple,R,H,A,purple,R,H
HL,4,68772,1,purple,R,H,A,purple,R,H
HL,4,68883,1,purple,R,H,A,purple,R,H
HL,4,68968,1,purple,R,H,A,purple,R,H
HL,4,69002,1,purple,R,H,A,purple,R,H
HL,4,69060,1,purple,R,H,A,purple,R,H
HL,4,69089,1,purple,R,H,A,purple,R,H
HL,4,69471,1,purple,R,H,A,purple,R,H
HL,4,69512,1,purple,R,H,A,purple,R,H
HL,4,69603,1,purple,R,H,A,purple,R,H
HL,4,69633,147,purple,R,H,H,purple,R,H
HL,4,69780,1,purple,R,H,A,purple,R,H
HL,4,70186,1,purple,R,H,A,purple,R,H
HL,4,70198,1,purple,R,H,A,purple,R,H
HL,4,70213,1,purple,R,H,A,purple,R,H
HL,4,70229,1,purple,R,H,A,purple,R,H
HL,4,70246,1,purple,R,H,A,purple,R,H
HL,4,70265,1,purple,R,H,A,purple,R,H
HL,4,70298,1,purple,R,H,A,purple,R,H
HL,4,70299,61,purple,R,H,H,purple,R,H
HL,4,70408,1,purple,R,H,A,purple,R,H
HL,4,70426,1,purple,R,H,A,purple,R,H
HL,4,70802,1,purple,R,H,A,purple,R,H
HL,4,72222,1,purple,R,H,A,purple,R,H
HL,4,72234,1,purple,R,H,A,purple,R,H
HL,4,72246,1,purple,R,H,A,purple,R,H
HL,4,72255,1,purple,R,H,A,purple,R,H
HL,4,72266,1,purple,R,H,A,purple,R,H
HL,4,72277,1,purple,R,H,A,purple,R,H
HL,4,72287,1,purple,R,H,A,purple,R,H
HL,4,72297,1,purple,R,H,A,purple,R,H
HL,4,72311,1,purple,R,H,A,purple,R,H
HL,4,72322,1,purple,R,H,A,purple,R,H
HL,4,72335,1,purple,R,H,A,purple,R,H
HL,4,72348,1,purple,R,H,A,purple,R,H
HL,4,72360,1,purple,R,H,A,purple,R,H
HL,4,72372,1,purple,R,H,A,purple,R,H
HL,4,72384,1,purple,R,H,A,purple,R,H
HL,4,72396,1,purple,R,H,A,purple,R,H
HL,4,72408,1,purple,R,H,A,purple,R,H
HL,4,72421,1,purple,R,H,A,purple,R,H
HL,4,72457,1,purple,R,H,A,purple,R,H
HL,4,72470,1,purple,R,H,A,purple,R,H
HL,4,72486,93,purple,R,H,H,purple,R,H
HL,4,72579,1,purple,R,H,A,purple,R,H
HL,4,72585,1,purple,R,H,A,purple,R,H
HL,4,72604,1,purple,R,H,A,purple,R,H
HL,4,72617,1,purple,R,H,A,purple,R,H
HL,4,72632,1,purple,R,H,A,purple,R,H
HL,4,72651,1,purple,R,H,A,purple,R,H
HL,4,72668,1,purple,R,H,A,purple,R,H
HL,4,72687,1,purple,R,H,A,purple,R,H
HL,4,72717,2,purple,R,H,A,purple,R,H
HL,4,72734,1,purple,R,H,A,purple,R,H
HL,4,72750,1,purple,R,H,A,purple,R,H
HL,4,72765,1,purple,R,H,A,purple,R,H
HL,4,72779,1,purple,R,H,A,purple,R,H
HL,4,72795,1,purple,R,H,A,purple,R,H
HL,4,72811,1,purple,R,H,A,purple,R,H
HL,4,72826,1,purple,R,H,A,purple,R,H
HL,4,72841,1,purple,R,H,A,purple,R,H
HL,4,72859,1,purple,R,H,A,purple,R,H
HL,4,72875,1,purple,R,H,A,purple,R,H
HL,4,72902,1,purple,R,H,A,purple,R,H
HL,4,72923,1,purple,R,H,A,purple,R,H
HL,4,72942,1,purple,R,H,A,purple,R,H
HL,4,72967,1,purple,R,H,A,purple,R,H
HL,4,72991,1,purple,R,H,A,purple,R,H
HL,4,73009,1,purple,R,H,A,purple,R,H
HL,4,73277,1,purple,R,H,A,purple,R,H
HL,4,73,1,blue,G,L,A,blue,G,L
HL,4,88,1,blue,G,L,A,blue,G,L
HL,4,135,1,blue,G,L,A,blue,G,L
HL,4,155,1,blue,G,L,A,blue,G,L
HL,4,194,1,blue,G,L,A,blue,G,L
HL,4,225,1,blue,G,L,A,blue,G,L
HL,4,261,1,blue,G,L,A,blue,G,L
HL,4,552,1,blue,G,L,A,blue,G,L
HL,4,565,1,blue,G,L,A,blue,G,L
HL,4,208,1,green,N,X,A,green,N,X
HL,4,225,1,green,N,X,A,green,N,X
HL,4,240,1,green,N,X,A,green,N,X
HL,4,276,1,green,N,X,A,green,N,X
HL,4,565,1,green,N,X,A,green,N,X
HL,4,575,1,green,N,X,A,green,N,X
HL,4,590,1,green,N,X,A,green,N,X
HL,4,988,1,green,N,X,A,green,N,X
HL,4,1002,1,green,N,X,A,green,N,X
HL,4,1117,1,green,N,X,A,green,N,X
HL,4,1131,1,green,N,X,A,green,N,X
HL,4,1148,1,green,N,X,A,green,N,X
HL,4,1345,1,green,N,X,A,green,N,X
HL,4,1403,1,green,N,X,A,green,N,X
HL,4,1533,1,green,N,X,A,green,N,X
HL,4,1558,1,green,N,X,A,green,N,X
HL,4,1572,1,green,N,X,A,green,N,X
HL,4,1594,1,green,N,X,A,green,N,X
HL,4,1759,1,green,N,X,A,green,N,X
HL,4,1776,1,green,N,X,A,green,N,X
HL,4,1793,1,green,N,X,A,green,N,X
HL,4,1883,1,green,N,X,A,green,N,X
HL,4,1899,1,green,N,X,A,green,N,X
HL,4,1924,1,green,N,X,A,green,N,X
HL,4,1979,1,green,N,X,A,green,N,X
HL,4,2013,56,green,N,X,H,green,N,X
HL,4,2069,1,green,N,X,A,green,N,X
HL,4,25326,1,green,N,X,A,green,N,X
HL,4,25348,1,green,N,X,A,green,N,X
HL,4,25371,1,green,N,X,A,green,N,X
HL,4,25393,1,green,N,X,A,green,N,X
HL,4,25484,27,green,N,X,H,green,N,X
HL,4,25511,142,green,N,X,R,green,N,X
HL,4,26267,1,green,N,X,A,green,N,X
HL,4,26285,1,green,N,X,A,green,N,X
HL,4,26462,1,green,N,X,A,green,N,X
HL,4,26486,1,green,N,X,A,green,N,X
HL,4,34098,1,green,N,X,A,green,N,X
HL,4,34110,201,green,N,X,H,green,N,X
HL,4,34311,1,green,N,X,A,green,N,X
HL,4,34655,271,green,N,X,H,green,N,X
HL,4,36443,24,green,N,X,H,green,N,X
HL,4,36497,1,green,N,X,A,green,N,X
HL,4,38928,562,green,N,X,H,green,N,X
HL,4,40046,72,green,N,X,H,green,N,X
HL,4,40550,472,green,N,X,H,green,N,X
HL,4,41384,106,green,N,X,H,green,N,X
HL,4,45816,1,green,N,X,A,green,N,X
HL,4,45859,1,green,N,X,A,green,N,X
HL,4,45878,48,green,N,X,H,green,N,X
HL,4,45926,1,green,N,X,A,green,N,X
HL,4,46223,48,green,N,X,H,green,N,X
HL,4,46271,1,green,N,X,A,green,N,X
HL,4,47591,1,green,N,X,A,green,N,X
HL,4,47606,1,green,N,X,A,green,N,X
HL,4,47627,1,green,N,X,A,green,N,X
HL,4,47659,1,green,N,X,A,green,N,X
HL,4,47673,1,green,N,X,A,green,N,X
HL,4,48392,1,green,N,X,A,green,N,X
HL,4,48443,1,green,N,X,A,green,N,X
HL,4,48465,1,green,N,X,A,green,N,X
HL,4,49079,23,green,N,X,H,green,N,X
HL,4,49412,1,green,N,X,A,green,N,X
HL,4,49427,1,green,N,X,A,green,N,X
HL,4,49496,1,green,N,X,A,green,N,X
HL,4,49510,1,green,N,X,A,green,N,X
HL,4,50069,1,green,N,X,A,green,N,X
HL,4,50096,1,green,N,X,A,green,N,X
HL,4,50097,28,green,N,X,H,green,N,X
HL,4,50766,1,green,N,X,A,green,N,X
HL,4,50795,1,green,N,X,A,green,N,X
HL,4,50902,1,green,N,X,A,green,N,X
HL,4,50919,198,green,N,X,H,green,N,X
HL,4,54123,1,green,N,X,A,green,N,X
HL,4,54147,1,green,N,X,A,green,N,X
HL,4,54289,1,green,N,X,A,green,N,X
HL,4,56624,1,green,N,X,A,green,N,X
HL,4,56661,1,green,N,X,A,green,N,X
HL,4,56697,1,green,N,X,A,green,N,X
HL,4,56731,1,green,N,X,A,green,N,X
HL,4,58197,1,green,N,X,A,green,N,X
HL,4,58213,1,green,N,X,A,green,N,X
HL,4,58235,1,green,N,X,A,green,N,X
HL,4,58250,1,green,N,X,A,green,N,X
HL,4,58354,1,green,N,X,A,green,N,X
HL,4,59542,123,green,N,X,H,green,N,X
HL,4,59665,141,green,N,X,R,green,N,X
HL,4,65986,1,green,N,X,A,green,N,X
HL,4,66018,1,green,N,X,A,green,N,X
HL,4,66062,1,green,N,X,A,green,N,X
HL,4,66620,1,green,N,X,A,green,N,X
HL,4,66635,1,green,N,X,A,green,N,X
HL,4,66672,1,green,N,X,A,green,N,X
HL,4,66759,1,green,N,X,A,green,N,X
HL,4,66771,1,green,N,X,A,green,N,X
HL,4,66786,1,green,N,X,A,green,N,X
HL,4,66802,1,green,N,X,A,green,N,X
HL,4,67055,1,green,N,X,A,green,N,X
HL,4,67068,1,green,N,X,A,green,N,X
HL,4,67083,1,green,N,X,A,green,N,X
HL,4,67097,1,green,N,X,A,green,N,X
HL,4,67111,1,green,N,X,A,green,N,X
HL,4,67129,1,green,N,X,A,green,N,X
HL,4,67314,1,green,N,X,A,green,N,X
HL,4,67329,1,green,N,X,A,green,N,X
HL,4,67344,1,green,N,X,A,green,N,X
HL,4,67691,1,green,N,X,A,green,N,X
HL,4,67744,1,green,N,X,A,green,N,X
HL,4,67794,1,green,N,X,A,green,N,X
HL,4,67830,1,green,N,X,A,green,N,X
HL,4,68842,1,green,N,X,A,green,N,X
HL,4,68859,1,green,N,X,A,green,N,X
HL,4,68881,1,green,N,X,A,green,N,X
HL,4,68903,1,green,N,X,A,green,N,X
HL,4,69867,1,green,N,X,A,green,N,X
HL,4,69881,1,green,N,X,A,green,N,X
HL,4,69962,1,green,N,X,A,green,N,X
HL,4,69978,1,green,N,X,A,green,N,X
HL,4,69994,1,green,N,X,A,green,N,X
HL,4,70007,1,green,N,X,A,green,N,X
HL,4,70021,1,green,N,X,A,green,N,X
HL,4,70104,1,green,N,X,A,green,N,X
HL,4,70116,1,green,N,X,A,green,N,X
HL,4,70134,1,green,N,X,A,green,N,X
HL,4,70154,1,green,N,X,A,green,N,X
HL,4,70191,1,green,N,X,A,green,N,X
HL,4,70223,1,green,N,X,A,green,N,X
HL,4,70241,1,green,N,X,A,green,N,X
HL,4,70265,1,green,N,X,A,green,N,X
HL,4,70376,1,green,N,X,A,green,N,X
HL,4,70391,1,green,N,X,A,green,N,X
HL,4,70423,1,green,N,X,A,green,N,X
HL,4,70444,1,green,N,X,A,green,N,X
HL,4,70794,1,green,N,X,A,green,N,X
HL,4,70807,1,green,N,X,A,green,N,X
HL,4,70841,1,green,N,X,A,green,N,X
HL,4,70861,1,green,N,X,A,green,N,X
HL,4,70894,1,green,N,X,A,green,N,X
HL,4,70919,1,green,N,X,A,green,N,X
HL,4,72160,52,green,N,X,H,green,N,X
HL,4,72212,1,green,N,X,A,green,N,X
HL,4,72703,1,green,N,X,A,green,N,X
HL,4,79355,1,green,N,X,A,green,N,X
HL,4,79367,1,green,N,X,A,green,N,X
HL,4,79382,1,green,N,X,A,green,N,X
HL,4,79461,1,green,N,X,A,green,N,X
HL,4,79510,1,green,N,X,A,green,N,X
HL,4,79524,1,green,N,X,A,green,N,X
HL,4,79609,164,green,N,X,H,green,N,X
HL,4,80901,1,green,N,X,A,green,N,X
HL,4,80916,1,green,N,X,A,green,N,X
HL,4,80934,1,green,N,X,A,green,N,X
HL,4,80958,1,green,N,X,A,green,N,X
HL,4,80981,1,green,N,X,A,green,N,X
HL,4,81932,343,green,N,X,H,green,N,X
HL,4,82782,1,green,N,X,A,green,N,X
HL,4,82813,1,green,N,X,A,green,N,X
HL,4,82839,1,green,N,X,A,green,N,X
HL,4,83102,1,green,N,X,A,green,N,X
HL,4,83114,1,green,N,X,A,green,N,X
HL,4,83129,1,green,N,X,A,green,N,X
HL,4,83801,1,green,N,X,A,green,N,X
HL,4,83849,1,green,N,X,A,green,N,X
HL,4,83868,1,green,N,X,A,green,N,X
HL,4,83917,1,green,N,X,A,green,N,X
HL,4,80996,705,yellow,N,X,T,green,N,X
HL,4,81977,192,yellow,N,X,T,red,N,X
HL,4,811,23,blue,G,L,T,yellow,N,X
HL,4,2913,283,blue,G,L,T,yellow,N,X
