LL,4,474,32,yellow,N,X,G,green,G,L
LL,4,522,37,yellow,N,X,G,green,G,L
LL,4,2103,31,yellow,N,X,G,red,N,X
LL,4,2219,156,yellow,N,X,G,blue,R,L
LL,4,2470,403,yellow,N,X,G,blue,R,L
LL,4,2982,243,yellow,N,X,G,blue,R,L
LL,4,3454,212,yellow,N,X,G,orange,N,X
LL,4,3682,444,yellow,N,X,G,blue,R,L
LL,4,4920,13,yellow,N,X,S,yellow,N,X
LL,4,5143,1214,yellow,N,X,G,green,G,L
LL,4,6471,625,yellow,N,X,G,green,G,L
LL,4,7294,1639,yellow,N,X,G,green,G,L
LL,4,9069,1095,yellow,N,X,G,green,G,L
LL,4,11160,20,yellow,N,X,G,red,N,X
LL,4,11319,113,yellow,N,X,G,blue,R,L
LL,4,11830,690,yellow,N,X,G,blue,R,L
LL,4,13074,74,yellow,N,X,G,orange,N,X
LL,4,14915,91,yellow,N,X,G,orange,N,X
LL,4,16162,1266,yellow,N,X,G,green,G,L
LL,4,17559,88,yellow,N,X,G,green,G,L
LL,4,17721,114,yellow,N,X,G,purple,N,X
LL,4,17882,53,yellow,N,X,G,purple,N,X
LL,4,18294,9,yellow,N,X,S,yellow,N,X
LL,4,18534,318,yellow,N,X,G,purple,N,X
LL,4,18899,213,yellow,N,X,G,blue,R,L
LL,4,19891,361,yellow,N,X,G,green,G,L
LL,4,20275,1754,yellow,N,X,G,green,G,L
LL,4,22438,25,yellow,N,X,S,yellow,N,X
LL,4,22471,1192,yellow,N,X,G,green,G,L
LL,4,23842,160,yellow,N,X,G,green,G,L
LL,4,24527,67,yellow,N,X,S,yellow,N,X
LL,4,48359,13,yellow,N,X,S,yellow,N,X
LL,4,49412,854,yellow,N,X,G,green,G,L
LL,4,59598,359,yellow,N,X,G,purple,N,X
LL,4,60095,25,yellow,N,X,G,orange,N,X
LL,4,60139,24,yellow,N,X,G,orange,N,X
LL,4,60332,14,yellow,N,X,G,blue,R,L
LL,4,60597,9,yellow,N,X,S,yellow,N,X
LL,4,60711,20,yellow,N,X,S,yellow,N,X
LL,4,61259,63,yellow,N,X,S,yellow,N,X
LL,4,70609,53,yellow,N,X,S,yellow,N,X
LL,4,71059,262,yellow,N,X,G,blue,R,L
LL,4,71476,15,yellow,N,X,S,yellow,N,X
LL,4,75933,82,yellow,N,X,S,yellow,N,X
LL,4,76721,17,yellow,N,X,G,orange,N,X
LL,4,2371,16,orange,N,X,G,yellow,N,X
LL,4,2449,692,orange,N,X,G,blue,R,L
LL,4,3260,777,orange,N,X,G,blue,R,L
LL,4,5272,1018,orange,N,X,G,yellow,N,X
LL,4,7808,755,orange,N,X,G,blue,R,L
LL,4,8721,1515,orange,N,X,G,blue,R,L
LL,4,10376,1252,orange,N,X,G,blue,R,L
LL,4,11970,304,orange,N,X,G,purple,N,X
LL,4,12520,155,orange,N,X,G,yellow,N,X
LL,4,12857,66,orange,N,X,G,purple,N,X
LL,4,15402,307,orange,N,X,G,purple,N,X
LL,4,15733,626,orange,N,X,G,yellow,N,X
LL,4,16528,620,orange,N,X,G,purple,N,X
LL,4,19478,4343,orange,N,X,G,purple,N,X
LL,4,23843,2168,orange,N,X,G,green,G,L
LL,4,26422,2284,orange,N,X,G,blue,R,L
LL,4,29509,340,orange,N,X,G,purple,N,X
LL,4,29894,869,orange,N,X,G,purple,N,X
LL,4,32212,2439,orange,N,X,G,green,G,L
LL,4,34964,15,orange,N,X,S,orange,N,X
LL,4,35113,1409,orange,N,X,G,blue,R,L
LL,4,37754,18,orange,N,X,S,orange,N,X
LL,4,37785,18,orange,N,X,S,orange,N,X
LL,4,39298,6676,orange,N,X,G,yellow,N,X
LL,4,47982,11,orange,N,X,S,orange,N,X
LL,4,48774,68,orange,N,X,S,orange,N,X
LL,4,49081,379,orange,N,X,G,purple,N,X
LL,4,50667,836,orange,N,X,G,purple,N,X
LL,4,52011,3980,orange,N,X,G,yellow,N,X
LL,4,56279,691,orange,N,X,G,green,G,L
LL,4,57074,913,orange,N,X,G,green,G,L
LL,4,58004,27,orange,N,X,G,green,G,L
LL,4,58092,1274,orange,N,X,G,purple,N,X
LL,4,59823,677,orange,N,X,G,purple,N,X
LL,4,60771,717,orange,N,X,G,purple,N,X
LL,4,62480,117,orange,N,X,G,purple,N,X
LL,4,62749,547,orange,N,X,G,yellow,N,X
LL,4,63597,16,orange,N,X,S,orange,N,X
LL,4,63996,189,orange,N,X,G,green,G,L
LL,4,65100,31,orange,N,X,G,purple,N,X
LL,4,65775,67,orange,N,X,G,red,N,X
LL,4,66875,520,orange,N,X,G,green,G,L
LL,4,67640,2017,orange,N,X,G,purple,N,X
LL,4,69815,19,orange,N,X,S,orange,N,X
LL,4,71352,65,orange,N,X,S,orange,N,X
LL,4,72459,814,orange,N,X,G,yellow,N,X
LL,4,74457,519,orange,N,X,G,green,G,L
LL,4,75172,10,orange,N,X,S,orange,N,X
LL,4,75754,3284,orange,N,X,G,purple,N,X
LL,4,79428,661,orange,N,X,G,purple,N,X
LL,4,80210,677,orange,N,X,G,purple,N,X
LL,4,80954,426,orange,N,X,G,purple,N,X
LL,4,1067,35,red,N,X,G,blue,R,L
LL,4,1220,610,red,N,X,G,blue,R,L
LL,4,1910,272,red,N,X,G,blue,R,L
LL,4,2235,355,red,N,X,G,blue,R,L
LL,4,2913,344,red,N,X,G,blue,R,L
LL,4,3302,265,red,N,X,G,blue,R,L
LL,4,3645,341,red,N,X,G,blue,R,L
LL,4,5770,568,red,N,X,G,blue,R,L
LL,4,6368,306,red,N,X,G,blue,R,L
LL,4,7074,40,red,N,X,G,yellow,N,X
LL,4,7676,9,red,N,X,S,red,N,X
LL,4,7816,40,red,N,X,S,red,N,X
LL,4,9826,15,red,N,X,S,red,N,X
LL,4,12447,498,red,N,X,G,blue,R,L
LL,4,15048,39,red,N,X,S,red,N,X
LL,4,16785,41,red,N,X,S,red,N,X
LL,4,18510,57,red,N,X,S,red,N,X
LL,4,18924,44,red,N,X,S,red,N,X
LL,4,19084,22,red,N,X,S,red,N,X
LL,4,22011,26,red,N,X,S,red,N,X
LL,4,24177,18,red,N,X,S,red,N,X
LL,4,25707,24,red,N,X,S,red,N,X
LL,4,25982,10,red,N,X,S,red,N,X
LL,4,26018,38,red,N,X,S,red,N,X
LL,4,26127,12,red,N,X,S,red,N,X
LL,4,26983,14,red,N,X,S,red,N,X
LL,4,27170,168,red,N,X,G,green,G,L
LL,4,27406,97,red,N,X,G,yellow,N,X
LL,4,27748,8,red,N,X,G,yellow,N,X
LL,4,27787,10,red,N,X,G,blue,R,L
LL,4,27868,14,red,N,X,G,yellow,N,X
LL,4,27892,5,red,N,X,G,blue,R,L
LL,4,28427,43,red,N,X,S,red,N,X
LL,4,28945,32,red,N,X,S,red,N,X
LL,4,29813,59,red,N,X,S,red,N,X
LL,4,31644,42,red,N,X,G,blue,R,L
LL,4,31897,13,red,N,X,S,red,N,X
LL,4,33531,34,red,N,X,S,red,N,X
LL,4,33574,45,red,N,X,S,red,N,X
LL,4,33622,19,red,N,X,S,red,N,X
LL,4,34008,67,red,N,X,S,red,N,X
LL,4,36781,50,red,N,X,S,red,N,X
LL,4,37208,82,red,N,X,S,red,N,X
LL,4,37807,16,red,N,X,S,red,N,X
LL,4,37993,26,red,N,X,S,red,N,X
LL,4,38767,22,red,N,X,S,red,N,X
LL,4,39785,16,red,N,X,S,red,N,X
LL,4,40795,46,red,N,X,S,red,N,X
LL,4,41355,43,red,N,X,S,red,N,X
LL,4,41464,88,red,N,X,S,red,N,X
LL,4,44760,10,red,N,X,S,red,N,X
LL,4,45086,28,red,N,X,S,red,N,X
LL,4,46395,15,red,N,X,S,red,N,X
LL,4,46513,6,red,N,X,S,red,N,X
LL,4,46627,20,red,N,X,S,red,N,X
LL,4,48603,31,red,N,X,S,red,N,X
LL,4,48692,9,red,N,X,S,red,N,X
LL,4,48867,10,red,N,X,S,red,N,X
LL,4,50323,37,red,N,X,S,red,N,X
LL,4,50583,20,red,N,X,S,red,N,X
LL,4,50958,76,red,N,X,S,red,N,X
LL,4,53162,29,red,N,X,S,red,N,X
LL,4,53381,70,red,N,X,S,red,N,X
LL,4,53805,54,red,N,X,S,red,N,X
LL,4,54118,114,red,N,X,S,red,N,X
LL,4,54789,13,red,N,X,S,red,N,X
LL,4,63482,21,red,N,X,S,red,N,X
LL,4,63648,53,red,N,X,S,red,N,X
LL,4,63733,21,red,N,X,S,red,N,X
LL,4,64982,64,red,N,X,S,red,N,X
LL,4,65857,34,red,N,X,S,red,N,X
LL,4,69443,102,red,N,X,S,red,N,X
LL,4,69694,57,red,N,X,S,red,N,X
LL,4,69887,15,red,N,X,S,red,N,X
LL,4,74227,73,red,N,X,S,red,N,X
LL,4,74843,30,red,N,X,S,red,N,X
LL,4,74926,70,red,N,X,S,red,N,X
LL,4,75483,105,red,N,X,S,red,N,X
LL,4,76431,113,red,N,X,S,red,N,X
LL,4,76673,21,red,N,X,S,red,N,X
LL,4,78807,36,red,N,X,S,red,N,X
LL,4,80037,52,red,N,X,S,red,N,X
LL,4,80140,24,red,N,X,S,red,N,X
LL,4,80226,89,red,N,X,S,red,N,X
LL,4,80441,63,red,N,X,S,red,N,X
LL,4,80664,8,red,N,X,S,red,N,X
LL,4,80680,10,red,N,X,S,red,N,X
LL,4,80971,44,red,N,X,S,red,N,X
LL,4,81301,63,red,N,X,S,red,N,X
LL,4,829,30,purple,N,X,S,purple,N,X
LL,4,52121,20,purple,N,X,S,purple,N,X
LL,4,52244,18,purple,N,X,S,purple,N,X
LL,4,74646,55,purple,N,X,S,purple,N,X
LL,4,75027,43,purple,N,X,S,purple,N,X
LL,4,5222,4,blue,R,L,S,blue,R,L
LL,4,5337,33,blue,R,L,S,blue,R,L
LL,4,5390,58,blue,R,L,S,blue,R,L
LL,4,5507,27,blue,R,L,S,blue,R,L
LL,4,5582,28,blue,R,L,S,blue,R,L
LL,4,7477,36,blue,R,L,S,blue,R,L
LL,4,7565,56,blue,R,L,S,blue,R,L
LL,4,7650,84,blue,R,L,S,blue,R,L
LL,4,13853,16,blue,R,L,S,blue,R,L
LL,4,13918,31,blue,R,L,S,blue,R,L
LL,4,14318,114,blue,R,L,S,blue,R,L
LL,4,14514,45,blue,R,L,S,blue,R,L
LL,4,14642,29,blue,R,L,S,blue,R,L
LL,4,15348,50,blue,R,L,S,blue,R,L
LL,4,15450,45,blue,R,L,S,blue,R,L
LL,4,15501,67,blue,R,L,S,blue,R,L
LL,4,15631,60,blue,R,L,S,blue,R,L
LL,4,19404,91,blue,R,L,S,blue,R,L
LL,4,19517,50,blue,R,L,S,blue,R,L
LL,4,19929,20,blue,R,L,S,blue,R,L
LL,4,20693,53,blue,R,L,S,blue,R,L
LL,4,20795,248,blue,R,L,G,purple,N,X
LL,4,21107,14,blue,R,L,S,blue,R,L
LL,4,21167,44,blue,R,L,S,blue,R,L
LL,4,21473,78,blue,R,L,S,blue,R,L
LL,4,21574,8,blue,R,L,S,blue,R,L
LL,4,22097,19,blue,R,L,S,blue,R,L
LL,4,23036,1778,blue,R,L,G,green,G,L
LL,4,25137,358,blue,R,L,G,green,G,L
LL,4,25714,13,blue,R,L,S,blue,R,L
LL,4,25812,18,blue,R,L,S,blue,R,L
LL,4,26067,21,blue,R,L,S,blue,R,L
LL,4,26102,64,blue,R,L,S,blue,R,L
LL,4,26269,82,blue,R,L,S,blue,R,L
LL,4,29245,1446,blue,R,L,G,green,G,L
LL,4,30988,25,blue,R,L,S,blue,R,L
LL,4,31241,67,blue,R,L,S,blue,R,L
LL,4,31463,13,blue,R,L,S,blue,R,L
LL,4,31497,57,blue,R,L,S,blue,R,L
LL,4,32672,779,blue,R,L,G,purple,N,X
LL,4,33490,60,blue,R,L,S,blue,R,L
LL,4,34330,874,blue,R,L,G,yellow,N,X
LL,4,37143,25,blue,R,L,S,blue,R,L
LL,4,37263,15,blue,R,L,S,blue,R,L
LL,4,40466,19,blue,R,L,S,blue,R,L
LL,4,40768,70,blue,R,L,S,blue,R,L
LL,4,41000,35,blue,R,L,S,blue,R,L
LL,4,41310,34,blue,R,L,G,red,N,X
LL,4,41805,242,blue,R,L,G,red,N,X
LL,4,43221,12,blue,R,L,S,blue,R,L
LL,4,43481,35,blue,R,L,S,blue,R,L
LL,4,43548,11,blue,R,L,S,blue,R,L
LL,4,43667,33,blue,R,L,S,blue,R,L
LL,4,43973,36,blue,R,L,S,blue,R,L
LL,4,44614,523,blue,R,L,G,purple,N,X
LL,4,45805,13,blue,R,L,S,blue,R,L
LL,4,45885,1259,blue,R,L,G,purple,N,X
LL,4,47364,778,blue,R,L,G,purple,N,X
LL,4,48559,1366,blue,R,L,G,green,G,L
LL,4,50417,14,blue,R,L,S,blue,R,L
LL,4,50611,44,blue,R,L,S,blue,R,L
LL,4,51613,11,blue,R,L,S,blue,R,L
LL,4,52718,756,blue,R,L,G,purple,N,X
LL,4,53644,7,blue,R,L,S,blue,R,L
LL,4,53770,65,blue,R,L,S,blue,R,L
LL,4,54378,50,blue,R,L,S,blue,R,L
LL,4,54962,16,blue,R,L,G,green,G,L
LL,4,55046,2668,blue,R,L,G,green,G,L
LL,4,58447,9,blue,R,L,S,blue,R,L
LL,4,58610,15,blue,R,L,S,blue,R,L
LL,4,58664,15,blue,R,L,S,blue,R,L
LL,4,59023,90,blue,R,L,G,red,N,X
LL,4,59898,24,blue,R,L,S,blue,R,L
LL,4,60316,23,blue,R,L,S,blue,R,L
LL,4,60478,36,blue,R,L,S,blue,R,L
LL,4,60708,112,blue,R,L,S,blue,R,L
LL,4,61290,46,blue,R,L,S,blue,R,L
LL,4,62231,25,blue,R,L,S,blue,R,L
LL,4,62853,60,blue,R,L,S,blue,R,L
LL,4,63059,17,blue,R,L,S,blue,R,L
LL,4,65476,33,blue,R,L,S,blue,R,L
LL,4,65641,29,blue,R,L,S,blue,R,L
LL,4,66191,28,blue,R,L,S,blue,R,L
LL,4,66316,32,blue,R,L,S,blue,R,L
LL,4,66427,19,blue,R,L,S,blue,R,L
LL,4,66563,21,blue,R,L,S,blue,R,L
LL,4,66789,29,blue,R,L,S,blue,R,L
LL,4,68589,24,blue,R,L,S,blue,R,L
LL,4,68729,31,blue,R,L,S,blue,R,L
LL,4,68966,111,blue,R,L,S,blue,R,L
LL,4,69344,19,blue,R,L,S,blue,R,L
LL,4,69413,69,blue,R,L,G,yellow,N,X
LL,4,69534,844,blue,R,L,G,yellow,N,X
LL,4,70500,11,blue,R,L,S,blue,R,L
LL,4,71997,19,blue,R,L,S,blue,R,L
LL,4,72180,14,blue,R,L,S,blue,R,L
LL,4,72566,14,blue,R,L,S,blue,R,L
LL,4,72668,24,blue,R,L,S,blue,R,L
LL,4,72709,46,blue,R,L,S,blue,R,L
LL,4,74099,22,blue,R,L,S,blue,R,L
LL,4,75390,23,blue,R,L,S,blue,R,L
LL,4,75569,15,blue,R,L,S,blue,R,L
LL,4,76011,37,blue,R,L,S,blue,R,L
LL,4,76087,37,blue,R,L,S,blue,R,L
LL,4,77116,20,blue,R,L,S,blue,R,L
LL,4,77880,35,blue,R,L,S,blue,R,L
LL,4,77983,34,blue,R,L,S,blue,R,L
LL,4,78149,12,blue,R,L,S,blue,R,L
LL,4,638,79,green,G,L,S,green,G,L
LL,4,1677,186,green,G,L,G,blue,R,L
LL,4,2664,190,green,G,L,G,blue,R,L
LL,4,11612,29,green,G,L,S,green,G,L
LL,4,12523,42,green,G,L,S,green,G,L
LL,4,15079,44,green,G,L,S,green,G,L
LL,4,18672,11,green,G,L,G,yellow,N,X
LL,4,19642,108,green,G,L,S,green,G,L
LL,4,22341,282,green,G,L,S,green,G,L
LL,4,26878,204,green,G,L,S,green,G,L
LL,4,27449,596,green,G,L,G,purple,N,X
LL,4,28181,52,green,G,L,S,green,G,L
LL,4,35391,221,green,G,L,G,yellow,N,X
LL,4,35880,25,green,G,L,S,green,G,L
LL,4,36976,146,green,G,L,S,green,G,L
LL,4,37180,20,green,G,L,S,green,G,L
LL,4,37303,1217,green,G,L,G,blue,R,L
LL,4,38865,209,green,G,L,G,blue,R,L
LL,4,39272,103,green,G,L,G,blue,R,L
LL,4,39716,46,green,G,L,G,red,N,X
LL,4,39816,757,green,G,L,G,red,N,X
LL,4,41320,213,green,G,L,S,green,G,L
LL,4,41941,139,green,G,L,S,green,G,L
LL,4,47108,403,green,G,L,S,green,G,L
LL,4,48495,59,green,G,L,G,purple,N,X
LL,4,50655,17,green,G,L,S,green,G,L
LL,4,50756,52,green,G,L,S,green,G,L
LL,4,54985,61,green,G,L,S,green,G,L
LL,4,58168,71,green,G,L,S,green,G,L
LL,4,58447,19,green,G,L,S,green,G,L
LL,4,58489,20,green,G,L,S,green,G,L
LL,4,59787,61,green,G,L,G,blue,R,L
LL,4,60903,140,green,G,L,G,purple,N,X
LL,4,61141,79,green,G,L,S,green,G,L
LL,4,61978,1164,green,G,L,G,purple,N,X
LL,4,63506,26,green,G,L,S,green,G,L
LL,4,63653,718,green,G,L,G,yellow,N,X
LL,4,64408,2177,green,G,L,G,purple,N,X
LL,4,67637,167,green,G,L,S,green,G,L
LL,4,68293,157,green,G,L,G,blue,R,L
LL,4,68542,50,green,G,L,S,green,G,L
LL,4,69392,63,green,G,L,S,green,G,L
LL,4,69482,220,green,G,L,G,purple,N,X
LL,4,71047,72,green,G,L,G,red,N,X
LL,4,71132,190,green,G,L,S,green,G,L
LL,4,71377,104,green,G,L,G,red,N,X
LL,4,71769,62,green,G,L,G,blue,R,L
LL,4,72151,636,green,G,L,G,purple,N,X
LL,4,72814,71,green,G,L,G,purple,N,X
LL,4,73288,650,green,G,L,G,purple,N,X
LL,4,74325,17,green,G,L,S,green,G,L
LL,4,74355,83,green,G,L,G,yellow,N,X
LL,4,77597,11,green,G,L,S,green,G,L
LL,4,79098,153,green,G,L,S,green,G,L
LL,4,79500,11,green,G,L,S,green,G,L
LL,4,79969,68,green,G,L,G,yellow,N,X
LL,4,80624,86,green,G,L,G,yellow,N,X
LL,4,80746,633,green,G,L,G,yellow,N,X
LL,4,117,1,yellow,N,X,A,yellow,N,X
LL,4,204,1,yellow,N,X,A,yellow,N,X
LL,4,214,1,yellow,N,X,A,yellow,N,X
LL,4,224,1,yellow,N,X,A,yellow,N,X
LL,4,273,1,yellow,N,X,A,yellow,N,X
LL,4,652,1,yellow,N,X,A,yellow,N,X
LL,4,668,1,yellow,N,X,A,yellow,N,X
LL,4,677,1,yellow,N,X,A,yellow,N,X
LL,4,684,1,yellow,N,X,A,yellow,N,X
LL,4,696,1,yellow,N,X,A,yellow,N,X
LL,4,704,1,yellow,N,X,A,yellow,N,X
LL,4,715,1,yellow,N,X,A,yellow,N,X
LL,4,740,1,yellow,N,X,A,yellow,N,X
LL,4,760,1,yellow,N,X,A,yellow,N,X
LL,4,776,1,yellow,N,X,A,yellow,N,X
LL,4,785,1,yellow,N,X,A,yellow,N,X
LL,4,841,1,yellow,N,X,A,yellow,N,X
LL,4,852,1,yellow,N,X,A,yellow,N,X
LL,4,863,1,yellow,N,X,A,yellow,N,X
LL,4,917,1,yellow,N,X,A,yellow,N,X
LL,4,986,1,yellow,N,X,A,yellow,N,X
LL,4,1014,1,yellow,N,X,A,yellow,N,X
LL,4,1136,1,yellow,N,X,A,yellow,N,X
LL,4,1169,1,yellow,N,X,A,yellow,N,X
LL,4,1197,1,yellow,N,X,A,yellow,N,X
LL,4,1217,1,yellow,N,X,A,yellow,N,X
LL,4,1235,1,yellow,N,X,A,yellow,N,X
LL,4,1427,1,yellow,N,X,A,yellow,N,X
LL,4,1438,1,yellow,N,X,A,yellow,N,X
LL,4,1454,1,yellow,N,X,A,yellow,N,X
LL,4,1472,1,yellow,N,X,A,yellow,N,X
LL,4,1488,1,yellow,N,X,A,yellow,N,X
LL,4,1617,1,yellow,N,X,A,yellow,N,X
LL,4,1627,1,yellow,N,X,A,yellow,N,X
LL,4,1642,1,yellow,N,X,A,yellow,N,X
LL,4,1658,1,yellow,N,X,A,yellow,N,X
LL,4,1857,1,yellow,N,X,A,yellow,N,X
LL,4,1868,1,yellow,N,X,A,yellow,N,X
LL,4,1883,1,yellow,N,X,A,yellow,N,X
LL,4,1895,1,yellow,N,X,A,yellow,N,X
LL,4,1910,1,yellow,N,X,A,yellow,N,X
LL,4,1925,1,yellow,N,X,A,yellow,N,X
LL,4,1938,1,yellow,N,X,A,yellow,N,X
LL,4,1952,1,yellow,N,X,A,yellow,N,X
LL,4,1967,1,yellow,N,X,A,yellow,N,X
LL,4,1982,1,yellow,N,X,A,yellow,N,X
LL,4,2919,1,yellow,N,X,A,yellow,N,X
LL,4,2963,1,yellow,N,X,A,yellow,N,X
LL,4,2976,1,yellow,N,X,A,yellow,N,X
LL,4,3364,1,yellow,N,X,A,yellow,N,X
LL,4,3379,1,yellow,N,X,A,yellow,N,X
LL,4,4323,1,yellow,N,X,A,yellow,N,X
LL,4,4339,1,yellow,N,X,A,yellow,N,X
LL,4,4353,1,yellow,N,X,A,yellow,N,X
LL,4,4364,1,yellow,N,X,A,yellow,N,X
LL,4,4458,1,yellow,N,X,A,yellow,N,X
LL,4,4542,1,yellow,N,X,A,yellow,N,X
LL,4,4636,1,yellow,N,X,A,yellow,N,X
LL,4,4647,1,yellow,N,X,A,yellow,N,X
LL,4,4685,1,yellow,N,X,A,yellow,N,X
LL,4,4720,10,yellow,N,X,H,yellow,N,X
LL,4,4847,1,yellow,N,X,A,yellow,N,X
LL,4,4939,158,yellow,N,X,H,yellow,N,X
LL,4,6411,1,yellow,N,X,A,yellow,N,X
LL,4,6422,15,yellow,N,X,H,yellow,N,X
LL,4,7216,1,yellow,N,X,A,yellow,N,X
LL,4,7249,1,yellow,N,X,A,yellow,N,X
LL,4,9019,1,yellow,N,X,A,yellow,N,X
LL,4,9032,1,yellow,N,X,A,yellow,N,X
LL,4,9054,1,yellow,N,X,A,yellow,N,X
LL,4,9069,1,yellow,N,X,A,yellow,N,X
LL,4,10529,40,yellow,N,X,H,yellow,N,X
LL,4,10618,98,yellow,N,X,H,yellow,N,X
LL,4,10716,1,yellow,N,X,A,yellow,N,X
LL,4,11086,8,yellow,N,X,O,yellow,N,X
LL,4,11751,68,yellow,N,X,H,yellow,N,X
LL,4,12881,6,yellow,N,X,H,yellow,N,X
LL,4,12887,1,yellow,N,X,A,yellow,N,X
LL,4,15060,1,yellow,N,X,A,yellow,N,X
LL,4,15088,1,yellow,N,X,A,yellow,N,X
LL,4,15107,1,yellow,N,X,A,yellow,N,X
LL,4,15145,1,yellow,N,X,A,yellow,N,X
LL,4,15168,1,yellow,N,X,A,yellow,N,X
LL,4,15181,38,yellow,N,X,H,yellow,N,X
LL,4,15219,1,yellow,N,X,A,yellow,N,X
LL,4,17462,1,yellow,N,X,A,yellow,N,X
LL,4,17481,47,yellow,N,X,H,yellow,N,X
LL,4,17528,1,yellow,N,X,A,yellow,N,X
LL,4,18161,1,yellow,N,X,A,yellow,N,X
LL,4,18180,1,yellow,N,X,A,yellow,N,X
LL,4,18196,95,yellow,N,X,H,yellow,N,X
LL,4,18308,87,yellow,N,X,H,yellow,N,X
LL,4,18395,1,yellow,N,X,A,yellow,N,X
LL,4,19850,1,yellow,N,X,A,yellow,N,X
LL,4,19863,1,yellow,N,X,A,yellow,N,X
LL,4,19873,14,yellow,N,X,H,yellow,N,X
LL,4,22143,1,yellow,N,X,A,yellow,N,X
LL,4,22167,28,yellow,N,X,H,yellow,N,X
LL,4,23753,1,yellow,N,X,A,yellow,N,X
LL,4,23771,1,yellow,N,X,A,yellow,N,X
LL,4,23805,1,yellow,N,X,A,yellow,N,X
LL,4,23838,1,yellow,N,X,A,yellow,N,X
LL,4,24598,1,yellow,N,X,A,yellow,N,X
LL,4,24634,212,yellow,N,X,H,yellow,N,X
LL,4,27790,1,yellow,N,X,A,yellow,N,X
LL,4,27874,1,yellow,N,X,A,yellow,N,X
LL,4,27974,1,yellow,N,X,A,yellow,N,X
LL,4,28027,1,yellow,N,X,A,yellow,N,X
LL,4,28070,127,yellow,N,X,H,yellow,N,X
LL,4,28788,1,yellow,N,X,A,yellow,N,X
LL,4,28799,1,yellow,N,X,A,yellow,N,X
LL,4,28816,1,yellow,N,X,A,yellow,N,X
LL,4,28839,1,yellow,N,X,A,yellow,N,X
LL,4,28855,1,yellow,N,X,A,yellow,N,X
LL,4,28879,1,yellow,N,X,A,yellow,N,X
LL,4,28900,1,yellow,N,X,A,yellow,N,X
LL,4,28921,1,yellow,N,X,A,yellow,N,X
LL,4,28938,1,yellow,N,X,A,yellow,N,X
LL,4,28955,1,yellow,N,X,A,yellow,N,X
LL,4,29542,1,yellow,N,X,A,yellow,N,X
LL,4,29558,1,yellow,N,X,A,yellow,N,X
LL,4,29561,311,yellow,N,X,H,yellow,N,X
LL,4,29872,96,yellow,N,X,R,yellow,N,X
LL,4,38860,1,yellow,N,X,A,yellow,N,X
LL,4,38904,1,yellow,N,X,A,yellow,N,X
LL,4,46361,1,yellow,N,X,A,yellow,N,X
LL,4,46407,206,yellow,N,X,H,yellow,N,X
LL,4,46895,1,yellow,N,X,A,yellow,N,X
LL,4,46916,1,yellow,N,X,A,yellow,N,X
LL,4,46983,1,yellow,N,X,A,yellow,N,X
LL,4,46998,1,yellow,N,X,A,yellow,N,X
LL,4,47012,1,yellow,N,X,A,yellow,N,X
LL,4,47037,1,yellow,N,X,A,yellow,N,X
LL,4,47047,1,yellow,N,X,A,yellow,N,X
LL,4,47059,1,yellow,N,X,A,yellow,N,X
LL,4,47073,1,yellow,N,X,A,yellow,N,X
LL,4,47087,1,yellow,N,X,A,yellow,N,X
LL,4,47168,1,yellow,N,X,A,yellow,N,X
LL,4,47180,1,yellow,N,X,A,yellow,N,X
LL,4,47194,1,yellow,N,X,A,yellow,N,X
LL,4,47209,1,yellow,N,X,A,yellow,N,X
LL,4,47251,1,yellow,N,X,A,yellow,N,X
LL,4,47263,1,yellow,N,X,A,yellow,N,X
LL,4,47277,1,yellow,N,X,A,yellow,N,X
LL,4,47290,1,yellow,N,X,A,yellow,N,X
LL,4,47303,1,yellow,N,X,A,yellow,N,X
LL,4,47318,1,yellow,N,X,A,yellow,N,X
LL,4,47340,1,yellow,N,X,A,yellow,N,X
LL,4,47364,1,yellow,N,X,A,yellow,N,X
LL,4,47377,1,yellow,N,X,A,yellow,N,X
LL,4,47393,1,yellow,N,X,A,yellow,N,X
LL,4,48161,1,yellow,N,X,A,yellow,N,X
LL,4,48176,1,yellow,N,X,A,yellow,N,X
LL,4,48198,1,yellow,N,X,A,yellow,N,X
LL,4,48294,1,yellow,N,X,A,yellow,N,X
LL,4,48307,1,yellow,N,X,A,yellow,N,X
LL,4,48321,1,yellow,N,X,A,yellow,N,X
LL,4,48336,1,yellow,N,X,A,yellow,N,X
LL,4,48352,1,yellow,N,X,A,yellow,N,X
LL,4,48798,1,yellow,N,X,A,yellow,N,X
LL,4,48843,1,yellow,N,X,A,yellow,N,X
LL,4,48934,1,yellow,N,X,A,yellow,N,X
LL,4,48939,334,yellow,N,X,H,yellow,N,X
LL,4,49273,1,yellow,N,X,A,yellow,N,X
LL,4,50739,67,yellow,N,X,H,yellow,N,X
LL,4,50820,69,yellow,N,X,H,yellow,N,X
LL,4,50982,1,yellow,N,X,A,yellow,N,X
LL,4,50997,1,yellow,N,X,A,yellow,N,X
LL,4,59084,1,yellow,N,X,A,yellow,N,X
LL,4,59111,1,yellow,N,X,A,yellow,N,X
LL,4,59170,1,yellow,N,X,A,yellow,N,X
LL,4,59256,1,yellow,N,X,A,yellow,N,X
LL,4,59280,49,yellow,N,X,H,yellow,N,X
LL,4,60596,1,yellow,N,X,A,yellow,N,X
LL,4,60609,1,yellow,N,X,A,yellow,N,X
LL,4,60637,1,yellow,N,X,A,yellow,N,X
LL,4,60661,1,yellow,N,X,A,yellow,N,X
LL,4,60673,1,yellow,N,X,A,yellow,N,X
LL,4,60689,1,yellow,N,X,A,yellow,N,X
LL,4,60711,1,yellow,N,X,A,yellow,N,X
LL,4,61223,1,yellow,N,X,A,yellow,N,X
LL,4,61237,1,yellow,N,X,A,yellow,N,X
LL,4,61253,1,yellow,N,X,A,yellow,N,X
LL,4,61407,1,yellow,N,X,A,yellow,N,X
LL,4,61418,1,yellow,N,X,A,yellow,N,X
LL,4,61434,11,yellow,N,X,O,yellow,N,X
LL,4,70493,1,yellow,N,X,A,yellow,N,X
LL,4,70494,73,yellow,N,X,H,yellow,N,X
LL,4,70669,11,yellow,N,X,O,yellow,N,X
LL,4,71411,1,yellow,N,X,A,yellow,N,X
LL,4,71435,1,yellow,N,X,A,yellow,N,X
LL,4,71458,1,yellow,N,X,A,yellow,N,X
LL,4,71506,14,yellow,N,X,H,yellow,N,X
LL,4,73754,1,yellow,N,X,A,yellow,N,X
LL,4,73799,1,yellow,N,X,A,yellow,N,X
LL,4,74813,1,yellow,N,X,A,yellow,N,X
LL,4,74825,1,yellow,N,X,A,yellow,N,X
LL,4,74834,1,yellow,N,X,A,yellow,N,X
LL,4,74856,1,yellow,N,X,A,yellow,N,X
LL,4,74875,1,yellow,N,X,A,yellow,N,X
LL,4,74890,1,yellow,N,X,A,yellow,N,X
LL,4,74903,1,yellow,N,X,A,yellow,N,X
LL,4,74961,1,yellow,N,X,A,yellow,N,X
LL,4,74971,1,yellow,N,X,A,yellow,N,X
LL,4,74980,194,yellow,N,X,H,yellow,N,X
LL,4,75174,1,yellow,N,X,A,yellow,N,X
LL,4,75657,1,yellow,N,X,A,yellow,N,X
LL,4,76070,1,yellow,N,X,A,yellow,N,X
LL,4,76091,1,yellow,N,X,A,yellow,N,X
LL,4,76136,1,yellow,N,X,A,yellow,N,X
LL,4,76179,9,yellow,N,X,H,yellow,N,X
LL,4,80278,1,yellow,N,X,A,yellow,N,X
LL,4,142,1,orange,N,X,A,orange,N,X
LL,4,156,1,orange,N,X,A,orange,N,X
LL,4,170,1,orange,N,X,A,orange,N,X
LL,4,184,1,orange,N,X,A,orange,N,X
LL,4,197,1,orange,N,X,A,orange,N,X
LL,4,228,1,orange,N,X,A,orange,N,X
LL,4,244,1,orange,N,X,A,orange,N,X
LL,4,264,1,orange,N,X,A,orange,N,X
LL,4,371,1,orange,N,X,A,orange,N,X
LL,4,436,1,orange,N,X,A,orange,N,X
LL,4,450,1,orange,N,X,A,orange,N,X
LL,4,466,1,orange,N,X,A,orange,N,X
LL,4,515,1,orange,N,X,A,orange,N,X
LL,4,537,1,orange,N,X,A,orange,N,X
LL,4,571,1,orange,N,X,A,orange,N,X
LL,4,589,1,orange,N,X,A,orange,N,X
LL,4,608,1,orange,N,X,A,orange,N,X
LL,4,622,1,orange,N,X,A,orange,N,X
LL,4,769,1,orange,N,X,A,orange,N,X
LL,4,787,1,orange,N,X,A,orange,N,X
LL,4,871,1,orange,N,X,A,orange,N,X
LL,4,882,1,orange,N,X,A,orange,N,X
LL,4,903,1,orange,N,X,A,orange,N,X
LL,4,1013,1,orange,N,X,A,orange,N,X
LL,4,1025,1,orange,N,X,A,orange,N,X
LL,4,1045,1,orange,N,X,A,orange,N,X
LL,4,1478,1,orange,N,X,A,orange,N,X
LL,4,1496,1,orange,N,X,A,orange,N,X
LL,4,1529,1,orange,N,X,A,orange,N,X
LL,4,1640,1,orange,N,X,A,orange,N,X
LL,4,2159,1,orange,N,X,A,orange,N,X
LL,4,2238,1,orange,N,X,A,orange,N,X
LL,4,2254,1,orange,N,X,A,orange,N,X
LL,4,2274,1,orange,N,X,A,orange,N,X
LL,4,3166,1,orange,N,X,A,orange,N,X
LL,4,3228,1,orange,N,X,A,orange,N,X
LL,4,4071,1,orange,N,X,A,orange,N,X
LL,4,4090,1,orange,N,X,A,orange,N,X
LL,4,4108,1,orange,N,X,A,orange,N,X
LL,4,4133,1,orange,N,X,A,orange,N,X
LL,4,4154,1,orange,N,X,A,orange,N,X
LL,4,4177,1,orange,N,X,A,orange,N,X
LL,4,4204,1,orange,N,X,A,orange,N,X
LL,4,4249,1,orange,N,X,A,orange,N,X
LL,4,4620,1,orange,N,X,A,orange,N,X
LL,4,4648,1,orange,N,X,A,orange,N,X
LL,4,4666,1,orange,N,X,A,orange,N,X
LL,4,4683,82,orange,N,X,H,orange,N,X
LL,4,4868,236,orange,N,X,H,orange,N,X
LL,4,8631,1,orange,N,X,A,orange,N,X
LL,4,8649,1,orange,N,X,H,orange,N,X
LL,4,8650,1,orange,N,X,A,orange,N,X
LL,4,8679,1,orange,N,X,A,orange,N,X
LL,4,8722,1,orange,N,X,A,orange,N,X
LL,4,10281,1,orange,N,X,A,orange,N,X
LL,4,10303,1,orange,N,X,A,orange,N,X
LL,4,10321,1,orange,N,X,A,orange,N,X
LL,4,10345,1,orange,N,X,A,orange,N,X
LL,4,11770,1,orange,N,X,A,orange,N,X
LL,4,11786,1,orange,N,X,A,orange,N,X
LL,4,11812,1,orange,N,X,A,orange,N,X
LL,4,11862,1,orange,N,X,A,orange,N,X
LL,4,12470,50,orange,N,X,H,orange,N,X
LL,4,17275,1,orange,N,X,A,orange,N,X
LL,4,17293,1,orange,N,X,A,orange,N,X
LL,4,17310,215,orange,N,X,H,orange,N,X
LL,4,17525,1,orange,N,X,A,orange,N,X
LL,4,26098,1,orange,N,X,A,orange,N,X
LL,4,26110,144,orange,N,X,H,orange,N,X
LL,4,28769,119,orange,N,X,H,orange,N,X
LL,4,30877,1,orange,N,X,A,orange,N,X
LL,4,30890,1,orange,N,X,A,orange,N,X
LL,4,30912,145,orange,N,X,H,orange,N,X
LL,4,31637,1,orange,N,X,A,orange,N,X
LL,4,31659,39,orange,N,X,H,orange,N,X
LL,4,31698,114,orange,N,X,R,orange,N,X
LL,4,34738,1,orange,N,X,A,orange,N,X
LL,4,34789,168,orange,N,X,H,orange,N,X
LL,4,34980,12,orange,N,X,H,orange,N,X
LL,4,36595,1,orange,N,X,A,orange,N,X
LL,4,36609,1,orange,N,X,A,orange,N,X
LL,4,36625,1,orange,N,X,A,orange,N,X
LL,4,36643,95,orange,N,X,H,orange,N,X
LL,4,37712,1,orange,N,X,A,orange,N,X
LL,4,37713,41,orange,N,X,H,orange,N,X
LL,4,37781,1,orange,N,X,A,orange,N,X
LL,4,37846,188,orange,N,X,H,orange,N,X
LL,4,46119,1,orange,N,X,A,orange,N,X
LL,4,46128,251,orange,N,X,H,orange,N,X
LL,4,47757,1,orange,N,X,A,orange,N,X
LL,4,47771,1,orange,N,X,A,orange,N,X
LL,4,47788,1,orange,N,X,A,orange,N,X
LL,4,47824,1,orange,N,X,A,orange,N,X
LL,4,47836,1,orange,N,X,A,orange,N,X
LL,4,47954,1,orange,N,X,A,orange,N,X
LL,4,47967,1,orange,N,X,A,orange,N,X
LL,4,47980,1,orange,N,X,A,orange,N,X
LL,4,48075,69,orange,N,X,H,orange,N,X
LL,4,48144,1,orange,N,X,A,orange,N,X
LL,4,48841,42,orange,N,X,H,orange,N,X
LL,4,48883,135,orange,N,X,R,orange,N,X
LL,4,49532,332,orange,N,X,H,orange,N,X
LL,4,51641,1,orange,N,X,A,orange,N,X
LL,4,51654,1,orange,N,X,A,orange,N,X
LL,4,51655,2,orange,N,X,H,orange,N,X
LL,4,51785,1,orange,N,X,A,orange,N,X
LL,4,56082,1,orange,N,X,A,orange,N,X
LL,4,56096,1,orange,N,X,A,orange,N,X
LL,4,56119,1,orange,N,X,A,orange,N,X
LL,4,56133,62,orange,N,X,H,orange,N,X
LL,4,59547,247,orange,N,X,H,orange,N,X
LL,4,60698,1,orange,N,X,A,orange,N,X
LL,4,61643,94,orange,N,X,H,orange,N,X
LL,4,61737,1,orange,N,X,A,orange,N,X
LL,4,62074,398,orange,N,X,H,orange,N,X
LL,4,63392,198,orange,N,X,H,orange,N,X
LL,4,64974,1,orange,N,X,A,orange,N,X
LL,4,64997,1,orange,N,X,A,orange,N,X
LL,4,65017,1,orange,N,X,A,orange,N,X
LL,4,65032,48,orange,N,X,H,orange,N,X
LL,4,66264,1,orange,N,X,A,orange,N,X
LL,4,66267,81,orange,N,X,H,orange,N,X
LL,4,69750,1,orange,N,X,A,orange,N,X
LL,4,69760,1,orange,N,X,A,orange,N,X
LL,4,69782,24,orange,N,X,H,orange,N,X
LL,4,69806,1,orange,N,X,A,orange,N,X
LL,4,70036,630,orange,N,X,H,orange,N,X
LL,4,70779,1,orange,N,X,A,orange,N,X
LL,4,70801,530,orange,N,X,H,orange,N,X
LL,4,71331,1,orange,N,X,A,orange,N,X
LL,4,71429,1,orange,N,X,A,orange,N,X
LL,4,71446,1,orange,N,X,A,orange,N,X
LL,4,71467,74,orange,N,X,H,orange,N,X
LL,4,71612,776,orange,N,X,H,orange,N,X
LL,4,73625,1,orange,N,X,A,orange,N,X
LL,4,73650,1,orange,N,X,A,orange,N,X
LL,4,73660,79,orange,N,X,H,orange,N,X
LL,4,75098,1,orange,N,X,A,orange,N,X
LL,4,75120,1,orange,N,X,A,orange,N,X
LL,4,75133,39,orange,N,X,H,orange,N,X
LL,4,79100,320,orange,N,X,H,orange,N,X
LL,4,80974,1,orange,N,X,A,orange,N,X
LL,4,4,1,red,N,X,A,red,N,X
LL,4,38,1,red,N,X,A,red,N,X
LL,4,48,1,red,N,X,A,red,N,X
LL,4,57,1,red,N,X,A,red,N,X
LL,4,113,1,red,N,X,A,red,N,X
LL,4,161,1,red,N,X,A,red,N,X
LL,4,181,1,red,N,X,A,red,N,X
LL,4,193,1,red,N,X,A,red,N,X
LL,4,224,1,red,N,X,A,red,N,X
LL,4,234,1,red,N,X,A,red,N,X
LL,4,247,1,red,N,X,A,red,N,X
LL,4,258,1,red,N,X,A,red,N,X
LL,4,270,1,red,N,X,A,red,N,X
LL,4,282,1,red,N,X,A,red,N,X
LL,4,295,1,red,N,X,A,red,N,X
LL,4,311,1,red,N,X,A,red,N,X
LL,4,323,1,red,N,X,A,red,N,X
LL,4,552,1,red,N,X,A,red,N,X
LL,4,569,1,red,N,X,A,red,N,X
LL,4,599,1,red,N,X,A,red,N,X
LL,4,616,1,red,N,X,A,red,N,X
LL,4,639,1,red,N,X,A,red,N,X
LL,4,654,1,red,N,X,A,red,N,X
LL,4,671,1,red,N,X,A,red,N,X
LL,4,684,44,red,N,X,H,red,N,X
LL,4,808,1,red,N,X,A,red,N,X
LL,4,827,1,red,N,X,A,red,N,X
LL,4,841,1,red,N,X,A,red,N,X
LL,4,854,1,red,N,X,A,red,N,X
LL,4,856,1,red,N,X,A,red,N,X
LL,4,868,1,red,N,X,A,red,N,X
LL,4,877,1,red,N,X,A,red,N,X
LL,4,911,1,red,N,X,A,red,N,X
LL,4,1859,1,red,N,X,A,red,N,X
LL,4,1867,1,red,N,X,A,red,N,X
LL,4,1879,1,red,N,X,A,red,N,X
LL,4,1891,1,red,N,X,A,red,N,X
LL,4,2601,1,red,N,X,A,red,N,X
LL,4,2625,1,red,N,X,A,red,N,X
LL,4,2640,1,red,N,X,A,red,N,X
LL,4,2657,1,red,N,X,A,red,N,X
LL,4,2694,1,red,N,X,A,red,N,X
LL,4,2713,1,red,N,X,A,red,N,X
LL,4,2729,1,red,N,X,A,red,N,X
LL,4,2750,1,red,N,X,A,red,N,X
LL,4,2790,1,red,N,X,A,red,N,X
LL,4,2811,1,red,N,X,A,red,N,X
LL,4,2826,1,red,N,X,A,red,N,X
LL,4,2843,1,red,N,X,A,red,N,X
LL,4,2866,1,red,N,X,A,red,N,X
LL,4,3277,1,red,N,X,A,red,N,X
LL,4,3305,1,red,N,X,A,red,N,X
LL,4,3615,1,red,N,X,A,red,N,X
LL,4,3650,1,red,N,X,A,red,N,X
LL,4,4021,1,red,N,X,A,red,N,X
LL,4,4044,1,red,N,X,A,red,N,X
LL,4,4092,1,red,N,X,A,red,N,X
LL,4,4131,1,red,N,X,A,red,N,X
LL,4,4367,1,red,N,X,A,red,N,X
LL,4,4374,1,red,N,X,A,red,N,X
LL,4,4385,1,red,N,X,A,red,N,X
LL,4,4424,1,red,N,X,A,red,N,X
LL,4,4526,1,red,N,X,A,red,N,X
LL,4,4546,1,red,N,X,A,red,N,X
LL,4,4570,1,red,N,X,A,red,N,X
LL,4,4582,1,red,N,X,A,red,N,X
LL,4,4596,1,red,N,X,A,red,N,X
LL,4,4788,1,red,N,X,A,red,N,X
LL,4,4800,1,red,N,X,A,red,N,X
LL,4,4814,1,red,N,X,A,red,N,X
LL,4,4845,1,red,N,X,A,red,N,X
LL,4,4881,1,red,N,X,A,red,N,X
LL,4,4894,1,red,N,X,A,red,N,X
LL,4,4908,1,red,N,X,A,red,N,X
LL,4,4928,1,red,N,X,A,red,N,X
LL,4,4943,1,red,N,X,A,red,N,X
LL,4,5102,1,red,N,X,A,red,N,X
LL,4,5113,1,red,N,X,A,red,N,X
LL,4,5126,1,red,N,X,A,red,N,X
LL,4,5138,1,red,N,X,A,red,N,X
LL,4,5150,1,red,N,X,A,red,N,X
LL,4,5163,1,red,N,X,A,red,N,X
LL,4,5175,1,red,N,X,A,red,N,X
LL,4,5189,1,red,N,X,A,red,N,X
LL,4,5201,1,red,N,X,A,red,N,X
LL,4,5218,1,red,N,X,A,red,N,X
LL,4,5226,54,red,N,X,H,red,N,X
LL,4,5336,1,red,N,X,A,red,N,X
LL,4,5353,1,red,N,X,A,red,N,X
LL,4,5364,1,red,N,X,A,red,N,X
LL,4,5380,1,red,N,X,A,red,N,X
LL,4,5405,1,red,N,X,A,red,N,X
LL,4,5418,1,red,N,X,A,red,N,X
LL,4,5433,1,red,N,X,A,red,N,X
LL,4,5445,1,red,N,X,A,red,N,X
LL,4,5579,1,red,N,X,A,red,N,X
LL,4,5591,1,red,N,X,A,red,N,X
LL,4,5602,1,red,N,X,A,red,N,X
LL,4,5609,1,red,N,X,A,red,N,X
LL,4,5623,1,red,N,X,A,red,N,X
LL,4,5631,1,red,N,X,A,red,N,X
LL,4,5637,1,red,N,X,A,red,N,X
LL,4,5648,1,red,N,X,A,red,N,X
LL,4,5660,1,red,N,X,A,red,N,X
LL,4,5674,1,red,N,X,A,red,N,X
LL,4,5689,1,red,N,X,A,red,N,X
LL,4,5702,1,red,N,X,A,red,N,X
LL,4,5708,1,red,N,X,A,red,N,X
LL,4,5720,1,red,N,X,A,red,N,X
LL,4,6361,1,red,N,X,A,red,N,X
LL,4,6377,1,red,N,X,A,red,N,X
LL,4,6691,1,red,N,X,A,red,N,X
LL,4,6703,1,red,N,X,A,red,N,X
LL,4,6728,1,red,N,X,A,red,N,X
LL,4,6756,1,red,N,X,A,red,N,X
LL,4,6787,1,red,N,X,A,red,N,X
LL,4,6803,1,red,N,X,A,red,N,X
LL,4,6824,1,red,N,X,A,red,N,X
LL,4,6844,1,red,N,X,A,red,N,X
LL,4,6893,1,red,N,X,A,red,N,X
LL,4,6907,1,red,N,X,A,red,N,X
LL,4,6966,1,red,N,X,A,red,N,X
LL,4,6982,1,red,N,X,A,red,N,X
LL,4,6993,1,red,N,X,A,red,N,X
LL,4,7019,1,red,N,X,A,red,N,X
LL,4,7035,1,red,N,X,A,red,N,X
LL,4,7271,1,red,N,X,A,red,N,X
LL,4,7284,1,red,N,X,A,red,N,X
LL,4,7296,1,red,N,X,A,red,N,X
LL,4,7308,1,red,N,X,A,red,N,X
LL,4,7318,1,red,N,X,A,red,N,X
LL,4,7331,1,red,N,X,A,red,N,X
LL,4,7343,1,red,N,X,A,red,N,X
LL,4,7356,1,red,N,X,A,red,N,X
LL,4,7369,1,red,N,X,A,red,N,X
LL,4,7381,1,red,N,X,A,red,N,X
LL,4,7394,1,red,N,X,A,red,N,X
LL,4,7428,1,red,N,X,A,red,N,X
LL,4,7446,1,red,N,X,A,red,N,X
LL,4,7464,1,red,N,X,A,red,N,X
LL,4,7476,1,red,N,X,A,red,N,X
LL,4,7487,1,red,N,X,A,red,N,X
LL,4,7500,1,red,N,X,A,red,N,X
LL,4,7512,1,red,N,X,A,red,N,X
LL,4,7524,1,red,N,X,A,red,N,X
LL,4,7535,1,red,N,X,A,red,N,X
LL,4,7548,1,red,N,X,A,red,N,X
LL,4,7560,1,red,N,X,A,red,N,X
LL,4,7577,1,red,N,X,A,red,N,X
LL,4,7611,1,red,N,X,A,red,N,X
LL,4,7659,1,red,N,X,A,red,N,X
LL,4,7690,1,red,N,X,A,red,N,X
LL,4,7701,1,red,N,X,A,red,N,X
LL,4,7714,1,red,N,X,A,red,N,X
LL,4,7721,1,red,N,X,A,red,N,X
LL,4,7732,1,red,N,X,A,red,N,X
LL,4,7734,1,red,N,X,A,red,N,X
LL,4,7745,1,red,N,X,A,red,N,X
LL,4,7757,1,red,N,X,A,red,N,X
LL,4,7777,1,red,N,X,A,red,N,X
LL,4,7792,17,red,N,X,H,red,N,X
LL,4,8123,1,red,N,X,A,red,N,X
LL,4,8139,1,red,N,X,A,red,N,X
LL,4,8162,1,red,N,X,A,red,N,X
LL,4,8172,1,red,N,X,A,red,N,X
LL,4,8200,1,red,N,X,A,red,N,X
LL,4,8215,1,red,N,X,A,red,N,X
LL,4,8232,1,red,N,X,A,red,N,X
LL,4,8310,1,red,N,X,A,red,N,X
LL,4,8320,1,red,N,X,A,red,N,X
LL,4,8331,1,red,N,X,A,red,N,X
LL,4,8356,1,red,N,X,A,red,N,X
LL,4,8367,1,red,N,X,A,red,N,X
LL,4,8421,1,red,N,X,A,red,N,X
LL,4,8649,1,red,N,X,A,red,N,X
LL,4,8666,1,red,N,X,A,red,N,X
LL,4,8679,1,red,N,X,A,red,N,X
LL,4,8694,1,red,N,X,A,red,N,X
LL,4,8707,1,red,N,X,A,red,N,X
LL,4,8717,1,red,N,X,A,red,N,X
LL,4,8731,1,red,N,X,A,red,N,X
LL,4,8744,1,red,N,X,A,red,N,X
LL,4,8757,1,red,N,X,A,red,N,X
LL,4,8770,1,red,N,X,A,red,N,X
LL,4,8783,1,red,N,X,A,red,N,X
LL,4,8796,1,red,N,X,A,red,N,X
LL,4,8809,1,red,N,X,A,red,N,X
LL,4,8818,19,red,N,X,H,red,N,X
LL,4,8837,1,red,N,X,A,red,N,X
LL,4,8951,90,red,N,X,H,red,N,X
LL,4,9041,1,red,N,X,A,red,N,X
LL,4,9186,1,red,N,X,A,red,N,X
LL,4,9196,1,red,N,X,A,red,N,X
LL,4,9205,1,red,N,X,A,red,N,X
LL,4,9215,1,red,N,X,A,red,N,X
LL,4,9226,1,red,N,X,A,red,N,X
LL,4,9233,1,red,N,X,A,red,N,X
LL,4,9255,1,red,N,X,A,red,N,X
LL,4,9335,1,red,N,X,A,red,N,X
LL,4,9346,1,red,N,X,A,red,N,X
LL,4,9358,1,red,N,X,A,red,N,X
LL,4,9369,1,red,N,X,A,red,N,X
LL,4,9385,1,red,N,X,A,red,N,X
LL,4,9396,1,red,N,X,A,red,N,X
LL,4,9407,1,red,N,X,A,red,N,X
LL,4,9419,1,red,N,X,A,red,N,X
LL,4,9429,1,red,N,X,A,red,N,X
LL,4,9440,1,red,N,X,A,red,N,X
LL,4,9452,1,red,N,X,A,red,N,X
LL,4,9460,1,red,N,X,A,red,N,X
LL,4,9472,1,red,N,X,A,red,N,X
LL,4,9483,1,red,N,X,A,red,N,X
LL,4,9495,1,red,N,X,A,red,N,X
LL,4,9506,1,red,N,X,A,red,N,X
LL,4,9517,1,red,N,X,A,red,N,X
LL,4,9535,1,red,N,X,A,red,N,X
LL,4,9622,1,red,N,X,A,red,N,X
LL,4,9632,1,red,N,X,A,red,N,X
LL,4,9641,1,red,N,X,A,red,N,X
LL,4,9651,1,red,N,X,A,red,N,X
LL,4,9662,1,red,N,X,A,red,N,X
LL,4,9673,1,red,N,X,A,red,N,X
LL,4,9684,1,red,N,X,A,red,N,X
LL,4,9694,1,red,N,X,A,red,N,X
LL,4,9706,1,red,N,X,A,red,N,X
LL,4,9714,1,red,N,X,A,red,N,X
LL,4,9724,1,red,N,X,A,red,N,X
LL,4,9735,1,red,N,X,A,red,N,X
LL,4,9745,1,red,N,X,A,red,N,X
LL,4,9755,1,red,N,X,A,red,N,X
LL,4,9766,1,red,N,X,A,red,N,X
LL,4,9778,1,red,N,X,A,red,N,X
LL,4,9787,1,red,N,X,A,red,N,X
LL,4,9807,1,red,N,X,A,red,N,X
LL,4,10010,1,red,N,X,A,red,N,X
LL,4,10022,1,red,N,X,A,red,N,X
LL,4,10035,1,red,N,X,A,red,N,X
LL,4,10106,1,red,N,X,A,red,N,X
LL,4,10120,1,red,N,X,A,red,N,X
LL,4,10132,1,red,N,X,A,red,N,X
LL,4,10146,1,red,N,X,A,red,N,X
LL,4,10157,1,red,N,X,A,red,N,X
LL,4,10175,1,red,N,X,A,red,N,X
LL,4,10327,1,red,N,X,A,red,N,X
LL,4,10337,1,red,N,X,A,red,N,X
LL,4,10357,1,red,N,X,A,red,N,X
LL,4,10479,1,red,N,X,A,red,N,X
LL,4,10496,1,red,N,X,A,red,N,X
LL,4,10509,1,red,N,X,A,red,N,X
LL,4,10525,1,red,N,X,A,red,N,X
LL,4,10538,1,red,N,X,A,red,N,X
LL,4,10557,80,red,N,X,H,red,N,X
LL,4,10637,1,red,N,X,A,red,N,X
LL,4,10678,1,red,N,X,A,red,N,X
LL,4,10703,1,red,N,X,A,red,N,X
LL,4,10731,1,red,N,X,A,red,N,X
LL,4,10768,1,red,N,X,A,red,N,X
LL,4,10783,1,red,N,X,A,red,N,X
LL,4,10797,1,red,N,X,A,red,N,X
LL,4,10811,1,red,N,X,A,red,N,X
LL,4,10825,1,red,N,X,A,red,N,X
LL,4,11207,1,red,N,X,A,red,N,X
LL,4,11240,1,red,N,X,A,red,N,X
LL,4,11274,1,red,N,X,A,red,N,X
LL,4,11303,1,red,N,X,A,red,N,X
LL,4,11318,1,red,N,X,A,red,N,X
LL,4,11339,1,red,N,X,A,red,N,X
LL,4,11367,1,red,N,X,A,red,N,X
LL,4,11382,1,red,N,X,A,red,N,X
LL,4,11399,647,red,N,X,H,red,N,X
LL,4,12046,1,red,N,X,A,red,N,X
LL,4,12115,1,red,N,X,A,red,N,X
LL,4,12136,1,red,N,X,A,red,N,X
LL,4,12148,1,red,N,X,A,red,N,X
LL,4,12162,1,red,N,X,A,red,N,X
LL,4,12183,152,red,N,X,H,red,N,X
LL,4,12335,1,red,N,X,A,red,N,X
LL,4,12965,1,red,N,X,A,red,N,X
LL,4,12975,1,red,N,X,A,red,N,X
LL,4,12989,42,red,N,X,H,red,N,X
LL,4,13031,1,red,N,X,A,red,N,X
LL,4,13101,1,red,N,X,A,red,N,X
LL,4,13124,1,red,N,X,A,red,N,X
LL,4,13179,1,red,N,X,A,red,N,X
LL,4,13192,1,red,N,X,A,red,N,X
LL,4,13204,1,red,N,X,A,red,N,X
LL,4,13219,1,red,N,X,A,red,N,X
LL,4,13233,1,red,N,X,A,red,N,X
LL,4,13245,1,red,N,X,A,red,N,X
LL,4,13261,1,red,N,X,A,red,N,X
LL,4,13326,1,red,N,X,A,red,N,X
LL,4,13390,1,red,N,X,A,red,N,X
LL,4,13401,1,red,N,X,A,red,N,X
LL,4,13411,1,red,N,X,A,red,N,X
LL,4,13423,1,red,N,X,A,red,N,X
LL,4,13432,1,red,N,X,A,red,N,X
LL,4,13448,1,red,N,X,A,red,N,X
LL,4,13460,1,red,N,X,A,red,N,X
LL,4,13476,1,red,N,X,A,red,N,X
LL,4,13707,1,red,N,X,A,red,N,X
LL,4,13755,1,red,N,X,A,red,N,X
LL,4,13768,1,red,N,X,A,red,N,X
LL,4,13792,1,red,N,X,A,red,N,X
LL,4,13805,1,red,N,X,A,red,N,X
LL,4,13817,1,red,N,X,A,red,N,X
LL,4,13832,1,red,N,X,A,red,N,X
LL,4,13847,1,red,N,X,A,red,N,X
LL,4,13861,1,red,N,X,A,red,N,X
LL,4,13877,1,red,N,X,A,red,N,X
LL,4,13892,1,red,N,X,A,red,N,X
LL,4,13939,1,red,N,X,A,red,N,X
LL,4,13966,1,red,N,X,A,red,N,X
LL,4,13977,1,red,N,X,A,red,N,X
LL,4,13989,1,red,N,X,A,red,N,X
LL,4,14004,1,red,N,X,A,red,N,X
LL,4,14033,1,red,N,X,A,red,N,X
LL,4,14047,1,red,N,X,A,red,N,X
LL,4,14063,1,red,N,X,A,red,N,X
LL,4,14083,1,red,N,X,A,red,N,X
LL,4,14134,1,red,N,X,A,red,N,X
LL,4,14146,1,red,N,X,A,red,N,X
LL,4,14157,1,red,N,X,A,red,N,X
LL,4,14169,1,red,N,X,A,red,N,X
LL,4,14181,1,red,N,X,A,red,N,X
LL,4,14193,1,red,N,X,A,red,N,X
LL,4,14205,1,red,N,X,A,red,N,X
LL,4,14232,1,red,N,X,A,red,N,X
LL,4,14245,1,red,N,X,A,red,N,X
LL,4,14258,1,red,N,X,A,red,N,X
LL,4,14273,1,red,N,X,A,red,N,X
LL,4,14328,1,red,N,X,A,red,N,X
LL,4,14386,1,red,N,X,A,red,N,X
LL,4,14397,1,red,N,X,A,red,N,X
LL,4,14409,1,red,N,X,A,red,N,X
LL,4,14878,1,red,N,X,A,red,N,X
LL,4,14893,1,red,N,X,A,red,N,X
LL,4,14903,1,red,N,X,A,red,N,X
LL,4,14914,1,red,N,X,A,red,N,X
LL,4,14922,1,red,N,X,A,red,N,X
LL,4,14954,1,red,N,X,A,red,N,X
LL,4,14971,1,red,N,X,A,red,N,X
LL,4,14986,1,red,N,X,A,red,N,X
LL,4,15001,1,red,N,X,A,red,N,X
LL,4,15094,1,red,N,X,A,red,N,X
LL,4,15238,1,red,N,X,A,red,N,X
LL,4,15259,1,red,N,X,A,red,N,X
LL,4,15274,1,red,N,X,A,red,N,X
LL,4,15287,1,red,N,X,A,red,N,X
LL,4,15300,1,red,N,X,A,red,N,X
LL,4,15312,1,red,N,X,A,red,N,X
LL,4,15332,1,red,N,X,A,red,N,X
LL,4,15371,1,red,N,X,A,red,N,X
LL,4,15419,1,red,N,X,A,red,N,X
LL,4,15432,1,red,N,X,A,red,N,X
LL,4,15444,1,red,N,X,A,red,N,X
LL,4,15457,1,red,N,X,A,red,N,X
LL,4,15467,1,red,N,X,A,red,N,X
LL,4,15477,1,red,N,X,A,red,N,X
LL,4,15489,1,red,N,X,A,red,N,X
LL,4,15501,1,red,N,X,A,red,N,X
LL,4,15585,1,red,N,X,A,red,N,X
LL,4,15598,1,red,N,X,A,red,N,X
LL,4,15623,1,red,N,X,A,red,N,X
LL,4,15640,1,red,N,X,A,red,N,X
LL,4,15665,1,red,N,X,A,red,N,X
LL,4,15693,1,red,N,X,A,red,N,X
LL,4,15725,1,red,N,X,A,red,N,X
LL,4,15745,286,red,N,X,H,red,N,X
LL,4,16031,1,red,N,X,A,red,N,X
LL,4,16239,1,red,N,X,A,red,N,X
LL,4,16262,1,red,N,X,A,red,N,X
LL,4,16276,1,red,N,X,A,red,N,X
LL,4,16293,1,red,N,X,A,red,N,X
LL,4,16307,1,red,N,X,A,red,N,X
LL,4,16322,1,red,N,X,A,red,N,X
LL,4,16338,1,red,N,X,A,red,N,X
LL,4,16360,1,red,N,X,A,red,N,X
LL,4,16496,1,red,N,X,A,red,N,X
LL,4,16508,1,red,N,X,A,red,N,X
LL,4,16518,1,red,N,X,A,red,N,X
LL,4,16530,1,red,N,X,A,red,N,X
LL,4,16579,1,red,N,X,A,red,N,X
LL,4,16591,1,red,N,X,A,red,N,X
LL,4,16603,1,red,N,X,A,red,N,X
LL,4,16616,1,red,N,X,A,red,N,X
LL,4,16629,1,red,N,X,A,red,N,X
LL,4,16642,1,red,N,X,A,red,N,X
LL,4,16655,1,red,N,X,A,red,N,X
LL,4,16666,1,red,N,X,A,red,N,X
LL,4,16680,1,red,N,X,A,red,N,X
LL,4,16825,1,red,N,X,A,red,N,X
LL,4,16855,1,red,N,X,A,red,N,X
LL,4,16872,1,red,N,X,A,red,N,X
LL,4,16886,67,red,N,X,H,red,N,X
LL,4,16953,1,red,N,X,A,red,N,X
LL,4,18003,69,red,N,X,H,red,N,X
LL,4,18072,1,red,N,X,A,red,N,X
LL,4,18121,1,red,N,X,A,red,N,X
LL,4,18179,1,red,N,X,A,red,N,X
LL,4,18193,1,red,N,X,A,red,N,X
LL,4,18210,1,red,N,X,A,red,N,X
LL,4,18228,1,red,N,X,A,red,N,X
LL,4,18241,1,red,N,X,A,red,N,X
LL,4,18255,1,red,N,X,A,red,N,X
LL,4,18267,1,red,N,X,A,red,N,X
LL,4,18282,1,red,N,X,A,red,N,X
LL,4,18312,1,red,N,X,A,red,N,X
LL,4,18567,59,red,N,X,H,red,N,X
LL,4,18626,1,red,N,X,A,red,N,X
LL,4,18809,99,red,N,X,H,red,N,X
LL,4,18908,1,red,N,X,A,red,N,X
LL,4,18919,1,red,N,X,A,red,N,X
LL,4,18967,1,red,N,X,A,red,N,X
LL,4,19070,1,red,N,X,A,red,N,X
LL,4,19081,1,red,N,X,A,red,N,X
LL,4,19115,1,red,N,X,A,red,N,X
LL,4,19335,1,red,N,X,A,red,N,X
LL,4,19345,1,red,N,X,A,red,N,X
LL,4,19355,1,red,N,X,A,red,N,X
LL,4,19365,1,red,N,X,A,red,N,X
LL,4,19385,1,red,N,X,A,red,N,X
LL,4,19624,1,red,N,X,A,red,N,X
LL,4,19634,1,red,N,X,A,red,N,X
LL,4,19645,1,red,N,X,A,red,N,X
LL,4,19661,1,red,N,X,A,red,N,X
LL,4,19673,1,red,N,X,A,red,N,X
LL,4,19687,1,red,N,X,A,red,N,X
LL,4,19697,1,red,N,X,A,red,N,X
LL,4,19711,1,red,N,X,A,red,N,X
LL,4,19723,1,red,N,X,A,red,N,X
LL,4,19731,519,red,N,X,H,red,N,X
LL,4,20250,1,red,N,X,A,red,N,X
LL,4,20280,1,red,N,X,A,red,N,X
LL,4,20295,1,red,N,X,A,red,N,X
LL,4,20312,1,red,N,X,A,red,N,X
LL,4,20331,1,red,N,X,A,red,N,X
LL,4,20346,1,red,N,X,A,red,N,X
LL,4,20360,4,red,N,X,H,red,N,X
LL,4,20364,1,red,N,X,A,red,N,X
LL,4,20616,1,red,N,X,A,red,N,X
LL,4,20646,1,red,N,X,A,red,N,X
LL,4,20660,1,red,N,X,A,red,N,X
LL,4,20671,1,red,N,X,A,red,N,X
LL,4,20688,49,red,N,X,H,red,N,X
LL,4,20737,1,red,N,X,A,red,N,X
LL,4,21151,1,red,N,X,A,red,N,X
LL,4,21190,1,red,N,X,A,red,N,X
LL,4,21212,1,red,N,X,A,red,N,X
LL,4,21226,1,red,N,X,A,red,N,X
LL,4,21233,743,red,N,X,H,red,N,X
LL,4,21976,1,red,N,X,A,red,N,X
LL,4,22036,223,red,N,X,H,red,N,X
LL,4,22259,1,red,N,X,A,red,N,X
LL,4,22280,37,red,N,X,H,red,N,X
LL,4,22317,1,red,N,X,A,red,N,X
LL,4,22565,1,red,N,X,A,red,N,X
LL,4,22668,1,red,N,X,A,red,N,X
LL,4,22680,1,red,N,X,A,red,N,X
LL,4,22689,1,red,N,X,A,red,N,X
LL,4,22701,1,red,N,X,A,red,N,X
LL,4,22713,1,red,N,X,A,red,N,X
LL,4,22790,1,red,N,X,A,red,N,X
LL,4,22801,1,red,N,X,A,red,N,X
LL,4,23073,1,red,N,X,A,red,N,X
LL,4,23083,1,red,N,X,A,red,N,X
LL,4,23094,1,red,N,X,A,red,N,X
LL,4,23109,576,red,N,X,H,red,N,X
LL,4,23685,1,red,N,X,A,red,N,X
LL,4,23871,15,red,N,X,H,red,N,X
LL,4,24161,1,red,N,X,A,red,N,X
LL,4,24174,1,red,N,X,A,red,N,X
LL,4,24204,1423,red,N,X,H,red,N,X
LL,4,25627,1,red,N,X,A,red,N,X
LL,4,25736,1,red,N,X,A,red,N,X
LL,4,25746,82,red,N,X,H,red,N,X
LL,4,25828,1,red,N,X,A,red,N,X
LL,4,25976,7,red,N,X,H,red,N,X
LL,4,25999,17,red,N,X,H,red,N,X
LL,4,26059,66,red,N,X,H,red,N,X
LL,4,26317,179,red,N,X,H,red,N,X
LL,4,26496,1,red,N,X,A,red,N,X
LL,4,26707,76,red,N,X,H,red,N,X
LL,4,26783,1,red,N,X,A,red,N,X
LL,4,26810,1,red,N,X,A,red,N,X
LL,4,26820,1,red,N,X,A,red,N,X
LL,4,26827,1,red,N,X,A,red,N,X
LL,4,26840,1,red,N,X,A,red,N,X
LL,4,26897,74,red,N,X,H,red,N,X
LL,4,26971,1,red,N,X,A,red,N,X
LL,4,27570,110,red,N,X,H,red,N,X
LL,4,27680,1,red,N,X,A,red,N,X
LL,4,27740,1,red,N,X,A,red,N,X
LL,4,27817,1,red,N,X,A,red,N,X
LL,4,27824,22,red,N,X,H,red,N,X
LL,4,27846,1,red,N,X,A,red,N,X
LL,4,28389,33,red,N,X,H,red,N,X
LL,4,28422,1,red,N,X,A,red,N,X
LL,4,28469,1,red,N,X,A,red,N,X
LL,4,28470,169,red,N,X,H,red,N,X
LL,4,28639,1,red,N,X,A,red,N,X
LL,4,28692,1,red,N,X,A,red,N,X
LL,4,28709,233,red,N,X,H,red,N,X
LL,4,29177,1,red,N,X,A,red,N,X
LL,4,29208,1,red,N,X,A,red,N,X
LL,4,29219,1,red,N,X,A,red,N,X
LL,4,29220,205,red,N,X,H,red,N,X
LL,4,29425,1,red,N,X,A,red,N,X
LL,4,29520,1,red,N,X,A,red,N,X
LL,4,29531,1,red,N,X,A,red,N,X
LL,4,29544,1,red,N,X,A,red,N,X
LL,4,29545,246,red,N,X,H,red,N,X
LL,4,29791,1,red,N,X,A,red,N,X
LL,4,29875,30,red,N,X,H,red,N,X
LL,4,29905,1,red,N,X,A,red,N,X
LL,4,30522,15,red,N,X,H,red,N,X
LL,4,30569,1,red,N,X,A,red,N,X
LL,4,30575,14,red,N,X,H,red,N,X
LL,4,30600,14,red,N,X,H,red,N,X
LL,4,30614,1,red,N,X,A,red,N,X
LL,4,30621,542,red,N,X,H,red,N,X
LL,4,31163,1,red,N,X,A,red,N,X
LL,4,31359,1,red,N,X,A,red,N,X
LL,4,31370,1,red,N,X,A,red,N,X
LL,4,31380,1,red,N,X,A,red,N,X
LL,4,31395,1,red,N,X,A,red,N,X
LL,4,31405,1,red,N,X,A,red,N,X
LL,4,31413,65,red,N,X,H,red,N,X
LL,4,31478,1,red,N,X,A,red,N,X
LL,4,31493,41,red,N,X,H,red,N,X
LL,4,31534,1,red,N,X,A,red,N,X
LL,4,31804,1,red,N,X,A,red,N,X
LL,4,31819,1,red,N,X,A,red,N,X
LL,4,31835,38,red,N,X,H,red,N,X
LL,4,31918,1,red,N,X,A,red,N,X
LL,4,31926,17,red,N,X,H,red,N,X
LL,4,31943,1,red,N,X,A,red,N,X
LL,4,32176,68,red,N,X,H,red,N,X
LL,4,32244,1,red,N,X,A,red,N,X
LL,4,32251,34,red,N,X,H,red,N,X
LL,4,32285,1,red,N,X,A,red,N,X
LL,4,32775,692,red,N,X,H,red,N,X
LL,4,33467,1,red,N,X,A,red,N,X
LL,4,33503,25,red,N,X,H,red,N,X
LL,4,33571,1,red,N,X,A,red,N,X
LL,4,33640,225,red,N,X,H,red,N,X
LL,4,33865,1,red,N,X,A,red,N,X
LL,4,34074,279,red,N,X,H,red,N,X
LL,4,34392,113,red,N,X,H,red,N,X
LL,4,34505,1,red,N,X,A,red,N,X
LL,4,34586,1,red,N,X,A,red,N,X
LL,4,34602,1,red,N,X,A,red,N,X
LL,4,34639,1,red,N,X,A,red,N,X
LL,4,34652,47,red,N,X,H,red,N,X
LL,4,34699,1,red,N,X,A,red,N,X
LL,4,35375,1357,red,N,X,H,red,N,X
LL,4,36732,1,red,N,X,A,red,N,X
LL,4,36830,1,red,N,X,A,red,N,X
LL,4,36857,1,red,N,X,A,red,N,X
LL,4,36883,1,red,N,X,A,red,N,X
LL,4,36901,1,red,N,X,A,red,N,X
LL,4,36914,1,red,N,X,A,red,N,X
LL,4,36931,1,red,N,X,A,red,N,X
LL,4,36949,1,red,N,X,A,red,N,X
LL,4,36965,1,red,N,X,A,red,N,X
LL,4,36978,1,red,N,X,A,red,N,X
LL,4,36993,1,red,N,X,A,red,N,X
LL,4,37009,1,red,N,X,A,red,N,X
LL,4,37024,1,red,N,X,A,red,N,X
LL,4,37043,1,red,N,X,A,red,N,X
LL,4,37059,1,red,N,X,A,red,N,X
LL,4,37073,1,red,N,X,A,red,N,X
LL,4,37091,1,red,N,X,A,red,N,X
LL,4,37106,1,red,N,X,A,red,N,X
LL,4,37121,1,red,N,X,A,red,N,X
LL,4,37139,1,red,N,X,A,red,N,X
LL,4,37159,1,red,N,X,A,red,N,X
LL,4,37174,1,red,N,X,A,red,N,X
LL,4,37603,1,red,N,X,A,red,N,X
LL,4,37612,1,red,N,X,A,red,N,X
LL,4,37623,1,red,N,X,A,red,N,X
LL,4,37649,149,red,N,X,H,red,N,X
LL,4,38157,1,red,N,X,A,red,N,X
LL,4,38338,1,red,N,X,A,red,N,X
LL,4,38529,1,red,N,X,A,red,N,X
LL,4,38541,1,red,N,X,A,red,N,X
LL,4,38551,1,red,N,X,A,red,N,X
LL,4,38560,144,red,N,X,H,red,N,X
LL,4,38704,1,red,N,X,A,red,N,X
LL,4,38749,1,red,N,X,A,red,N,X
LL,4,38760,1,red,N,X,A,red,N,X
LL,4,38797,1,red,N,X,A,red,N,X
LL,4,38808,1,red,N,X,A,red,N,X
LL,4,38819,1,red,N,X,A,red,N,X
LL,4,38829,166,red,N,X,H,red,N,X
LL,4,38995,1,red,N,X,A,red,N,X
LL,4,39308,1,red,N,X,A,red,N,X
LL,4,39343,1,red,N,X,A,red,N,X
LL,4,39415,1,red,N,X,A,red,N,X
LL,4,39519,1,red,N,X,A,red,N,X
LL,4,39529,1,red,N,X,A,red,N,X
LL,4,39539,1,red,N,X,A,red,N,X
LL,4,39551,1,red,N,X,A,red,N,X
LL,4,39561,1,red,N,X,A,red,N,X
LL,4,39573,1,red,N,X,A,red,N,X
LL,4,39584,1,red,N,X,A,red,N,X
LL,4,39646,1,red,N,X,A,red,N,X
LL,4,39657,1,red,N,X,A,red,N,X
LL,4,39667,1,red,N,X,A,red,N,X
LL,4,39679,1,red,N,X,A,red,N,X
LL,4,39706,1,red,N,X,A,red,N,X
LL,4,39724,1,red,N,X,A,red,N,X
LL,4,39735,1,red,N,X,A,red,N,X
LL,4,39749,1,red,N,X,A,red,N,X
LL,4,39767,1,red,N,X,A,red,N,X
LL,4,39810,1,red,N,X,A,red,N,X
LL,4,39821,1,red,N,X,A,red,N,X
LL,4,39829,76,red,N,X,H,red,N,X
LL,4,39905,1,red,N,X,A,red,N,X
LL,4,40656,1,red,N,X,A,red,N,X
LL,4,40724,1,red,N,X,A,red,N,X
LL,4,40738,1,red,N,X,A,red,N,X
LL,4,40760,1,red,N,X,A,red,N,X
LL,4,40785,1,red,N,X,A,red,N,X
LL,4,40856,1,red,N,X,A,red,N,X
LL,4,40903,1,red,N,X,A,red,N,X
LL,4,40923,1,red,N,X,A,red,N,X
LL,4,40935,1,red,N,X,A,red,N,X
LL,4,41203,1,red,N,X,A,red,N,X
LL,4,41217,1,red,N,X,A,red,N,X
LL,4,41232,1,red,N,X,A,red,N,X
LL,4,41255,1,red,N,X,A,red,N,X
LL,4,41268,1,red,N,X,A,red,N,X
LL,4,41320,1,red,N,X,A,red,N,X
LL,4,41334,1,red,N,X,A,red,N,X
LL,4,41402,1,red,N,X,A,red,N,X
LL,4,41448,1,red,N,X,A,red,N,X
LL,4,41457,1,red,N,X,A,red,N,X
LL,4,41554,1,red,N,X,A,red,N,X
LL,4,41581,1,red,N,X,A,red,N,X
LL,4,41600,1,red,N,X,A,red,N,X
LL,4,41614,1,red,N,X,A,red,N,X
LL,4,41633,1,red,N,X,A,red,N,X
LL,4,41653,1,red,N,X,A,red,N,X
LL,4,42053,1,red,N,X,A,red,N,X
LL,4,42062,1,red,N,X,A,red,N,X
LL,4,42069,1,red,N,X,A,red,N,X
LL,4,42077,1,red,N,X,A,red,N,X
LL,4,42088,405,red,N,X,H,red,N,X
LL,4,42493,1,red,N,X,A,red,N,X
LL,4,42733,27,red,N,X,H,red,N,X
LL,4,42760,1,red,N,X,A,red,N,X
LL,4,42787,400,red,N,X,H,red,N,X
LL,4,43187,1,red,N,X,A,red,N,X
LL,4,43226,1,red,N,X,A,red,N,X
LL,4,43239,1,red,N,X,A,red,N,X
LL,4,43874,1,red,N,X,A,red,N,X
LL,4,43883,1,red,N,X,A,red,N,X
LL,4,43893,1,red,N,X,A,red,N,X
LL,4,43904,1,red,N,X,A,red,N,X
LL,4,43930,1,red,N,X,A,red,N,X
LL,4,43944,1,red,N,X,A,red,N,X
LL,4,43958,1,red,N,X,A,red,N,X
LL,4,43973,1,red,N,X,A,red,N,X
LL,4,43985,1,red,N,X,A,red,N,X
LL,4,43997,1,red,N,X,A,red,N,X
LL,4,44021,1,red,N,X,A,red,N,X
LL,4,44033,1,red,N,X,A,red,N,X
LL,4,44042,1,red,N,X,A,red,N,X
LL,4,44055,1,red,N,X,A,red,N,X
LL,4,44067,1,red,N,X,A,red,N,X
LL,4,44082,1,red,N,X,A,red,N,X
LL,4,44093,1,red,N,X,A,red,N,X
LL,4,44108,1,red,N,X,A,red,N,X
LL,4,44123,1,red,N,X,A,red,N,X
LL,4,44133,1,red,N,X,A,red,N,X
LL,4,44147,1,red,N,X,A,red,N,X
LL,4,44161,1,red,N,X,A,red,N,X
LL,4,44176,1,red,N,X,A,red,N,X
LL,4,44191,1,red,N,X,A,red,N,X
LL,4,44205,1,red,N,X,A,red,N,X
LL,4,44219,1,red,N,X,A,red,N,X
LL,4,44251,1,red,N,X,A,red,N,X
LL,4,44263,1,red,N,X,A,red,N,X
LL,4,44290,1,red,N,X,A,red,N,X
LL,4,44302,1,red,N,X,A,red,N,X
LL,4,44317,1,red,N,X,A,red,N,X
LL,4,44331,1,red,N,X,A,red,N,X
LL,4,44484,1,red,N,X,A,red,N,X
LL,4,44495,1,red,N,X,A,red,N,X
LL,4,44506,1,red,N,X,A,red,N,X
LL,4,44516,1,red,N,X,A,red,N,X
LL,4,44528,1,red,N,X,A,red,N,X
LL,4,44541,1,red,N,X,A,red,N,X
LL,4,44553,1,red,N,X,A,red,N,X
LL,4,44565,1,red,N,X,A,red,N,X
LL,4,44577,1,red,N,X,A,red,N,X
LL,4,44589,1,red,N,X,A,red,N,X
LL,4,44599,1,red,N,X,A,red,N,X
LL,4,44666,1,red,N,X,A,red,N,X
LL,4,44677,1,red,N,X,A,red,N,X
LL,4,44689,1,red,N,X,A,red,N,X
LL,4,44770,1,red,N,X,A,red,N,X
LL,4,44791,1,red,N,X,A,red,N,X
LL,4,44817,1,red,N,X,A,red,N,X
LL,4,44830,1,red,N,X,A,red,N,X
LL,4,44844,1,red,N,X,A,red,N,X
LL,4,44855,1,red,N,X,A,red,N,X
LL,4,44867,1,red,N,X,A,red,N,X
LL,4,44880,1,red,N,X,A,red,N,X
LL,4,44893,1,red,N,X,A,red,N,X
LL,4,44907,1,red,N,X,A,red,N,X
LL,4,44918,160,red,N,X,H,red,N,X
LL,4,45850,1,red,N,X,A,red,N,X
LL,4,45918,1,red,N,X,A,red,N,X
LL,4,45933,1,red,N,X,A,red,N,X
LL,4,46128,1,red,N,X,A,red,N,X
LL,4,46143,1,red,N,X,A,red,N,X
LL,4,46155,1,red,N,X,A,red,N,X
LL,4,46167,1,red,N,X,A,red,N,X
LL,4,46177,1,red,N,X,A,red,N,X
LL,4,46188,1,red,N,X,A,red,N,X
LL,4,46200,1,red,N,X,A,red,N,X
LL,4,46212,1,red,N,X,A,red,N,X
LL,4,46223,1,red,N,X,A,red,N,X
LL,4,46236,1,red,N,X,A,red,N,X
LL,4,46249,1,red,N,X,A,red,N,X
LL,4,46265,1,red,N,X,A,red,N,X
LL,4,46278,1,red,N,X,A,red,N,X
LL,4,46292,1,red,N,X,A,red,N,X
LL,4,46320,1,red,N,X,A,red,N,X
LL,4,46336,1,red,N,X,A,red,N,X
LL,4,46353,1,red,N,X,A,red,N,X
LL,4,46368,1,red,N,X,A,red,N,X
LL,4,46380,1,red,N,X,A,red,N,X
LL,4,46415,1,red,N,X,A,red,N,X
LL,4,46430,1,red,N,X,H,red,N,X
LL,4,46431,1,red,N,X,A,red,N,X
LL,4,46458,1,red,N,X,A,red,N,X
LL,4,46469,1,red,N,X,A,red,N,X
LL,4,46480,1,red,N,X,A,red,N,X
LL,4,46492,1,red,N,X,A,red,N,X
LL,4,46504,1,red,N,X,A,red,N,X
LL,4,46532,1,red,N,X,A,red,N,X
LL,4,46541,1,red,N,X,A,red,N,X
LL,4,46569,1,red,N,X,A,red,N,X
LL,4,46579,1,red,N,X,A,red,N,X
LL,4,46651,83,red,N,X,H,red,N,X
LL,4,46734,1,red,N,X,A,red,N,X
LL,4,47495,1,red,N,X,A,red,N,X
LL,4,47507,1,red,N,X,A,red,N,X
LL,4,47519,1,red,N,X,A,red,N,X
LL,4,47544,1,red,N,X,A,red,N,X
LL,4,47566,1,red,N,X,A,red,N,X
LL,4,47592,1,red,N,X,A,red,N,X
LL,4,47605,1,red,N,X,A,red,N,X
LL,4,47622,1,red,N,X,A,red,N,X
LL,4,47637,1,red,N,X,A,red,N,X
LL,4,47651,1,red,N,X,A,red,N,X
LL,4,47666,1,red,N,X,A,red,N,X
LL,4,47680,1,red,N,X,A,red,N,X
LL,4,47695,1,red,N,X,A,red,N,X
LL,4,47707,1,red,N,X,A,red,N,X
LL,4,47720,1,red,N,X,A,red,N,X
LL,4,47733,1,red,N,X,A,red,N,X
LL,4,47746,1,red,N,X,A,red,N,X
LL,4,47759,1,red,N,X,A,red,N,X
LL,4,47772,1,red,N,X,A,red,N,X
LL,4,47786,1,red,N,X,A,red,N,X
LL,4,47796,795,red,N,X,H,red,N,X
LL,4,48591,1,red,N,X,A,red,N,X
LL,4,48700,102,red,N,X,H,red,N,X
LL,4,48802,1,red,N,X,A,red,N,X
LL,4,48866,1,red,N,X,A,red,N,X
LL,4,48877,143,red,N,X,H,red,N,X
LL,4,49020,1,red,N,X,A,red,N,X
LL,4,49599,1,red,N,X,A,red,N,X
LL,4,49612,1,red,N,X,A,red,N,X
LL,4,49625,1,red,N,X,A,red,N,X
LL,4,49648,1,red,N,X,A,red,N,X
LL,4,49659,1,red,N,X,A,red,N,X
LL,4,49673,1,red,N,X,A,red,N,X
LL,4,49685,1,red,N,X,A,red,N,X
LL,4,49697,1,red,N,X,A,red,N,X
LL,4,49710,1,red,N,X,A,red,N,X
LL,4,49725,1,red,N,X,A,red,N,X
LL,4,49737,1,red,N,X,A,red,N,X
LL,4,49750,1,red,N,X,A,red,N,X
LL,4,49761,1,red,N,X,A,red,N,X
LL,4,49772,1,red,N,X,A,red,N,X
LL,4,49783,1,red,N,X,A,red,N,X
LL,4,49808,1,red,N,X,A,red,N,X
LL,4,49829,1,red,N,X,A,red,N,X
LL,4,49849,1,red,N,X,A,red,N,X
LL,4,49877,1,red,N,X,A,red,N,X
LL,4,49902,1,red,N,X,A,red,N,X
LL,4,49916,1,red,N,X,A,red,N,X
LL,4,49927,1,red,N,X,A,red,N,X
LL,4,49944,1,red,N,X,A,red,N,X
LL,4,49956,1,red,N,X,A,red,N,X
LL,4,49971,1,red,N,X,A,red,N,X
LL,4,49985,1,red,N,X,A,red,N,X
LL,4,50000,1,red,N,X,A,red,N,X
LL,4,50013,1,red,N,X,A,red,N,X
LL,4,50028,1,red,N,X,A,red,N,X
LL,4,50040,1,red,N,X,A,red,N,X
LL,4,50057,1,red,N,X,A,red,N,X
LL,4,50068,1,red,N,X,A,red,N,X
LL,4,50083,1,red,N,X,A,red,N,X
LL,4,50097,1,red,N,X,A,red,N,X
LL,4,50111,1,red,N,X,A,red,N,X
LL,4,50128,1,red,N,X,A,red,N,X
LL,4,50140,1,red,N,X,A,red,N,X
LL,4,50153,1,red,N,X,A,red,N,X
LL,4,50166,1,red,N,X,A,red,N,X
LL,4,50180,1,red,N,X,A,red,N,X
LL,4,50193,1,red,N,X,A,red,N,X
LL,4,50208,1,red,N,X,A,red,N,X
LL,4,50224,1,red,N,X,A,red,N,X
LL,4,50243,1,red,N,X,A,red,N,X
LL,4,50264,1,red,N,X,A,red,N,X
LL,4,50278,1,red,N,X,A,red,N,X
LL,4,50322,1,red,N,X,A,red,N,X
LL,4,50369,1,red,N,X,A,red,N,X
LL,4,50400,1,red,N,X,A,red,N,X
LL,4,50411,1,red,N,X,A,red,N,X
LL,4,50430,1,red,N,X,A,red,N,X
LL,4,50557,1,red,N,X,A,red,N,X
LL,4,50569,1,red,N,X,A,red,N,X
LL,4,50580,1,red,N,X,A,red,N,X
LL,4,50603,1,red,N,X,A,red,N,X
LL,4,50616,1,red,N,X,A,red,N,X
LL,4,50627,1,red,N,X,A,red,N,X
LL,4,50663,1,red,N,X,A,red,N,X
LL,4,50684,1,red,N,X,A,red,N,X
LL,4,50699,1,red,N,X,A,red,N,X
LL,4,50709,1,red,N,X,A,red,N,X
LL,4,50726,1,red,N,X,A,red,N,X
LL,4,50737,1,red,N,X,A,red,N,X
LL,4,50760,1,red,N,X,A,red,N,X
LL,4,50779,1,red,N,X,A,red,N,X
LL,4,50836,1,red,N,X,A,red,N,X
LL,4,50856,1,red,N,X,A,red,N,X
LL,4,50874,1,red,N,X,A,red,N,X
LL,4,50932,1,red,N,X,A,red,N,X
LL,4,50943,1,red,N,X,A,red,N,X
LL,4,50955,1,red,N,X,A,red,N,X
LL,4,51036,1,red,N,X,A,red,N,X
LL,4,51051,1,red,N,X,A,red,N,X
LL,4,51062,1,red,N,X,A,red,N,X
LL,4,51090,76,red,N,X,H,red,N,X
LL,4,51166,1,red,N,X,A,red,N,X
LL,4,51424,1,red,N,X,A,red,N,X
LL,4,51446,1,red,N,X,A,red,N,X
LL,4,51457,1,red,N,X,A,red,N,X
LL,4,51468,1,red,N,X,A,red,N,X
LL,4,51479,1,red,N,X,A,red,N,X
LL,4,51489,1,red,N,X,A,red,N,X
LL,4,51499,1,red,N,X,A,red,N,X
LL,4,51510,1,red,N,X,A,red,N,X
LL,4,51523,1,red,N,X,A,red,N,X
LL,4,51535,1,red,N,X,A,red,N,X
LL,4,51819,1,red,N,X,A,red,N,X
LL,4,51834,1,red,N,X,A,red,N,X
LL,4,51848,1,red,N,X,A,red,N,X
LL,4,51861,1,red,N,X,A,red,N,X
LL,4,51874,1,red,N,X,A,red,N,X
LL,4,52074,1,red,N,X,A,red,N,X
LL,4,52137,1,red,N,X,A,red,N,X
LL,4,52148,1,red,N,X,A,red,N,X
LL,4,52158,1,red,N,X,A,red,N,X
LL,4,52169,1,red,N,X,A,red,N,X
LL,4,52179,1,red,N,X,A,red,N,X
LL,4,52189,1,red,N,X,A,red,N,X
LL,4,52201,1,red,N,X,A,red,N,X
LL,4,52217,1,red,N,X,A,red,N,X
LL,4,52234,1,red,N,X,A,red,N,X
LL,4,52256,1,red,N,X,A,red,N,X
LL,4,52268,1,red,N,X,A,red,N,X
LL,4,52282,1,red,N,X,A,red,N,X
LL,4,52294,1,red,N,X,A,red,N,X
LL,4,52307,1,red,N,X,A,red,N,X
LL,4,52320,1,red,N,X,A,red,N,X
LL,4,52336,1,red,N,X,A,red,N,X
LL,4,52350,1,red,N,X,A,red,N,X
LL,4,52424,1,red,N,X,A,red,N,X
LL,4,52436,1,red,N,X,A,red,N,X
LL,4,52448,1,red,N,X,A,red,N,X
LL,4,52461,1,red,N,X,A,red,N,X
LL,4,52479,1,red,N,X,A,red,N,X
LL,4,52494,1,red,N,X,A,red,N,X
LL,4,52508,1,red,N,X,A,red,N,X
LL,4,53103,1,red,N,X,A,red,N,X
LL,4,53116,1,red,N,X,A,red,N,X
LL,4,53129,1,red,N,X,A,red,N,X
LL,4,53140,1,red,N,X,A,red,N,X
LL,4,53151,1,red,N,X,A,red,N,X
LL,4,53197,175,red,N,X,H,red,N,X
LL,4,53372,1,red,N,X,A,red,N,X
LL,4,53455,1,red,N,X,A,red,N,X
LL,4,53477,207,red,N,X,H,red,N,X
LL,4,53684,1,red,N,X,A,red,N,X
LL,4,53733,1,red,N,X,A,red,N,X
LL,4,53743,1,red,N,X,A,red,N,X
LL,4,53861,195,red,N,X,H,red,N,X
LL,4,54056,1,red,N,X,A,red,N,X
LL,4,54073,1,red,N,X,A,red,N,X
LL,4,54098,1,red,N,X,A,red,N,X
LL,4,54150,1,red,N,X,A,red,N,X
LL,4,54234,1,red,N,X,A,red,N,X
LL,4,54297,1,red,N,X,A,red,N,X
LL,4,54432,1,red,N,X,A,red,N,X
LL,4,54463,1,red,N,X,A,red,N,X
LL,4,54476,1,red,N,X,A,red,N,X
LL,4,54490,1,red,N,X,A,red,N,X
LL,4,54504,1,red,N,X,A,red,N,X
LL,4,54515,1,red,N,X,A,red,N,X
LL,4,54527,1,red,N,X,A,red,N,X
LL,4,54540,1,red,N,X,A,red,N,X
LL,4,54551,1,red,N,X,A,red,N,X
LL,4,54564,1,red,N,X,A,red,N,X
LL,4,54618,1,red,N,X,A,red,N,X
LL,4,54629,1,red,N,X,A,red,N,X
LL,4,54641,1,red,N,X,A,red,N,X
LL,4,54652,1,red,N,X,A,red,N,X
LL,4,54664,1,red,N,X,A,red,N,X
LL,4,54715,1,red,N,X,A,red,N,X
LL,4,54724,1,red,N,X,A,red,N,X
LL,4,54732,1,red,N,X,A,red,N,X
LL,4,54743,1,red,N,X,A,red,N,X
LL,4,54755,1,red,N,X,A,red,N,X
LL,4,54765,1,red,N,X,A,red,N,X
LL,4,54777,1,red,N,X,A,red,N,X
LL,4,54783,1,red,N,X,A,red,N,X
LL,4,54789,1,red,N,X,A,red,N,X
LL,4,54808,1,red,N,X,A,red,N,X
LL,4,55051,1,red,N,X,A,red,N,X
LL,4,55084,1,red,N,X,A,red,N,X
LL,4,55127,1,red,N,X,A,red,N,X
LL,4,55137,1,red,N,X,A,red,N,X
LL,4,55148,1,red,N,X,A,red,N,X
LL,4,55162,1,red,N,X,A,red,N,X
LL,4,55172,1,red,N,X,A,red,N,X
LL,4,55183,1,red,N,X,A,red,N,X
LL,4,55198,1,red,N,X,A,red,N,X
LL,4,55212,1,red,N,X,A,red,N,X
LL,4,55241,1,red,N,X,A,red,N,X
LL,4,55253,1,red,N,X,A,red,N,X
LL,4,55265,1,red,N,X,A,red,N,X
LL,4,55278,1,red,N,X,A,red,N,X
LL,4,55291,1,red,N,X,A,red,N,X
LL,4,55304,1,red,N,X,A,red,N,X
LL,4,55317,1,red,N,X,A,red,N,X
LL,4,55362,1,red,N,X,A,red,N,X
LL,4,55374,1,red,N,X,A,red,N,X
LL,4,55387,1,red,N,X,A,red,N,X
LL,4,55402,1,red,N,X,A,red,N,X
LL,4,55416,1,red,N,X,A,red,N,X
LL,4,55430,1,red,N,X,A,red,N,X
LL,4,55444,1,red,N,X,A,red,N,X
LL,4,55525,1,red,N,X,A,red,N,X
LL,4,55536,1,red,N,X,A,red,N,X
LL,4,55547,1,red,N,X,A,red,N,X
LL,4,55559,1,red,N,X,A,red,N,X
LL,4,55574,1,red,N,X,A,red,N,X
LL,4,55595,1,red,N,X,A,red,N,X
LL,4,55737,1,red,N,X,A,red,N,X
LL,4,55830,1,red,N,X,A,red,N,X
LL,4,55875,1,red,N,X,A,red,N,X
LL,4,55887,1,red,N,X,A,red,N,X
LL,4,55899,1,red,N,X,A,red,N,X
LL,4,55910,1,red,N,X,A,red,N,X
LL,4,55925,1,red,N,X,A,red,N,X
LL,4,55937,1,red,N,X,A,red,N,X
LL,4,55954,1,red,N,X,A,red,N,X
LL,4,56099,1,red,N,X,A,red,N,X
LL,4,56112,1,red,N,X,A,red,N,X
LL,4,56124,1,red,N,X,A,red,N,X
LL,4,56138,1,red,N,X,A,red,N,X
LL,4,56148,1,red,N,X,A,red,N,X
LL,4,56161,1,red,N,X,A,red,N,X
LL,4,56754,1,red,N,X,A,red,N,X
LL,4,56773,1,red,N,X,A,red,N,X
LL,4,56781,1,red,N,X,A,red,N,X
LL,4,56785,1,red,N,X,A,red,N,X
LL,4,56801,1,red,N,X,A,red,N,X
LL,4,56828,1,red,N,X,A,red,N,X
LL,4,56842,1,red,N,X,A,red,N,X
LL,4,56862,1,red,N,X,A,red,N,X
LL,4,56878,1,red,N,X,A,red,N,X
LL,4,56893,1,red,N,X,A,red,N,X
LL,4,56908,1,red,N,X,A,red,N,X
LL,4,56923,1,red,N,X,A,red,N,X
LL,4,56938,1,red,N,X,A,red,N,X
LL,4,56952,1,red,N,X,A,red,N,X
LL,4,56968,1,red,N,X,A,red,N,X
LL,4,56982,1,red,N,X,A,red,N,X
LL,4,56997,1,red,N,X,A,red,N,X
LL,4,57011,1,red,N,X,A,red,N,X
LL,4,57025,1,red,N,X,A,red,N,X
LL,4,57039,1,red,N,X,A,red,N,X
LL,4,57053,1,red,N,X,A,red,N,X
LL,4,57067,1,red,N,X,A,red,N,X
LL,4,57080,1,red,N,X,A,red,N,X
LL,4,57094,1,red,N,X,A,red,N,X
LL,4,57108,1,red,N,X,A,red,N,X
LL,4,57121,1,red,N,X,A,red,N,X
LL,4,57135,1,red,N,X,A,red,N,X
LL,4,57148,1,red,N,X,A,red,N,X
LL,4,57164,1,red,N,X,A,red,N,X
LL,4,57177,1,red,N,X,A,red,N,X
LL,4,57190,1,red,N,X,A,red,N,X
LL,4,57203,1,red,N,X,A,red,N,X
LL,4,57216,1,red,N,X,A,red,N,X
LL,4,57230,1,red,N,X,A,red,N,X
LL,4,57245,1,red,N,X,A,red,N,X
LL,4,57259,1,red,N,X,A,red,N,X
LL,4,57274,1,red,N,X,A,red,N,X
LL,4,57288,1,red,N,X,A,red,N,X
LL,4,57305,1,red,N,X,A,red,N,X
LL,4,57318,1,red,N,X,A,red,N,X
LL,4,57332,1,red,N,X,A,red,N,X
LL,4,57344,1,red,N,X,A,red,N,X
LL,4,57357,1,red,N,X,A,red,N,X
LL,4,57370,1,red,N,X,A,red,N,X
LL,4,57383,1,red,N,X,A,red,N,X
LL,4,57396,1,red,N,X,A,red,N,X
LL,4,57413,1,red,N,X,A,red,N,X
LL,4,57425,1,red,N,X,A,red,N,X
LL,4,57440,1,red,N,X,A,red,N,X
LL,4,57453,1,red,N,X,A,red,N,X
LL,4,57467,1,red,N,X,A,red,N,X
LL,4,57482,1,red,N,X,A,red,N,X
LL,4,57497,1,red,N,X,A,red,N,X
LL,4,57511,1,red,N,X,A,red,N,X
LL,4,57527,1,red,N,X,A,red,N,X
LL,4,57542,1,red,N,X,A,red,N,X
LL,4,57557,1,red,N,X,A,red,N,X
LL,4,57572,1,red,N,X,A,red,N,X
LL,4,57587,1,red,N,X,A,red,N,X
LL,4,57605,1,red,N,X,A,red,N,X
LL,4,57617,1,red,N,X,A,red,N,X
LL,4,57631,1,red,N,X,A,red,N,X
LL,4,57645,1,red,N,X,A,red,N,X
LL,4,57659,1,red,N,X,A,red,N,X
LL,4,57674,1,red,N,X,A,red,N,X
LL,4,57690,1,red,N,X,A,red,N,X
LL,4,57702,1,red,N,X,A,red,N,X
LL,4,57716,139,red,N,X,H,red,N,X
LL,4,57855,1,red,N,X,A,red,N,X
LL,4,57906,1,red,N,X,A,red,N,X
LL,4,57919,1,red,N,X,A,red,N,X
LL,4,57930,1,red,N,X,A,red,N,X
LL,4,57944,1,red,N,X,A,red,N,X
LL,4,57959,1,red,N,X,A,red,N,X
LL,4,57971,1,red,N,X,A,red,N,X
LL,4,57986,1,red,N,X,A,red,N,X
LL,4,57999,1,red,N,X,A,red,N,X
LL,4,58014,1,red,N,X,A,red,N,X
LL,4,58026,1,red,N,X,A,red,N,X
LL,4,58040,1,red,N,X,A,red,N,X
LL,4,58053,1,red,N,X,A,red,N,X
LL,4,58067,1,red,N,X,A,red,N,X
LL,4,58080,1,red,N,X,A,red,N,X
LL,4,58096,1,red,N,X,A,red,N,X
LL,4,58108,1,red,N,X,A,red,N,X
LL,4,58121,1,red,N,X,A,red,N,X
LL,4,58136,1,red,N,X,A,red,N,X
LL,4,58149,1,red,N,X,A,red,N,X
LL,4,58164,1,red,N,X,H,red,N,X
LL,4,58165,1,red,N,X,A,red,N,X
LL,4,58187,1,red,N,X,A,red,N,X
LL,4,58200,1,red,N,X,A,red,N,X
LL,4,58218,1,red,N,X,A,red,N,X
LL,4,58232,1,red,N,X,A,red,N,X
LL,4,58453,1,red,N,X,A,red,N,X
LL,4,58492,1,red,N,X,A,red,N,X
LL,4,58505,1,red,N,X,A,red,N,X
LL,4,58517,1,red,N,X,A,red,N,X
LL,4,58529,1,red,N,X,A,red,N,X
LL,4,58544,1,red,N,X,A,red,N,X
LL,4,58556,1,red,N,X,A,red,N,X
LL,4,58569,1,red,N,X,A,red,N,X
LL,4,58582,1,red,N,X,A,red,N,X
LL,4,58596,1,red,N,X,A,red,N,X
LL,4,58610,1,red,N,X,A,red,N,X
LL,4,58624,1,red,N,X,A,red,N,X
LL,4,58638,1,red,N,X,A,red,N,X
LL,4,58651,1,red,N,X,A,red,N,X
LL,4,58665,1,red,N,X,A,red,N,X
LL,4,58679,1,red,N,X,A,red,N,X
LL,4,58692,1,red,N,X,A,red,N,X
LL,4,60360,1,red,N,X,A,red,N,X
LL,4,60398,1,red,N,X,A,red,N,X
LL,4,60412,1,red,N,X,A,red,N,X
LL,4,60425,1,red,N,X,A,red,N,X
LL,4,60451,1,red,N,X,A,red,N,X
LL,4,60463,1,red,N,X,A,red,N,X
LL,4,60478,1,red,N,X,A,red,N,X
LL,4,60491,1,red,N,X,A,red,N,X
LL,4,60505,1,red,N,X,A,red,N,X
LL,4,60518,1,red,N,X,A,red,N,X
LL,4,60532,1,red,N,X,A,red,N,X
LL,4,60567,1,red,N,X,A,red,N,X
LL,4,60830,1,red,N,X,A,red,N,X
LL,4,60869,1,red,N,X,A,red,N,X
LL,4,60894,1,red,N,X,A,red,N,X
LL,4,60907,1,red,N,X,A,red,N,X
LL,4,60928,1,red,N,X,A,red,N,X
LL,4,60944,1,red,N,X,A,red,N,X
LL,4,60958,1,red,N,X,A,red,N,X
LL,4,60974,1,red,N,X,A,red,N,X
LL,4,61001,1,red,N,X,A,red,N,X
LL,4,61016,1,red,N,X,A,red,N,X
LL,4,61267,1,red,N,X,A,red,N,X
LL,4,61280,1,red,N,X,A,red,N,X
LL,4,61293,1,red,N,X,A,red,N,X
LL,4,61307,1,red,N,X,A,red,N,X
LL,4,61321,1,red,N,X,A,red,N,X
LL,4,61337,1,red,N,X,A,red,N,X
LL,4,61353,1,red,N,X,A,red,N,X
LL,4,61367,1,red,N,X,A,red,N,X
LL,4,61381,1,red,N,X,A,red,N,X
LL,4,61395,1,red,N,X,A,red,N,X
LL,4,61409,1,red,N,X,A,red,N,X
LL,4,61423,1,red,N,X,A,red,N,X
LL,4,61436,1,red,N,X,A,red,N,X
LL,4,61451,1,red,N,X,A,red,N,X
LL,4,61465,1,red,N,X,A,red,N,X
LL,4,61479,1,red,N,X,A,red,N,X
LL,4,61495,1,red,N,X,A,red,N,X
LL,4,61509,1,red,N,X,A,red,N,X
LL,4,61519,1,red,N,X,A,red,N,X
LL,4,61532,1,red,N,X,A,red,N,X
LL,4,61546,1,red,N,X,A,red,N,X
LL,4,61564,1,red,N,X,A,red,N,X
LL,4,61579,1,red,N,X,A,red,N,X
LL,4,61594,1,red,N,X,A,red,N,X
LL,4,61608,1,red,N,X,A,red,N,X
LL,4,61639,1,red,N,X,A,red,N,X
LL,4,61994,1,red,N,X,A,red,N,X
LL,4,62006,1,red,N,X,A,red,N,X
LL,4,62019,1,red,N,X,A,red,N,X
LL,4,62035,1,red,N,X,A,red,N,X
LL,4,62050,1,red,N,X,A,red,N,X
LL,4,62089,1,red,N,X,A,red,N,X
LL,4,62110,1,red,N,X,A,red,N,X
LL,4,62134,1,red,N,X,A,red,N,X
LL,4,62154,1,red,N,X,A,red,N,X
LL,4,62182,1,red,N,X,A,red,N,X
LL,4,62201,1,red,N,X,A,red,N,X
LL,4,62232,1,red,N,X,A,red,N,X
LL,4,62254,1,red,N,X,A,red,N,X
LL,4,62275,1,red,N,X,A,red,N,X
LL,4,62302,1,red,N,X,A,red,N,X
LL,4,62319,1,red,N,X,A,red,N,X
LL,4,62338,1,red,N,X,A,red,N,X
LL,4,62367,1,red,N,X,A,red,N,X
LL,4,62382,1,red,N,X,A,red,N,X
LL,4,62401,1,red,N,X,A,red,N,X
LL,4,62418,1,red,N,X,A,red,N,X
LL,4,62437,1,red,N,X,A,red,N,X
LL,4,62457,1,red,N,X,A,red,N,X
LL,4,62475,1,red,N,X,A,red,N,X
LL,4,62489,1,red,N,X,A,red,N,X
LL,4,62509,1,red,N,X,A,red,N,X
LL,4,62531,1,red,N,X,A,red,N,X
LL,4,62547,1,red,N,X,A,red,N,X
LL,4,62565,1,red,N,X,A,red,N,X
LL,4,62582,1,red,N,X,A,red,N,X
LL,4,62599,1,red,N,X,A,red,N,X
LL,4,62615,1,red,N,X,A,red,N,X
LL,4,62632,1,red,N,X,A,red,N,X
LL,4,62657,1,red,N,X,A,red,N,X
LL,4,62678,1,red,N,X,A,red,N,X
LL,4,62704,1,red,N,X,A,red,N,X
LL,4,62733,1,red,N,X,A,red,N,X
LL,4,62745,1,red,N,X,A,red,N,X
LL,4,62761,1,red,N,X,A,red,N,X
LL,4,62778,1,red,N,X,A,red,N,X
LL,4,62797,1,red,N,X,A,red,N,X
LL,4,62813,1,red,N,X,A,red,N,X
LL,4,62831,1,red,N,X,A,red,N,X
LL,4,62849,1,red,N,X,A,red,N,X
LL,4,62868,1,red,N,X,A,red,N,X
LL,4,62884,1,red,N,X,A,red,N,X
LL,4,62900,1,red,N,X,A,red,N,X
LL,4,62918,1,red,N,X,A,red,N,X
LL,4,62933,1,red,N,X,A,red,N,X
LL,4,62948,1,red,N,X,A,red,N,X
LL,4,62966,1,red,N,X,A,red,N,X
LL,4,62980,1,red,N,X,A,red,N,X
LL,4,62997,1,red,N,X,A,red,N,X
LL,4,63013,1,red,N,X,A,red,N,X
LL,4,63028,1,red,N,X,A,red,N,X
LL,4,63042,1,red,N,X,A,red,N,X
LL,4,63060,1,red,N,X,A,red,N,X
LL,4,63094,1,red,N,X,A,red,N,X
LL,4,63112,1,red,N,X,A,red,N,X
LL,4,63126,1,red,N,X,A,red,N,X
LL,4,63145,1,red,N,X,A,red,N,X
LL,4,63160,1,red,N,X,A,red,N,X
LL,4,63178,1,red,N,X,A,red,N,X
LL,4,63194,1,red,N,X,A,red,N,X
LL,4,63212,1,red,N,X,A,red,N,X
LL,4,63229,1,red,N,X,A,red,N,X
LL,4,63248,1,red,N,X,A,red,N,X
LL,4,63262,1,red,N,X,A,red,N,X
LL,4,63280,1,red,N,X,A,red,N,X
LL,4,63294,1,red,N,X,A,red,N,X
LL,4,63314,1,red,N,X,A,red,N,X
LL,4,63330,1,red,N,X,A,red,N,X
LL,4,63348,1,red,N,X,A,red,N,X
LL,4,63366,1,red,N,X,A,red,N,X
LL,4,63382,1,red,N,X,A,red,N,X
LL,4,63398,1,red,N,X,A,red,N,X
LL,4,63415,1,red,N,X,A,red,N,X
LL,4,63432,1,red,N,X,A,red,N,X
LL,4,63449,1,red,N,X,A,red,N,X
LL,4,63468,1,red,N,X,A,red,N,X
LL,4,63504,1,red,N,X,H,red,N,X
LL,4,63505,1,red,N,X,A,red,N,X
LL,4,63514,1,red,N,X,A,red,N,X
LL,4,63539,1,red,N,X,A,red,N,X
LL,4,63554,1,red,N,X,A,red,N,X
LL,4,63571,1,red,N,X,A,red,N,X
LL,4,63578,1,red,N,X,A,red,N,X
LL,4,63590,1,red,N,X,A,red,N,X
LL,4,63601,1,red,N,X,A,red,N,X
LL,4,63620,1,red,N,X,A,red,N,X
LL,4,63633,1,red,N,X,A,red,N,X
LL,4,63758,79,red,N,X,H,red,N,X
LL,4,63837,1,red,N,X,A,red,N,X
LL,4,64163,1,red,N,X,A,red,N,X
LL,4,64175,1,red,N,X,A,red,N,X
LL,4,64208,1,red,N,X,A,red,N,X
LL,4,64223,1,red,N,X,A,red,N,X
LL,4,64234,1,red,N,X,A,red,N,X
LL,4,64245,1,red,N,X,A,red,N,X
LL,4,64258,1,red,N,X,A,red,N,X
LL,4,64271,1,red,N,X,A,red,N,X
LL,4,64283,1,red,N,X,A,red,N,X
LL,4,64296,1,red,N,X,A,red,N,X
LL,4,64311,1,red,N,X,A,red,N,X
LL,4,64327,1,red,N,X,A,red,N,X
LL,4,64341,1,red,N,X,A,red,N,X
LL,4,64356,1,red,N,X,A,red,N,X
LL,4,64371,1,red,N,X,A,red,N,X
LL,4,64386,1,red,N,X,A,red,N,X
LL,4,64399,1,red,N,X,A,red,N,X
LL,4,64418,1,red,N,X,A,red,N,X
LL,4,64433,1,red,N,X,A,red,N,X
LL,4,64447,1,red,N,X,A,red,N,X
LL,4,64462,1,red,N,X,A,red,N,X
LL,4,64477,1,red,N,X,A,red,N,X
LL,4,64491,1,red,N,X,A,red,N,X
LL,4,64507,1,red,N,X,A,red,N,X
LL,4,64521,1,red,N,X,A,red,N,X
LL,4,64536,1,red,N,X,A,red,N,X
LL,4,64551,1,red,N,X,A,red,N,X
LL,4,64566,1,red,N,X,A,red,N,X
LL,4,64580,1,red,N,X,A,red,N,X
LL,4,64594,1,red,N,X,A,red,N,X
LL,4,64608,1,red,N,X,A,red,N,X
LL,4,64623,1,red,N,X,A,red,N,X
LL,4,64638,1,red,N,X,A,red,N,X
LL,4,64656,1,red,N,X,A,red,N,X
LL,4,64669,1,red,N,X,A,red,N,X
LL,4,64684,1,red,N,X,A,red,N,X
LL,4,64701,1,red,N,X,A,red,N,X
LL,4,64714,1,red,N,X,A,red,N,X
LL,4,64730,1,red,N,X,A,red,N,X
LL,4,64745,1,red,N,X,A,red,N,X
LL,4,64762,1,red,N,X,A,red,N,X
LL,4,64777,1,red,N,X,A,red,N,X
LL,4,64792,1,red,N,X,A,red,N,X
LL,4,64807,1,red,N,X,A,red,N,X
LL,4,64841,1,red,N,X,A,red,N,X
LL,4,64859,1,red,N,X,A,red,N,X
LL,4,64873,1,red,N,X,A,red,N,X
LL,4,64886,1,red,N,X,A,red,N,X
LL,4,64901,1,red,N,X,A,red,N,X
LL,4,64917,1,red,N,X,A,red,N,X
LL,4,64929,1,red,N,X,A,red,N,X
LL,4,64945,1,red,N,X,A,red,N,X
LL,4,64957,1,red,N,X,A,red,N,X
LL,4,65057,68,red,N,X,H,red,N,X
LL,4,65125,1,red,N,X,A,red,N,X
LL,4,65432,1,red,N,X,A,red,N,X
LL,4,65644,1,red,N,X,A,red,N,X
LL,4,65700,1,red,N,X,A,red,N,X
LL,4,65713,1,red,N,X,A,red,N,X
LL,4,65727,1,red,N,X,A,red,N,X
LL,4,65741,1,red,N,X,A,red,N,X
LL,4,65767,1,red,N,X,A,red,N,X
LL,4,65778,1,red,N,X,A,red,N,X
LL,4,65795,1,red,N,X,A,red,N,X
LL,4,65808,1,red,N,X,A,red,N,X
LL,4,65847,1,red,N,X,A,red,N,X
LL,4,65896,1,red,N,X,A,red,N,X
LL,4,65910,1,red,N,X,A,red,N,X
LL,4,65919,118,red,N,X,H,red,N,X
LL,4,66037,1,red,N,X,A,red,N,X
LL,4,66103,1,red,N,X,A,red,N,X
LL,4,66141,33,red,N,X,H,red,N,X
LL,4,66245,1,red,N,X,A,red,N,X
LL,4,66262,1,red,N,X,A,red,N,X
LL,4,66274,1,red,N,X,A,red,N,X
LL,4,66287,1,red,N,X,A,red,N,X
LL,4,66297,1,red,N,X,A,red,N,X
LL,4,66309,1,red,N,X,A,red,N,X
LL,4,66320,1,red,N,X,A,red,N,X
LL,4,66330,1,red,N,X,A,red,N,X
LL,4,66343,1,red,N,X,A,red,N,X
LL,4,66355,1,red,N,X,A,red,N,X
LL,4,66364,1,red,N,X,A,red,N,X
LL,4,66365,85,red,N,X,H,red,N,X
LL,4,66450,212,red,N,X,R,red,N,X
LL,4,66704,1,red,N,X,A,red,N,X
LL,4,66731,1,red,N,X,A,red,N,X
LL,4,66746,1,red,N,X,A,red,N,X
LL,4,66758,1,red,N,X,A,red,N,X
LL,4,66771,1,red,N,X,A,red,N,X
LL,4,66786,1,red,N,X,A,red,N,X
LL,4,66804,82,red,N,X,H,red,N,X
LL,4,66886,1,red,N,X,A,red,N,X
LL,4,67136,1,red,N,X,A,red,N,X
LL,4,67149,1,red,N,X,A,red,N,X
LL,4,67162,1,red,N,X,A,red,N,X
LL,4,67175,1,red,N,X,A,red,N,X
LL,4,67187,1,red,N,X,A,red,N,X
LL,4,67199,1,red,N,X,A,red,N,X
LL,4,67215,1,red,N,X,A,red,N,X
LL,4,67226,1,red,N,X,A,red,N,X
LL,4,67255,1,red,N,X,A,red,N,X
LL,4,67270,1,red,N,X,A,red,N,X
LL,4,67283,1,red,N,X,A,red,N,X
LL,4,67293,1,red,N,X,A,red,N,X
LL,4,67308,13,red,N,X,H,red,N,X
LL,4,67321,1,red,N,X,A,red,N,X
LL,4,68360,1,red,N,X,A,red,N,X
LL,4,68370,1,red,N,X,A,red,N,X
LL,4,68383,1,red,N,X,A,red,N,X
LL,4,68397,1,red,N,X,A,red,N,X
LL,4,68409,1,red,N,X,A,red,N,X
LL,4,68423,1,red,N,X,A,red,N,X
LL,4,68453,1,red,N,X,A,red,N,X
LL,4,68534,1,red,N,X,A,red,N,X
LL,4,68646,1,red,N,X,A,red,N,X
LL,4,68678,1,red,N,X,A,red,N,X
LL,4,68721,1,red,N,X,A,red,N,X
LL,4,68758,1,red,N,X,A,red,N,X
LL,4,68771,1,red,N,X,A,red,N,X
LL,4,68785,1,red,N,X,A,red,N,X
LL,4,68801,1,red,N,X,A,red,N,X
LL,4,68815,1,red,N,X,A,red,N,X
LL,4,68829,1,red,N,X,A,red,N,X
LL,4,68842,1,red,N,X,A,red,N,X
LL,4,68981,1,red,N,X,A,red,N,X
LL,4,69416,1,red,N,X,H,red,N,X
LL,4,69417,1,red,N,X,A,red,N,X
LL,4,69427,1,red,N,X,A,red,N,X
LL,4,69438,1,red,N,X,A,red,N,X
LL,4,69544,139,red,N,X,H,red,N,X
LL,4,69683,1,red,N,X,A,red,N,X
LL,4,69758,88,red,N,X,H,red,N,X
LL,4,69846,1,red,N,X,A,red,N,X
LL,4,69907,150,red,N,X,H,red,N,X
LL,4,70085,1,red,N,X,A,red,N,X
LL,4,70119,1,red,N,X,A,red,N,X
LL,4,70144,1,red,N,X,A,red,N,X
LL,4,70156,1,red,N,X,A,red,N,X
LL,4,70566,1,red,N,X,A,red,N,X
LL,4,70578,1,red,N,X,A,red,N,X
LL,4,70587,1,red,N,X,A,red,N,X
LL,4,70598,1,red,N,X,A,red,N,X
LL,4,72136,1,red,N,X,A,red,N,X
LL,4,72157,1,red,N,X,A,red,N,X
LL,4,72171,1,red,N,X,A,red,N,X
LL,4,72184,1,red,N,X,A,red,N,X
LL,4,72198,1,red,N,X,A,red,N,X
LL,4,72214,1,red,N,X,A,red,N,X
LL,4,72229,1,red,N,X,A,red,N,X
LL,4,72246,1,red,N,X,A,red,N,X
LL,4,72261,1,red,N,X,A,red,N,X
LL,4,72279,1,red,N,X,A,red,N,X
LL,4,72296,1,red,N,X,A,red,N,X
LL,4,72311,1875,red,N,X,H,red,N,X
LL,4,74186,1,red,N,X,A,red,N,X
LL,4,74299,508,red,N,X,H,red,N,X
LL,4,74807,1,red,N,X,A,red,N,X
LL,4,74827,1,red,N,X,A,red,N,X
LL,4,75007,438,red,N,X,H,red,N,X
LL,4,75445,1,red,N,X,A,red,N,X
LL,4,75932,1,red,N,X,A,red,N,X
LL,4,75945,390,red,N,X,H,red,N,X
LL,4,76335,1,red,N,X,A,red,N,X
LL,4,76618,1,red,N,X,A,red,N,X
LL,4,76661,1,red,N,X,A,red,N,X
LL,4,76695,1,red,N,X,A,red,N,X
LL,4,76704,193,red,N,X,H,red,N,X
LL,4,76897,1,red,N,X,A,red,N,X
LL,4,77419,484,red,N,X,H,red,N,X
LL,4,78228,1,red,N,X,A,red,N,X
LL,4,78239,1,red,N,X,A,red,N,X
LL,4,78251,1,red,N,X,A,red,N,X
LL,4,78265,123,red,N,X,H,red,N,X
LL,4,78388,1,red,N,X,A,red,N,X
LL,4,78730,74,red,N,X,H,red,N,X
LL,4,78864,80,red,N,X,H,red,N,X
LL,4,79026,1,red,N,X,A,red,N,X
LL,4,79066,1,red,N,X,A,red,N,X
LL,4,79073,950,red,N,X,H,red,N,X
LL,4,80023,1,red,N,X,A,red,N,X
LL,4,80088,53,red,N,X,H,red,N,X
LL,4,80163,63,red,N,X,H,red,N,X
LL,4,80226,1,red,N,X,A,red,N,X
LL,4,80314,126,red,N,X,H,red,N,X
LL,4,80440,1,red,N,X,A,red,N,X
LL,4,80527,138,red,N,X,H,red,N,X
LL,4,80713,1,red,N,X,A,red,N,X
LL,4,81021,281,red,N,X,H,red,N,X
LL,4,198,1,purple,N,X,A,purple,N,X
LL,4,211,1,purple,N,X,A,purple,N,X
LL,4,229,1,purple,N,X,A,purple,N,X
LL,4,251,1,purple,N,X,A,purple,N,X
LL,4,271,1,purple,N,X,A,purple,N,X
LL,4,286,1,purple,N,X,A,purple,N,X
LL,4,304,1,purple,N,X,A,purple,N,X
LL,4,318,1,purple,N,X,A,purple,N,X
LL,4,334,1,purple,N,X,A,purple,N,X
LL,4,351,1,purple,N,X,A,purple,N,X
LL,4,365,1,purple,N,X,A,purple,N,X
LL,4,382,1,purple,N,X,A,purple,N,X
LL,4,395,1,purple,N,X,A,purple,N,X
LL,4,412,1,purple,N,X,A,purple,N,X
LL,4,430,1,purple,N,X,A,purple,N,X
LL,4,446,1,purple,N,X,A,purple,N,X
LL,4,462,1,purple,N,X,A,purple,N,X
LL,4,480,1,purple,N,X,A,purple,N,X
LL,4,498,1,purple,N,X,A,purple,N,X
LL,4,508,1,purple,N,X,A,purple,N,X
LL,4,533,1,purple,N,X,A,purple,N,X
LL,4,552,1,purple,N,X,A,purple,N,X
LL,4,570,1,purple,N,X,A,purple,N,X
LL,4,588,1,purple,N,X,A,purple,N,X
LL,4,601,206,purple,N,X,H,purple,N,X
LL,4,1357,1,purple,N,X,A,purple,N,X
LL,4,1378,1,purple,N,X,A,purple,N,X
LL,4,1398,1,purple,N,X,A,purple,N,X
LL,4,1474,1,purple,N,X,A,purple,N,X
LL,4,1488,1,purple,N,X,A,purple,N,X
LL,4,1508,1,purple,N,X,A,purple,N,X
LL,4,1523,1,purple,N,X,A,purple,N,X
LL,4,1539,1,purple,N,X,A,purple,N,X
LL,4,1567,1,purple,N,X,A,purple,N,X
LL,4,1583,1,purple,N,X,A,purple,N,X
LL,4,1611,1,purple,N,X,A,purple,N,X
LL,4,1632,1,purple,N,X,A,purple,N,X
LL,4,1647,1,purple,N,X,A,purple,N,X
LL,4,1665,1,purple,N,X,A,purple,N,X
LL,4,1682,1,purple,N,X,A,purple,N,X
LL,4,1699,1,purple,N,X,A,purple,N,X
LL,4,1721,1,purple,N,X,A,purple,N,X
LL,4,1734,1,purple,N,X,A,purple,N,X
LL,4,1747,1,purple,N,X,A,purple,N,X
LL,4,2063,1,purple,N,X,A,purple,N,X
LL,4,2082,1,purple,N,X,A,purple,N,X
LL,4,2097,1,purple,N,X,A,purple,N,X
LL,4,2120,1,purple,N,X,A,purple,N,X
LL,4,10444,1,purple,N,X,A,purple,N,X
LL,4,10464,1,purple,N,X,A,purple,N,X
LL,4,10499,1,purple,N,X,A,purple,N,X
LL,4,10514,1,purple,N,X,A,purple,N,X
LL,4,48131,1,purple,N,X,A,purple,N,X
LL,4,48866,1,purple,N,X,A,purple,N,X
LL,4,48885,1,purple,N,X,A,purple,N,X
LL,4,48904,1,purple,N,X,A,purple,N,X
LL,4,48942,12,purple,N,X,H,purple,N,X
LL,4,48954,129,purple,N,X,R,purple,N,X
LL,4,51941,1,purple,N,X,A,purple,N,X
LL,4,51992,86,purple,N,X,H,purple,N,X
LL,4,52078,1,purple,N,X,A,purple,N,X
LL,4,52157,1,purple,N,X,A,purple,N,X
LL,4,52207,1,purple,N,X,A,purple,N,X
LL,4,52216,29,purple,N,X,H,purple,N,X
LL,4,52261,1,purple,N,X,A,purple,N,X
LL,4,53801,1,purple,N,X,A,purple,N,X
LL,4,53839,1,purple,N,X,A,purple,N,X
LL,4,53878,1,purple,N,X,A,purple,N,X
LL,4,53910,16,purple,N,X,H,purple,N,X
LL,4,53926,162,purple,N,X,R,purple,N,X
LL,4,61521,1,purple,N,X,A,purple,N,X
LL,4,74223,1,purple,N,X,A,purple,N,X
LL,4,74246,1,purple,N,X,A,purple,N,X
LL,4,74291,1,purple,N,X,A,purple,N,X
LL,4,74326,1,purple,N,X,A,purple,N,X
LL,4,74348,1,purple,N,X,A,purple,N,X
LL,4,74363,1,purple,N,X,A,purple,N,X
LL,4,74375,1,purple,N,X,A,purple,N,X
LL,4,74390,1,purple,N,X,A,purple,N,X
LL,4,74402,1,purple,N,X,A,purple,N,X
LL,4,74415,1,purple,N,X,A,purple,N,X
LL,4,74635,1,purple,N,X,A,purple,N,X
LL,4,74924,1,purple,N,X,A,purple,N,X
LL,4,74943,1,purple,N,X,A,purple,N,X
LL,4,74964,1,purple,N,X,A,purple,N,X
LL,4,74978,1,purple,N,X,A,purple,N,X
LL,4,74994,1,purple,N,X,A,purple,N,X
LL,4,75002,1,purple,N,X,A,purple,N,X
LL,4,75016,1,purple,N,X,A,purple,N,X
LL,4,75069,1,purple,N,X,A,purple,N,X
LL,4,75110,1,purple,N,X,A,purple,N,X
LL,4,75125,1,purple,N,X,A,purple,N,X
LL,4,75136,1,purple,N,X,A,purple,N,X
LL,4,0,100,blue,R,L,H,blue,R,L
LL,4,100,1,blue,R,L,A,blue,R,L
LL,4,140,1,blue,R,L,A,blue,R,L
LL,4,160,1,blue,R,L,A,blue,R,L
LL,4,214,1,blue,R,L,A,blue,R,L
LL,4,280,1,blue,R,L,A,blue,R,L
LL,4,299,1,blue,R,L,A,blue,R,L
LL,4,361,1,blue,R,L,A,blue,R,L
LL,4,428,1,blue,R,L,A,blue,R,L
LL,4,453,1,blue,R,L,A,blue,R,L
LL,4,490,1,blue,R,L,A,blue,R,L
LL,4,582,1,blue,R,L,A,blue,R,L
LL,4,608,1,blue,R,L,A,blue,R,L
LL,4,638,1,blue,R,L,A,blue,R,L
LL,4,670,1,blue,R,L,A,blue,R,L
LL,4,695,1,blue,R,L,A,blue,R,L
LL,4,713,1,blue,R,L,A,blue,R,L
LL,4,731,1,blue,R,L,A,blue,R,L
LL,4,748,1,blue,R,L,A,blue,R,L
LL,4,769,1,blue,R,L,A,blue,R,L
LL,4,777,222,blue,R,L,H,blue,R,L
LL,4,999,1,blue,R,L,A,blue,R,L
LL,4,1205,1,blue,R,L,A,blue,R,L
LL,4,1221,1,blue,R,L,A,blue,R,L
LL,4,4255,1,blue,R,L,A,blue,R,L
LL,4,4279,1,blue,R,L,A,blue,R,L
LL,4,4300,1,blue,R,L,A,blue,R,L
LL,4,4326,1,blue,R,L,A,blue,R,L
LL,4,4380,1,blue,R,L,A,blue,R,L
LL,4,4385,1,blue,R,L,A,blue,R,L
LL,4,4395,329,blue,R,L,H,blue,R,L
LL,4,4724,126,blue,R,L,R,blue,R,L
LL,4,4942,256,blue,R,L,H,blue,R,L
LL,4,5711,1,blue,R,L,A,blue,R,L
LL,4,5732,1,blue,R,L,A,blue,R,L
LL,4,5771,1,blue,R,L,A,blue,R,L
LL,4,5806,1,blue,R,L,A,blue,R,L
LL,4,6837,1,blue,R,L,A,blue,R,L
LL,4,6863,1,blue,R,L,A,blue,R,L
LL,4,6872,83,blue,R,L,H,blue,R,L
LL,4,6955,119,blue,R,L,R,blue,R,L
LL,4,7093,1,blue,R,L,A,blue,R,L
LL,4,7127,311,blue,R,L,H,blue,R,L
LL,4,7515,1,blue,R,L,A,blue,R,L
LL,4,13024,1,blue,R,L,A,blue,R,L
LL,4,13045,254,blue,R,L,H,blue,R,L
LL,4,13299,140,blue,R,L,R,blue,R,L
LL,4,13497,344,blue,R,L,H,blue,R,L
LL,4,13880,1,blue,R,L,A,blue,R,L
LL,4,14010,268,blue,R,L,H,blue,R,L
LL,4,14587,52,blue,R,L,H,blue,R,L
LL,4,14964,298,blue,R,L,H,blue,R,L
LL,4,15690,83,blue,R,L,H,blue,R,L
LL,4,15773,164,blue,R,L,R,blue,R,L
LL,4,15962,1,blue,R,L,A,blue,R,L
LL,4,15989,812,blue,R,L,H,blue,R,L
LL,4,16801,162,blue,R,L,R,blue,R,L
LL,4,19398,1,blue,R,L,A,blue,R,L
LL,4,19588,149,blue,R,L,H,blue,R,L
LL,4,19737,162,blue,R,L,R,blue,R,L
LL,4,19948,232,blue,R,L,H,blue,R,L
LL,4,20334,348,blue,R,L,H,blue,R,L
LL,4,21403,71,blue,R,L,H,blue,R,L
LL,4,21610,271,blue,R,L,H,blue,R,L
LL,4,21881,171,blue,R,L,R,blue,R,L
LL,4,22126,284,blue,R,L,H,blue,R,L
LL,4,22459,403,blue,R,L,H,blue,R,L
LL,4,24853,1,blue,R,L,A,blue,R,L
LL,4,24859,244,blue,R,L,H,blue,R,L
LL,4,25713,1,blue,R,L,A,blue,R,L
LL,4,25734,70,blue,R,L,H,blue,R,L
LL,4,25848,1,blue,R,L,H,blue,R,L
LL,4,25849,1,blue,R,L,A,blue,R,L
LL,4,26087,1,blue,R,L,A,blue,R,L
LL,4,26370,25,blue,R,L,H,blue,R,L
LL,4,26395,1,blue,R,L,A,blue,R,L
LL,4,29000,1,blue,R,L,A,blue,R,L
LL,4,29007,36,blue,R,L,H,blue,R,L
LL,4,29043,130,blue,R,L,R,blue,R,L
LL,4,30703,286,blue,R,L,H,blue,R,L
LL,4,31036,1,blue,R,L,A,blue,R,L
LL,4,31322,127,blue,R,L,H,blue,R,L
LL,4,31833,66,blue,R,L,H,blue,R,L
LL,4,31899,178,blue,R,L,R,blue,R,L
LL,4,32146,217,blue,R,L,H,blue,R,L
LL,4,33555,198,blue,R,L,H,blue,R,L
LL,4,33753,114,blue,R,L,R,blue,R,L
LL,4,33945,339,blue,R,L,H,blue,R,L
LL,4,36617,383,blue,R,L,H,blue,R,L
LL,4,37000,115,blue,R,L,R,blue,R,L
LL,4,39497,199,blue,R,L,H,blue,R,L
LL,4,39696,145,blue,R,L,R,blue,R,L
LL,4,39841,506,blue,R,L,H,blue,R,L
LL,4,40837,1,blue,R,L,A,blue,R,L
LL,4,40881,1,blue,R,L,A,blue,R,L
LL,4,40931,3,blue,R,L,H,blue,R,L
LL,4,40934,1,blue,R,L,A,blue,R,L
LL,4,41044,9,blue,R,L,H,blue,R,L
LL,4,41053,1,blue,R,L,A,blue,R,L
LL,4,41459,212,blue,R,L,H,blue,R,L
LL,4,41671,1,blue,R,L,A,blue,R,L
LL,4,42127,1,blue,R,L,A,blue,R,L
LL,4,42143,1,blue,R,L,A,blue,R,L
LL,4,42157,1,blue,R,L,A,blue,R,L
LL,4,42172,1,blue,R,L,A,blue,R,L
LL,4,42188,1,blue,R,L,A,blue,R,L
LL,4,42306,1,blue,R,L,A,blue,R,L
LL,4,42317,1,blue,R,L,A,blue,R,L
LL,4,42335,208,blue,R,L,H,blue,R,L
LL,4,42543,1,blue,R,L,A,blue,R,L
LL,4,42726,480,blue,R,L,H,blue,R,L
LL,4,43206,1,blue,R,L,A,blue,R,L
LL,4,43559,1,blue,R,L,A,blue,R,L
LL,4,43565,91,blue,R,L,H,blue,R,L
LL,4,43656,1,blue,R,L,A,blue,R,L
LL,4,43720,91,blue,R,L,H,blue,R,L
LL,4,43811,93,blue,R,L,R,blue,R,L
LL,4,44133,68,blue,R,L,H,blue,R,L
LL,4,44201,1,blue,R,L,A,blue,R,L
LL,4,44242,1,blue,R,L,A,blue,R,L
LL,4,44261,200,blue,R,L,H,blue,R,L
LL,4,45305,1,blue,R,L,A,blue,R,L
LL,4,45312,39,blue,R,L,H,blue,R,L
LL,4,45351,1,blue,R,L,A,blue,R,L
LL,4,45788,12,blue,R,L,H,blue,R,L
LL,4,47230,107,blue,R,L,H,blue,R,L
LL,4,48197,1,blue,R,L,A,blue,R,L
LL,4,48215,64,blue,R,L,H,blue,R,L
LL,4,48321,160,blue,R,L,H,blue,R,L
LL,4,49941,172,blue,R,L,H,blue,R,L
LL,4,50373,40,blue,R,L,H,blue,R,L
LL,4,50675,153,blue,R,L,H,blue,R,L
LL,4,50952,14,blue,R,L,H,blue,R,L
LL,4,50966,114,blue,R,L,R,blue,R,L
LL,4,51540,1,blue,R,L,A,blue,R,L
LL,4,51550,1,blue,R,L,A,blue,R,L
LL,4,51558,1,blue,R,L,A,blue,R,L
LL,4,51567,1,blue,R,L,A,blue,R,L
LL,4,51578,1,blue,R,L,A,blue,R,L
LL,4,51591,1,blue,R,L,A,blue,R,L
LL,4,51602,1,blue,R,L,A,blue,R,L
LL,4,51639,1,blue,R,L,A,blue,R,L
LL,4,51706,121,blue,R,L,H,blue,R,L
LL,4,52370,280,blue,R,L,H,blue,R,L
LL,4,53512,1,blue,R,L,A,blue,R,L
LL,4,53566,1,blue,R,L,A,blue,R,L
LL,4,53588,1,blue,R,L,A,blue,R,L
LL,4,53613,1,blue,R,L,A,blue,R,L
LL,4,53866,1,blue,R,L,A,blue,R,L
LL,4,53880,192,blue,R,L,H,blue,R,L
LL,4,54072,140,blue,R,L,R,blue,R,L
LL,4,54992,41,blue,R,L,H,blue,R,L
LL,4,55033,1,blue,R,L,A,blue,R,L
LL,4,57753,1,blue,R,L,A,blue,R,L
LL,4,57776,1,blue,R,L,A,blue,R,L
LL,4,57787,82,blue,R,L,H,blue,R,L
LL,4,58461,144,blue,R,L,H,blue,R,L
LL,4,58605,1,blue,R,L,A,blue,R,L
LL,4,58630,28,blue,R,L,H,blue,R,L
LL,4,59293,1,blue,R,L,A,blue,R,L
LL,4,59305,1,blue,R,L,A,blue,R,L
LL,4,59317,1,blue,R,L,A,blue,R,L
LL,4,59332,1,blue,R,L,A,blue,R,L
LL,4,59352,1,blue,R,L,A,blue,R,L
LL,4,59385,1,blue,R,L,A,blue,R,L
LL,4,59413,1,blue,R,L,A,blue,R,L
LL,4,59615,1,blue,R,L,A,blue,R,L
LL,4,59629,1,blue,R,L,A,blue,R,L
LL,4,59646,1,blue,R,L,A,blue,R,L
LL,4,59661,1,blue,R,L,A,blue,R,L
LL,4,59694,1,blue,R,L,A,blue,R,L
LL,4,59704,1,blue,R,L,A,blue,R,L
LL,4,59725,22,blue,R,L,H,blue,R,L
LL,4,59844,1,blue,R,L,A,blue,R,L
LL,4,59998,1,blue,R,L,A,blue,R,L
LL,4,60087,1,blue,R,L,A,blue,R,L
LL,4,60102,1,blue,R,L,A,blue,R,L
LL,4,60123,187,blue,R,L,H,blue,R,L
LL,4,60517,30,blue,R,L,H,blue,R,L
LL,4,60547,120,blue,R,L,R,blue,R,L
LL,4,60865,185,blue,R,L,H,blue,R,L
LL,4,61445,149,blue,R,L,H,blue,R,L
LL,4,61827,1,blue,R,L,A,blue,R,L
LL,4,61850,1,blue,R,L,A,blue,R,L
LL,4,61868,1,blue,R,L,A,blue,R,L
LL,4,61903,1,blue,R,L,A,blue,R,L
LL,4,61988,1,blue,R,L,A,blue,R,L
LL,4,62005,1,blue,R,L,A,blue,R,L
LL,4,62022,1,blue,R,L,A,blue,R,L
LL,4,62041,1,blue,R,L,A,blue,R,L
LL,4,62058,1,blue,R,L,A,blue,R,L
LL,4,62084,1,blue,R,L,A,blue,R,L
LL,4,62101,1,blue,R,L,A,blue,R,L
LL,4,62141,1,blue,R,L,A,blue,R,L
LL,4,62159,1,blue,R,L,A,blue,R,L
LL,4,62192,1,blue,R,L,A,blue,R,L
LL,4,62261,1,blue,R,L,A,blue,R,L
LL,4,62265,1,blue,R,L,A,blue,R,L
LL,4,62290,1,blue,R,L,A,blue,R,L
LL,4,62313,1,blue,R,L,A,blue,R,L
LL,4,62333,205,blue,R,L,H,blue,R,L
LL,4,62538,139,blue,R,L,R,blue,R,L
LL,4,62952,45,blue,R,L,H,blue,R,L
LL,4,63051,1,blue,R,L,A,blue,R,L
LL,4,63096,1,blue,R,L,A,blue,R,L
LL,4,63499,281,blue,R,L,H,blue,R,L
LL,4,64537,1,blue,R,L,A,blue,R,L
LL,4,64549,1,blue,R,L,A,blue,R,L
LL,4,64563,1,blue,R,L,A,blue,R,L
LL,4,64576,1,blue,R,L,A,blue,R,L
LL,4,64587,1,blue,R,L,A,blue,R,L
LL,4,64599,1,blue,R,L,A,blue,R,L
LL,4,64610,1,blue,R,L,A,blue,R,L
LL,4,64651,1,blue,R,L,A,blue,R,L
LL,4,64665,1,blue,R,L,A,blue,R,L
LL,4,64677,1,blue,R,L,A,blue,R,L
LL,4,64693,1,blue,R,L,A,blue,R,L
LL,4,64703,43,blue,R,L,H,blue,R,L
LL,4,64746,1,blue,R,L,A,blue,R,L
LL,4,64903,1,blue,R,L,A,blue,R,L
LL,4,64915,1,blue,R,L,A,blue,R,L
LL,4,64926,1,blue,R,L,A,blue,R,L
LL,4,64938,43,blue,R,L,H,blue,R,L
LL,4,64981,1,blue,R,L,A,blue,R,L
LL,4,65314,44,blue,R,L,H,blue,R,L
LL,4,65358,1,blue,R,L,A,blue,R,L
LL,4,65508,134,blue,R,L,H,blue,R,L
LL,4,65669,147,blue,R,L,H,blue,R,L
LL,4,65816,129,blue,R,L,R,blue,R,L
LL,4,66030,1,blue,R,L,A,blue,R,L
LL,4,66049,96,blue,R,L,H,blue,R,L
LL,4,66145,1,blue,R,L,A,blue,R,L
LL,4,66232,80,blue,R,L,H,blue,R,L
LL,4,66357,64,blue,R,L,H,blue,R,L
LL,4,66637,153,blue,R,L,H,blue,R,L
LL,4,66817,185,blue,R,L,H,blue,R,L
LL,4,68517,1,blue,R,L,A,blue,R,L
LL,4,68554,29,blue,R,L,H,blue,R,L
LL,4,68759,56,blue,R,L,H,blue,R,L
LL,4,68815,117,blue,R,L,R,blue,R,L
LL,4,69134,198,blue,R,L,H,blue,R,L
LL,4,70418,60,blue,R,L,H,blue,R,L
LL,4,70478,1,blue,R,L,A,blue,R,L
LL,4,70681,1,blue,R,L,A,blue,R,L
LL,4,70712,1,blue,R,L,A,blue,R,L
LL,4,70760,44,blue,R,L,H,blue,R,L
LL,4,70804,1,blue,R,L,A,blue,R,L
LL,4,71848,1,blue,R,L,A,blue,R,L
LL,4,71862,1,blue,R,L,A,blue,R,L
LL,4,71904,1,blue,R,L,A,blue,R,L
LL,4,71941,1,blue,R,L,A,blue,R,L
LL,4,71959,1,blue,R,L,A,blue,R,L
LL,4,72029,1,blue,R,L,A,blue,R,L
LL,4,72096,1,blue,R,L,A,blue,R,L
LL,4,72109,70,blue,R,L,H,blue,R,L
LL,4,72199,168,blue,R,L,H,blue,R,L
LL,4,72367,112,blue,R,L,R,blue,R,L
LL,4,73012,237,blue,R,L,H,blue,R,L
LL,4,73933,1,blue,R,L,A,blue,R,L
LL,4,74138,148,blue,R,L,H,blue,R,L
LL,4,74286,110,blue,R,L,R,blue,R,L
LL,4,75019,1,blue,R,L,A,blue,R,L
LL,4,75045,1,blue,R,L,A,blue,R,L
LL,4,75199,1,blue,R,L,A,blue,R,L
LL,4,75211,1,blue,R,L,A,blue,R,L
LL,4,75232,1,blue,R,L,A,blue,R,L
LL,4,75245,1,blue,R,L,A,blue,R,L
LL,4,75255,70,blue,R,L,H,blue,R,L
LL,4,75325,1,blue,R,L,A,blue,R,L
LL,4,75412,113,blue,R,L,H,blue,R,L
LL,4,75643,365,blue,R,L,H,blue,R,L
LL,4,76488,1,blue,R,L,A,blue,R,L
LL,4,76509,1,blue,R,L,A,blue,R,L
LL,4,76524,1,blue,R,L,A,blue,R,L
LL,4,76549,1,blue,R,L,A,blue,R,L
LL,4,76594,1,blue,R,L,A,blue,R,L
LL,4,76606,1,blue,R,L,A,blue,R,L
LL,4,76617,1,blue,R,L,A,blue,R,L
LL,4,76655,1,blue,R,L,A,blue,R,L
LL,4,76674,1,blue,R,L,A,blue,R,L
LL,4,76689,62,blue,R,L,H,blue,R,L
LL,4,76982,36,blue,R,L,H,blue,R,L
LL,4,77192,236,blue,R,L,H,blue,R,L
LL,4,77428,119,blue,R,L,R,blue,R,L
LL,4,77843,1,blue,R,L,A,blue,R,L
LL,4,77865,1,blue,R,L,A,blue,R,L
LL,4,77880,1,blue,R,L,A,blue,R,L
LL,4,78038,103,blue,R,L,H,blue,R,L
LL,4,78170,19,blue,R,L,H,blue,R,L
LL,4,78917,1,blue,R,L,A,blue,R,L
LL,4,78969,1,blue,R,L,A,blue,R,L
LL,4,79044,1,blue,R,L,A,blue,R,L
LL,4,79185,1,blue,R,L,A,blue,R,L
LL,4,79221,1,blue,R,L,A,blue,R,L
LL,4,79235,1,blue,R,L,A,blue,R,L
LL,4,79245,78,blue,R,L,H,blue,R,L
LL,4,79323,1,blue,R,L,A,blue,R,L
LL,4,80237,1,blue,R,L,A,blue,R,L
LL,4,80250,1,blue,R,L,A,blue,R,L
LL,4,80262,1,blue,R,L,A,blue,R,L
LL,4,80640,1,blue,R,L,A,blue,R,L
LL,4,80650,1,blue,R,L,A,blue,R,L
LL,4,80662,1,blue,R,L,A,blue,R,L
LL,4,80672,1,blue,R,L,A,blue,R,L
LL,4,80682,1,blue,R,L,A,blue,R,L
LL,4,80705,1,blue,R,L,A,blue,R,L
LL,4,80717,1,blue,R,L,A,blue,R,L
LL,4,80733,1,blue,R,L,A,blue,R,L
LL,4,80745,1,blue,R,L,A,blue,R,L
LL,4,80758,1,blue,R,L,A,blue,R,L
LL,4,80771,1,blue,R,L,A,blue,R,L
LL,4,80789,19,blue,R,L,H,blue,R,L
LL,4,80808,1,blue,R,L,A,blue,R,L
LL,4,80984,1,blue,R,L,A,blue,R,L
LL,4,81144,1,blue,R,L,A,blue,R,L
LL,4,81154,1,blue,R,L,A,blue,R,L
LL,4,81167,162,blue,R,L,H,blue,R,L
LL,4,81329,51,blue,R,L,R,blue,R,L
LL,4,17,1,green,G,L,A,green,G,L
LL,4,34,1,green,G,L,A,green,G,L
LL,4,47,1,green,G,L,A,green,G,L
LL,4,58,1,green,G,L,A,green,G,L
LL,4,72,1,green,G,L,A,green,G,L
LL,4,84,1,green,G,L,A,green,G,L
LL,4,99,1,green,G,L,A,green,G,L
LL,4,113,1,green,G,L,A,green,G,L
LL,4,127,1,green,G,L,A,green,G,L
LL,4,138,1,green,G,L,A,green,G,L
LL,4,153,1,green,G,L,A,green,G,L
LL,4,166,1,green,G,L,A,green,G,L
LL,4,180,1,green,G,L,A,green,G,L
LL,4,242,1,green,G,L,A,green,G,L
LL,4,270,1,green,G,L,A,green,G,L
LL,4,292,1,green,G,L,A,green,G,L
LL,4,430,1,green,G,L,A,green,G,L
LL,4,742,1,green,G,L,A,green,G,L
LL,4,761,1,green,G,L,A,green,G,L
LL,4,794,1,green,G,L,A,green,G,L
LL,4,811,1,green,G,L,A,green,G,L
LL,4,838,1,green,G,L,A,green,G,L
LL,4,856,1,green,G,L,A,green,G,L
LL,4,878,1,green,G,L,A,green,G,L
LL,4,893,1,green,G,L,A,green,G,L
LL,4,911,1,green,G,L,A,green,G,L
LL,4,933,1,green,G,L,A,green,G,L
LL,4,956,1,green,G,L,A,green,G,L
LL,4,974,1,green,G,L,A,green,G,L
LL,4,993,1,green,G,L,A,green,G,L
LL,4,1012,1,green,G,L,A,green,G,L
LL,4,1035,1,green,G,L,A,green,G,L
LL,4,1053,1,green,G,L,A,green,G,L
LL,4,1072,1,green,G,L,A,green,G,L
LL,4,1091,1,green,G,L,A,green,G,L
LL,4,1115,1,green,G,L,A,green,G,L
LL,4,1141,1,green,G,L,A,green,G,L
LL,4,1155,1,green,G,L,A,green,G,L
LL,4,1176,1,green,G,L,A,green,G,L
LL,4,1196,1,green,G,L,A,green,G,L
LL,4,1215,1,green,G,L,A,green,G,L
LL,4,1235,1,green,G,L,A,green,G,L
LL,4,1254,1,green,G,L,A,green,G,L
LL,4,1274,1,green,G,L,A,green,G,L
LL,4,1294,1,green,G,L,A,green,G,L
LL,4,1313,1,green,G,L,A,green,G,L
LL,4,1344,1,green,G,L,A,green,G,L
LL,4,1360,1,green,G,L,A,green,G,L
LL,4,1381,1,green,G,L,A,green,G,L
LL,4,1413,1,green,G,L,A,green,G,L
LL,4,1435,1,green,G,L,A,green,G,L
LL,4,1518,1,green,G,L,A,green,G,L
LL,4,1555,1,green,G,L,A,green,G,L
LL,4,1915,1,green,G,L,A,green,G,L
LL,4,1943,1,green,G,L,A,green,G,L
LL,4,2500,1,green,G,L,A,green,G,L
LL,4,2514,1,green,G,L,A,green,G,L
LL,4,2532,1,green,G,L,A,green,G,L
LL,4,2546,1,green,G,L,A,green,G,L
LL,4,2560,1,green,G,L,A,green,G,L
LL,4,2574,1,green,G,L,A,green,G,L
LL,4,2587,1,green,G,L,A,green,G,L
LL,4,2623,1,green,G,L,A,green,G,L
LL,4,2636,1,green,G,L,A,green,G,L
LL,4,2661,1,green,G,L,A,green,G,L
LL,4,3218,1,green,G,L,A,green,G,L
LL,4,3229,1,green,G,L,A,green,G,L
LL,4,3240,1,green,G,L,A,green,G,L
LL,4,3258,1,green,G,L,A,green,G,L
LL,4,3300,1,green,G,L,A,green,G,L
LL,4,3783,1,green,G,L,A,green,G,L
LL,4,3795,1,green,G,L,A,green,G,L
LL,4,3805,1,green,G,L,A,green,G,L
LL,4,3815,1,green,G,L,A,green,G,L
LL,4,3826,1,green,G,L,A,green,G,L
LL,4,3842,1,green,G,L,A,green,G,L
LL,4,3854,1,green,G,L,A,green,G,L
LL,4,3867,1,green,G,L,A,green,G,L
LL,4,3881,1,green,G,L,A,green,G,L
LL,4,3942,1,green,G,L,A,green,G,L
LL,4,3953,1,green,G,L,A,green,G,L
LL,4,4065,1,green,G,L,A,green,G,L
LL,4,4076,1,green,G,L,A,green,G,L
LL,4,4087,1,green,G,L,A,green,G,L
LL,4,4529,1,green,G,L,A,green,G,L
LL,4,4550,1,green,G,L,A,green,G,L
LL,4,4596,5,green,G,L,H,green,G,L
LL,4,4601,241,green,G,L,R,green,G,L
LL,4,11699,84,green,G,L,H,green,G,L
LL,4,11863,1,green,G,L,A,green,G,L
LL,4,12572,458,green,G,L,H,green,G,L
LL,4,15224,1,green,G,L,A,green,G,L
LL,4,15234,217,green,G,L,H,green,G,L
LL,4,17958,207,green,G,L,H,green,G,L
LL,4,18165,200,green,G,L,R,green,G,L
LL,4,18616,33,green,G,L,H,green,G,L
LL,4,18718,167,green,G,L,H,green,G,L
LL,4,18932,1,green,G,L,A,green,G,L
LL,4,18960,1,green,G,L,A,green,G,L
LL,4,19749,148,green,G,L,H,green,G,L
LL,4,26396,316,green,G,L,H,green,G,L
LL,4,28262,92,green,G,L,H,green,G,L
LL,4,28354,1,green,G,L,A,green,G,L
LL,4,28391,1,green,G,L,A,green,G,L
LL,4,28451,1,green,G,L,A,green,G,L
LL,4,28471,1,green,G,L,A,green,G,L
LL,4,28832,1,green,G,L,A,green,G,L
LL,4,28847,237,green,G,L,H,green,G,L
LL,4,29084,1,green,G,L,A,green,G,L
LL,4,35106,90,green,G,L,H,green,G,L
LL,4,35196,180,green,G,L,R,green,G,L
LL,4,35709,160,green,G,L,H,green,G,L
LL,4,36115,435,green,G,L,H,green,G,L
LL,4,37171,1,green,G,L,A,green,G,L
LL,4,37220,1,green,G,L,A,green,G,L
LL,4,38531,90,green,G,L,H,green,G,L
LL,4,38621,1,green,G,L,A,green,G,L
LL,4,38683,1,green,G,L,A,green,G,L
LL,4,38684,162,green,G,L,H,green,G,L
LL,4,38846,1,green,G,L,A,green,G,L
LL,4,40753,1,green,G,L,A,green,G,L
LL,4,40772,1,green,G,L,A,green,G,L
LL,4,40785,1,green,G,L,A,green,G,L
LL,4,40794,78,green,G,L,H,green,G,L
LL,4,40872,1,green,G,L,A,green,G,L
LL,4,41536,238,green,G,L,H,green,G,L
LL,4,41774,168,green,G,L,R,green,G,L
LL,4,42223,170,green,G,L,H,green,G,L
LL,4,44218,1,green,G,L,A,green,G,L
LL,4,44228,258,green,G,L,H,green,G,L
LL,4,44486,1,green,G,L,A,green,G,L
LL,4,44545,1,green,G,L,A,green,G,L
LL,4,44584,1,green,G,L,A,green,G,L
LL,4,44610,18,green,G,L,H,green,G,L
LL,4,44628,1,green,G,L,A,green,G,L
LL,4,47137,1,green,G,L,A,green,G,L
LL,4,50641,12,green,G,L,H,green,G,L
LL,4,50811,22,green,G,L,H,green,G,L
LL,4,51431,1,green,G,L,A,green,G,L
LL,4,51484,1,green,G,L,A,green,G,L
LL,4,51497,1,green,G,L,A,green,G,L
LL,4,51509,1,green,G,L,A,green,G,L
LL,4,51522,1,green,G,L,A,green,G,L
LL,4,51534,1,green,G,L,A,green,G,L
LL,4,51547,1,green,G,L,A,green,G,L
LL,4,51560,1,green,G,L,A,green,G,L
LL,4,51573,1,green,G,L,A,green,G,L
LL,4,51667,1,green,G,L,A,green,G,L
LL,4,51679,1,green,G,L,A,green,G,L
LL,4,51692,1,green,G,L,A,green,G,L
LL,4,51742,1,green,G,L,A,green,G,L
LL,4,51758,1,green,G,L,A,green,G,L
LL,4,51770,1,green,G,L,A,green,G,L
LL,4,51783,1,green,G,L,A,green,G,L
LL,4,51797,1,green,G,L,A,green,G,L
LL,4,51811,1,green,G,L,A,green,G,L
LL,4,51825,1,green,G,L,A,green,G,L
LL,4,51950,1,green,G,L,A,green,G,L
LL,4,51986,1,green,G,L,A,green,G,L
LL,4,52001,129,green,G,L,H,green,G,L
LL,4,52130,1,green,G,L,A,green,G,L
LL,4,52170,1,green,G,L,A,green,G,L
LL,4,52186,1,green,G,L,A,green,G,L
LL,4,52198,1,green,G,L,A,green,G,L
LL,4,52266,1,green,G,L,A,green,G,L
LL,4,52280,131,green,G,L,H,green,G,L
LL,4,52411,1,green,G,L,A,green,G,L
LL,4,52505,1,green,G,L,A,green,G,L
LL,4,52513,1,green,G,L,A,green,G,L
LL,4,52522,1,green,G,L,A,green,G,L
LL,4,52531,1,green,G,L,A,green,G,L
LL,4,52540,1,green,G,L,A,green,G,L
LL,4,52550,1,green,G,L,A,green,G,L
LL,4,52559,1,green,G,L,A,green,G,L
LL,4,52569,1,green,G,L,A,green,G,L
LL,4,52579,1,green,G,L,A,green,G,L
LL,4,52639,1,green,G,L,A,green,G,L
LL,4,52650,1,green,G,L,A,green,G,L
LL,4,52661,1,green,G,L,A,green,G,L
LL,4,52672,1,green,G,L,A,green,G,L
LL,4,52683,1,green,G,L,A,green,G,L
LL,4,52723,1,green,G,L,A,green,G,L
LL,4,52735,1,green,G,L,A,green,G,L
LL,4,52775,1,green,G,L,A,green,G,L
LL,4,52786,1,green,G,L,A,green,G,L
LL,4,52800,1,green,G,L,A,green,G,L
LL,4,52817,1,green,G,L,A,green,G,L
LL,4,52831,1,green,G,L,A,green,G,L
LL,4,52844,1,green,G,L,A,green,G,L
LL,4,52860,1,green,G,L,A,green,G,L
LL,4,52873,1,green,G,L,A,green,G,L
LL,4,52889,1,green,G,L,A,green,G,L
LL,4,52902,1,green,G,L,A,green,G,L
LL,4,52914,1,green,G,L,A,green,G,L
LL,4,52927,1,green,G,L,A,green,G,L
LL,4,52941,1,green,G,L,A,green,G,L
LL,4,52953,1,green,G,L,A,green,G,L
LL,4,52967,1,green,G,L,A,green,G,L
LL,4,52982,30,green,G,L,H,green,G,L
LL,4,53012,1,green,G,L,A,green,G,L
LL,4,53105,1,green,G,L,A,green,G,L
LL,4,53116,1,green,G,L,A,green,G,L
LL,4,53129,1,green,G,L,A,green,G,L
LL,4,53142,1,green,G,L,A,green,G,L
LL,4,53156,78,green,G,L,H,green,G,L
LL,4,53234,1,green,G,L,A,green,G,L
LL,4,53434,1,green,G,L,A,green,G,L
LL,4,53444,1,green,G,L,A,green,G,L
LL,4,53456,1,green,G,L,A,green,G,L
LL,4,53469,1,green,G,L,A,green,G,L
LL,4,53477,56,green,G,L,H,green,G,L
LL,4,53533,1,green,G,L,A,green,G,L
LL,4,53621,1,green,G,L,A,green,G,L
LL,4,53630,1,green,G,L,A,green,G,L
LL,4,53640,1,green,G,L,A,green,G,L
LL,4,53651,1,green,G,L,A,green,G,L
LL,4,53789,1,green,G,L,A,green,G,L
LL,4,53801,1,green,G,L,A,green,G,L
LL,4,53814,1,green,G,L,A,green,G,L
LL,4,53826,1,green,G,L,A,green,G,L
LL,4,53864,1,green,G,L,A,green,G,L
LL,4,53879,1,green,G,L,A,green,G,L
LL,4,53894,1,green,G,L,A,green,G,L
LL,4,53908,1,green,G,L,A,green,G,L
LL,4,53923,1,green,G,L,A,green,G,L
LL,4,53940,1,green,G,L,A,green,G,L
LL,4,53958,1,green,G,L,A,green,G,L
LL,4,53976,1,green,G,L,A,green,G,L
LL,4,54011,1,green,G,L,A,green,G,L
LL,4,54025,1,green,G,L,A,green,G,L
LL,4,54057,1,green,G,L,A,green,G,L
LL,4,54093,1,green,G,L,A,green,G,L
LL,4,54161,1,green,G,L,A,green,G,L
LL,4,54252,285,green,G,L,H,green,G,L
LL,4,54537,1,green,G,L,A,green,G,L
LL,4,54591,308,green,G,L,H,green,G,L
LL,4,54899,1,green,G,L,A,green,G,L
LL,4,58260,35,green,G,L,H,green,G,L
LL,4,58411,1,green,G,L,A,green,G,L
LL,4,58522,1,green,G,L,A,green,G,L
LL,4,58555,112,green,G,L,H,green,G,L
LL,4,58667,187,green,G,L,R,green,G,L
LL,4,58964,174,green,G,L,H,green,G,L
LL,4,60086,1,green,G,L,A,green,G,L
LL,4,60098,1,green,G,L,A,green,G,L
LL,4,60111,1,green,G,L,A,green,G,L
LL,4,60148,1,green,G,L,A,green,G,L
LL,4,60177,1,green,G,L,A,green,G,L
LL,4,60196,1,green,G,L,A,green,G,L
LL,4,60270,1,green,G,L,A,green,G,L
LL,4,60323,1,green,G,L,A,green,G,L
LL,4,60339,1,green,G,L,A,green,G,L
LL,4,60372,1,green,G,L,A,green,G,L
LL,4,60393,1,green,G,L,A,green,G,L
LL,4,60413,1,green,G,L,A,green,G,L
LL,4,60432,1,green,G,L,A,green,G,L
LL,4,60450,1,green,G,L,A,green,G,L
LL,4,60594,1,green,G,L,A,green,G,L
LL,4,60608,1,green,G,L,A,green,G,L
LL,4,60626,102,green,G,L,H,green,G,L
LL,4,61119,1,green,G,L,A,green,G,L
LL,4,61130,4,green,G,L,H,green,G,L
LL,4,61230,1,green,G,L,A,green,G,L
LL,4,61297,1,green,G,L,A,green,G,L
LL,4,61317,1,green,G,L,A,green,G,L
LL,4,61397,49,green,G,L,H,green,G,L
LL,4,61762,1,green,G,L,A,green,G,L
LL,4,61773,1,green,G,L,A,green,G,L
LL,4,61794,1,green,G,L,A,green,G,L
LL,4,63234,1,green,G,L,A,green,G,L
LL,4,63248,1,green,G,L,A,green,G,L
LL,4,63265,80,green,G,L,H,green,G,L
LL,4,63422,1,green,G,L,A,green,G,L
LL,4,63496,1,green,G,L,A,green,G,L
LL,4,63553,1,green,G,L,A,green,G,L
LL,4,63575,58,green,G,L,H,green,G,L
LL,4,66636,1,green,G,L,A,green,G,L
LL,4,66659,1,green,G,L,A,green,G,L
LL,4,66677,1,green,G,L,A,green,G,L
LL,4,66692,1,green,G,L,A,green,G,L
LL,4,66706,1,green,G,L,A,green,G,L
LL,4,66722,1,green,G,L,A,green,G,L
LL,4,66741,1,green,G,L,A,green,G,L
LL,4,66759,1,green,G,L,A,green,G,L
LL,4,66782,1,green,G,L,A,green,G,L
LL,4,67805,104,green,G,L,H,green,G,L
LL,4,67909,1,green,G,L,A,green,G,L
LL,4,67953,2,green,G,L,H,green,G,L
LL,4,67955,1,green,G,L,A,green,G,L
LL,4,68603,340,green,G,L,H,green,G,L
LL,4,68943,286,green,G,L,R,green,G,L
LL,4,69816,1,green,G,L,A,green,G,L
LL,4,69843,1,green,G,L,A,green,G,L
LL,4,69856,10,green,G,L,H,green,G,L
LL,4,69866,1,green,G,L,A,green,G,L
LL,4,70349,1,green,G,L,A,green,G,L
LL,4,70675,1,green,G,L,A,green,G,L
LL,4,70690,1,green,G,L,A,green,G,L
LL,4,70720,1,green,G,L,A,green,G,L
LL,4,70739,1,green,G,L,A,green,G,L
LL,4,70761,1,green,G,L,A,green,G,L
LL,4,70776,1,green,G,L,A,green,G,L
LL,4,70797,1,green,G,L,A,green,G,L
LL,4,70811,1,green,G,L,A,green,G,L
LL,4,70827,1,green,G,L,A,green,G,L
LL,4,71031,1,green,G,L,A,green,G,L
LL,4,71044,1,green,G,L,A,green,G,L
LL,4,71511,1,green,G,L,H,green,G,L
LL,4,71512,1,green,G,L,A,green,G,L
LL,4,71656,1,green,G,L,A,green,G,L
LL,4,71668,1,green,G,L,A,green,G,L
LL,4,71681,1,green,G,L,A,green,G,L
LL,4,71693,1,green,G,L,A,green,G,L
LL,4,71738,1,green,G,L,A,green,G,L
LL,4,71752,1,green,G,L,A,green,G,L
LL,4,71932,152,green,G,L,H,green,G,L
LL,4,72084,1,green,G,L,A,green,G,L
LL,4,72966,1,green,G,L,A,green,G,L
LL,4,73017,1,green,G,L,A,green,G,L
LL,4,73043,1,green,G,L,A,green,G,L
LL,4,73057,1,green,G,L,A,green,G,L
LL,4,73072,1,green,G,L,A,green,G,L
LL,4,73086,1,green,G,L,H,green,G,L
LL,4,73087,1,green,G,L,A,green,G,L
LL,4,73161,1,green,G,L,A,green,G,L
LL,4,73218,1,green,G,L,A,green,G,L
LL,4,73229,1,green,G,L,A,green,G,L
LL,4,73239,1,green,G,L,A,green,G,L
LL,4,73257,13,green,G,L,H,green,G,L
LL,4,73270,1,green,G,L,A,green,G,L
LL,4,74022,255,green,G,L,H,green,G,L
LL,4,74277,1,green,G,L,A,green,G,L
LL,4,74316,1,green,G,L,A,green,G,L
LL,4,75230,1,green,G,L,A,green,G,L
LL,4,75241,1,green,G,L,A,green,G,L
LL,4,75265,1,green,G,L,A,green,G,L
LL,4,75347,1,green,G,L,A,green,G,L
LL,4,75437,1,green,G,L,A,green,G,L
LL,4,75462,1,green,G,L,A,green,G,L
LL,4,75473,1,green,G,L,A,green,G,L
LL,4,75487,1,green,G,L,A,green,G,L
LL,4,75500,1,green,G,L,A,green,G,L
LL,4,75576,1,green,G,L,A,green,G,L
LL,4,75594,1,green,G,L,A,green,G,L
LL,4,75607,1,green,G,L,A,green,G,L
LL,4,75621,1,green,G,L,A,green,G,L
LL,4,75639,1,green,G,L,A,green,G,L
LL,4,75651,1,green,G,L,A,green,G,L
LL,4,75665,1,green,G,L,A,green,G,L
LL,4,75677,1,green,G,L,A,green,G,L
LL,4,75689,1,green,G,L,A,green,G,L
LL,4,75714,1,green,G,L,A,green,G,L
LL,4,75741,1,green,G,L,A,green,G,L
LL,4,75754,1,green,G,L,A,green,G,L
LL,4,75768,1,green,G,L,A,green,G,L
LL,4,75782,1,green,G,L,A,green,G,L
LL,4,75859,1,green,G,L,A,green,G,L
LL,4,75882,1,green,G,L,A,green,G,L
LL,4,75895,1,green,G,L,A,green,G,L
LL,4,75908,1,green,G,L,A,green,G,L
LL,4,75921,149,green,G,L,H,green,G,L
LL,4,76070,1,green,G,L,A,green,G,L
LL,4,76710,1,green,G,L,A,green,G,L
LL,4,76754,1,green,G,L,A,green,G,L
LL,4,76838,1,green,G,L,A,green,G,L
LL,4,76840,1,green,G,L,A,green,G,L
LL,4,76892,1,green,G,L,A,green,G,L
LL,4,76919,1,green,G,L,A,green,G,L
LL,4,77004,1,green,G,L,A,green,G,L
LL,4,77015,1,green,G,L,A,green,G,L
LL,4,77027,1,green,G,L,A,green,G,L
LL,4,77040,1,green,G,L,A,green,G,L
LL,4,77053,1,green,G,L,A,green,G,L
LL,4,77166,1,green,G,L,A,green,G,L
LL,4,77179,1,green,G,L,A,green,G,L
LL,4,77189,1,green,G,L,A,green,G,L
LL,4,77200,1,green,G,L,A,green,G,L
LL,4,77211,1,green,G,L,A,green,G,L
LL,4,77222,1,green,G,L,A,green,G,L
LL,4,77234,1,green,G,L,A,green,G,L
LL,4,77245,1,green,G,L,A,green,G,L
LL,4,77256,1,green,G,L,A,green,G,L
LL,4,77267,1,green,G,L,A,green,G,L
LL,4,77278,1,green,G,L,A,green,G,L
LL,4,77290,1,green,G,L,A,green,G,L
LL,4,77329,1,green,G,L,A,green,G,L
LL,4,77341,1,green,G,L,A,green,G,L
LL,4,77354,1,green,G,L,A,green,G,L
LL,4,77434,1,green,G,L,A,green,G,L
LL,4,77539,1,green,G,L,A,green,G,L
LL,4,77550,1,green,G,L,A,green,G,L
LL,4,77560,1,green,G,L,A,green,G,L
LL,4,77571,1,green,G,L,A,green,G,L
LL,4,77582,1,green,G,L,A,green,G,L
LL,4,77594,1,green,G,L,A,green,G,L
LL,4,77826,1,green,G,L,A,green,G,L
LL,4,77862,1,green,G,L,A,green,G,L
LL,4,77897,1,green,G,L,A,green,G,L
LL,4,77907,1,green,G,L,A,green,G,L
LL,4,77917,1,green,G,L,A,green,G,L
LL,4,77927,1,green,G,L,A,green,G,L
LL,4,77937,1,green,G,L,A,green,G,L
LL,4,77959,1,green,G,L,A,green,G,L
LL,4,78018,1,green,G,L,A,green,G,L
LL,4,78028,1,green,G,L,A,green,G,L
LL,4,78038,1,green,G,L,A,green,G,L
LL,4,78049,1,green,G,L,A,green,G,L
LL,4,78060,1,green,G,L,A,green,G,L
LL,4,78072,1,green,G,L,A,green,G,L
LL,4,78084,1,green,G,L,A,green,G,L
LL,4,78098,1,green,G,L,A,green,G,L
LL,4,78308,1,green,G,L,A,green,G,L
LL,4,78319,1,green,G,L,A,green,G,L
LL,4,78331,1,green,G,L,A,green,G,L
LL,4,78343,1,green,G,L,A,green,G,L
LL,4,78356,1,green,G,L,A,green,G,L
LL,4,78368,1,green,G,L,A,green,G,L
LL,4,78380,1,green,G,L,A,green,G,L
LL,4,78404,1,green,G,L,A,green,G,L
LL,4,78416,1,green,G,L,A,green,G,L
LL,4,78453,1,green,G,L,A,green,G,L
LL,4,78467,1,green,G,L,A,green,G,L
LL,4,78482,1,green,G,L,A,green,G,L
LL,4,78499,1,green,G,L,A,green,G,L
LL,4,78519,1,green,G,L,A,green,G,L
LL,4,78532,1,green,G,L,A,green,G,L
LL,4,78552,138,green,G,L,H,green,G,L
LL,4,78690,1,green,G,L,A,green,G,L
LL,4,79273,1,green,G,L,A,green,G,L
LL,4,79303,1,green,G,L,A,green,G,L
LL,4,79422,1,green,G,L,A,green,G,L
LL,4,79461,1,green,G,L,A,green,G,L
LL,4,79485,1,green,G,L,A,green,G,L
LL,4,79495,1,green,G,L,A,green,G,L
LL,4,79496,5,green,G,L,H,green,G,L
LL,4,79516,1,green,G,L,A,green,G,L
LL,4,79533,1,green,G,L,A,green,G,L
LL,4,79546,136,green,G,L,H,green,G,L
LL,4,79682,194,green,G,L,R,green,G,L
LL,4,14477,154,yellow,N,X,T,red,N,X
LL,4,14641,63,yellow,N,X,T,red,N,X
LL,4,14738,32,yellow,N,X,T,red,N,X
LL,4,48162,157,purple,N,X,T,orange,N,X
LL,4,66842,56,purple,N,X,T,green,G,L
LL,4,70928,406,purple,N,X,T,blue,R,L
LL,4,71590,783,purple,N,X,T,yellow,N,X
LL,4,73834,56,purple,N,X,T,orange,N,X
