LTx,11,1123,30,yellow,T,X,S,yellow,T,X
LTx,11,1228,18,yellow,T,X,S,yellow,T,X
LTx,11,1454,27,yellow,T,X,S,yellow,T,X
LTx,11,1693,42,yellow,T,X,S,yellow,T,X
LTx,11,1819,17,yellow,T,X,S,yellow,T,X
LTx,11,1901,47,yellow,T,X,S,yellow,T,X
LTx,11,2000,32,yellow,T,X,S,yellow,T,X
LTx,11,2201,25,yellow,T,X,S,yellow,T,X
LTx,11,2462,68,yellow,T,X,S,yellow,T,X
LTx,11,2840,64,yellow,T,X,S,yellow,T,X
LTx,11,2924,354,yellow,T,X,G,orange,R,L
LTx,11,3388,29,yellow,T,X,G,green,N,X
LTx,11,3427,1470,yellow,T,X,G,green,N,X
LTx,11,5017,53,yellow,T,X,S,yellow,T,X
LTx,11,5166,54,yellow,T,X,S,yellow,T,X
LTx,11,5598,1180,yellow,T,X,G,orange,R,L
LTx,11,6808,115,yellow,T,X,G,purple,N,X
LTx,11,7207,23,yellow,T,X,G,purple,N,X
LTx,11,7391,143,yellow,T,X,G,blue,N,X
LTx,11,7772,267,yellow,T,X,G,purple,N,X
LTx,11,8048,118,yellow,T,X,G,orange,R,L
LTx,11,8178,75,yellow,T,X,G,purple,N,X
LTx,11,8384,6,yellow,T,X,G,blue,N,X
LTx,11,8505,278,yellow,T,X,G,blue,N,X
LTx,11,8807,112,yellow,T,X,G,purple,N,X
LTx,11,9086,20,yellow,T,X,G,blue,N,X
LTx,11,9241,31,yellow,T,X,S,yellow,T,X
LTx,11,9351,31,yellow,T,X,G,blue,N,X
LTx,11,9413,110,yellow,T,X,G,purple,N,X
LTx,11,9523,105,yellow,T,X,G,orange,R,L
LTx,11,9628,86,yellow,T,X,G,purple,N,X
LTx,11,10092,367,yellow,T,X,G,blue,N,X
LTx,11,10645,23,yellow,T,X,S,yellow,T,X
LTx,11,10777,25,yellow,T,X,S,yellow,T,X
LTx,11,10846,337,yellow,T,X,G,green,N,X
LTx,11,11237,153,yellow,T,X,G,green,N,X
LTx,11,11640,40,yellow,T,X,S,yellow,T,X
LTx,11,11704,25,yellow,T,X,S,yellow,T,X
LTx,11,11734,47,yellow,T,X,S,yellow,T,X
LTx,11,11975,74,yellow,T,X,S,yellow,T,X
LTx,11,12313,49,yellow,T,X,G,blue,N,X
LTx,11,13055,2570,yellow,T,X,G,green,N,X
LTx,11,15858,21,yellow,T,X,S,yellow,T,X
LTx,11,16143,39,yellow,T,X,S,yellow,T,X
LTx,11,16263,63,yellow,T,X,S,yellow,T,X
LTx,11,16407,574,yellow,T,X,G,orange,R,L
LTx,11,17299,703,yellow,T,X,G,orange,R,L
LTx,11,18369,66,yellow,T,X,S,yellow,T,X
LTx,11,20304,694,yellow,T,X,G,blue,N,X
LTx,11,21405,51,yellow,T,X,S,yellow,T,X
LTx,11,21807,1034,yellow,T,X,G,blue,N,X
LTx,11,23057,40,yellow,T,X,S,yellow,T,X
LTx,11,23332,2148,yellow,T,X,G,green,N,X
LTx,11,26231,19,yellow,T,X,S,yellow,T,X
LTx,11,26566,517,yellow,T,X,G,blue,N,X
LTx,11,27083,737,yellow,T,X,G,purple,N,X
LTx,11,1709,31,orange,R,L,S,orange,R,L
LTx,11,4545,15,orange,R,L,S,orange,R,L
LTx,11,4907,52,orange,R,L,G,purple,N,X
LTx,11,25221,16,orange,R,L,G,green,N,X
LTx,11,25929,426,orange,R,L,G,green,N,X
LTx,11,26411,17,orange,R,L,S,orange,R,L
LTx,11,936,11,red,N,X,S,red,N,X
LTx,11,1183,14,red,N,X,S,red,N,X
LTx,11,1968,66,red,N,X,S,red,N,X
LTx,11,2550,90,red,N,X,S,red,N,X
LTx,11,2869,41,red,N,X,S,red,N,X
LTx,11,2985,63,red,N,X,S,red,N,X
LTx,11,4873,23,red,N,X,S,red,N,X
LTx,11,5098,274,red,N,X,G,orange,R,L
LTx,11,5414,17,red,N,X,G,orange,R,L
LTx,11,5490,518,red,N,X,G,blue,N,X
LTx,11,6093,526,red,N,X,G,blue,N,X
LTx,11,6656,72,red,N,X,G,purple,N,X
LTx,11,6960,358,red,N,X,G,green,N,X
LTx,11,7517,42,red,N,X,S,red,N,X
LTx,11,7730,446,red,N,X,G,blue,N,X
LTx,11,8216,121,red,N,X,G,blue,N,X
LTx,11,8432,1633,red,N,X,G,blue,N,X
LTx,11,10225,1022,red,N,X,G,green,N,X
LTx,11,11387,898,red,N,X,G,green,N,X
LTx,11,12965,24,red,N,X,S,red,N,X
LTx,11,13464,38,red,N,X,S,red,N,X
LTx,11,13878,73,red,N,X,S,red,N,X
LTx,11,14676,15,red,N,X,S,red,N,X
LTx,11,14705,31,red,N,X,S,red,N,X
LTx,11,17207,9,red,N,X,S,red,N,X
LTx,11,18255,11,red,N,X,S,red,N,X
LTx,11,18278,21,red,N,X,S,red,N,X
LTx,11,19175,73,red,N,X,S,red,N,X
LTx,11,19415,1107,red,N,X,G,orange,R,L
LTx,11,20952,10,red,N,X,S,red,N,X
LTx,11,21028,33,red,N,X,S,red,N,X
LTx,11,21080,18,red,N,X,S,red,N,X
LTx,11,21288,18,red,N,X,S,red,N,X
LTx,11,22573,191,red,N,X,G,orange,R,L
LTx,11,22796,739,red,N,X,G,blue,N,X
LTx,11,23554,941,red,N,X,G,orange,R,L
LTx,11,24825,37,red,N,X,S,red,N,X
LTx,11,24878,13,red,N,X,S,red,N,X
LTx,11,24982,52,red,N,X,S,red,N,X
LTx,11,27178,85,red,N,X,S,red,N,X
LTx,11,1,11,purple,N,X,G,blue,N,X
LTx,11,144,33,purple,N,X,G,orange,R,L
LTx,11,919,11,purple,N,X,G,orange,R,L
LTx,11,940,13,purple,N,X,G,orange,R,L
LTx,11,2950,18,purple,N,X,S,purple,N,X
LTx,11,2989,13,purple,N,X,S,purple,N,X
LTx,11,3235,154,purple,N,X,G,orange,R,L
LTx,11,3450,88,purple,N,X,S,purple,N,X
LTx,11,3606,1070,purple,N,X,G,blue,N,X
LTx,11,5012,268,purple,N,X,G,green,N,X
LTx,11,5571,739,purple,N,X,G,orange,R,L
LTx,11,6498,276,purple,N,X,G,green,N,X
LTx,11,6992,311,purple,N,X,G,green,N,X
LTx,11,7341,411,purple,N,X,G,green,N,X
LTx,11,8104,279,purple,N,X,G,green,N,X
LTx,11,8627,104,purple,N,X,G,blue,N,X
LTx,11,10708,513,purple,N,X,G,red,N,X
LTx,11,11560,38,purple,N,X,S,purple,N,X
LTx,11,11912,1089,purple,N,X,G,orange,R,L
LTx,11,17497,544,purple,N,X,G,orange,R,L
LTx,11,18393,679,purple,N,X,G,blue,N,X
LTx,11,19186,1141,purple,N,X,G,blue,N,X
LTx,11,20458,100,purple,N,X,G,blue,N,X
LTx,11,20611,47,purple,N,X,G,blue,N,X
LTx,11,21218,313,purple,N,X,G,green,N,X
LTx,11,21579,21,purple,N,X,S,purple,N,X
LTx,11,21608,940,purple,N,X,G,green,N,X
LTx,11,22710,1876,purple,N,X,G,green,N,X
LTx,11,25183,59,purple,N,X,S,purple,N,X
LTx,11,25979,257,purple,N,X,S,purple,N,X
LTx,11,26462,324,purple,N,X,S,purple,N,X
LTx,11,248,31,blue,N,X,G,green,N,X
LTx,11,2661,32,blue,N,X,S,blue,N,X
LTx,11,3278,203,blue,N,X,G,orange,R,L
LTx,11,5124,24,blue,N,X,G,green,N,X
LTx,11,5369,3398,blue,N,X,G,green,N,X
LTx,11,12948,902,blue,N,X,G,orange,R,L
LTx,11,17563,65,blue,N,X,G,orange,R,L
LTx,11,24311,240,blue,N,X,G,orange,R,L
LTx,11,41,16,green,N,X,G,orange,R,L
LTx,11,1620,14,green,N,X,S,green,N,X
LTx,11,2241,12,green,N,X,S,green,N,X
LTx,11,2273,38,green,N,X,S,green,N,X
LTx,11,2767,10,green,N,X,S,green,N,X
LTx,11,2813,36,green,N,X,S,green,N,X
LTx,11,9427,87,green,N,X,S,green,N,X
LTx,11,9900,168,green,N,X,S,green,N,X
LTx,11,850,1,yellow,T,X,A,yellow,T,X
LTx,11,892,1,yellow,T,X,A,yellow,T,X
LTx,11,906,1,yellow,T,X,A,yellow,T,X
LTx,11,909,135,yellow,T,X,H,yellow,T,X
LTx,11,1404,1,yellow,T,X,A,yellow,T,X
LTx,11,1422,1,yellow,T,X,A,yellow,T,X
LTx,11,1496,1,yellow,T,X,A,yellow,T,X
LTx,11,1507,1,yellow,T,X,A,yellow,T,X
LTx,11,1525,1,yellow,T,X,A,yellow,T,X
LTx,11,1545,1,yellow,T,X,A,yellow,T,X
LTx,11,1562,1,yellow,T,X,A,yellow,T,X
LTx,11,1571,54,yellow,T,X,H,yellow,T,X
LTx,11,1807,1,yellow,T,X,A,yellow,T,X
LTx,11,1889,12,yellow,T,X,H,yellow,T,X
LTx,11,2291,147,yellow,T,X,H,yellow,T,X
LTx,11,5070,8,yellow,T,X,H,yellow,T,X
LTx,11,5107,59,yellow,T,X,H,yellow,T,X
LTx,11,5297,1,yellow,T,X,A,yellow,T,X
LTx,11,5312,1,yellow,T,X,A,yellow,T,X
LTx,11,5329,1,yellow,T,X,A,yellow,T,X
LTx,11,5343,1,yellow,T,X,A,yellow,T,X
LTx,11,5388,142,yellow,T,X,H,yellow,T,X
LTx,11,7048,158,yellow,T,X,H,yellow,T,X
LTx,11,7256,32,yellow,T,X,H,yellow,T,X
LTx,11,7668,22,yellow,T,X,H,yellow,T,X
LTx,11,8423,1,yellow,T,X,A,yellow,T,X
LTx,11,8440,55,yellow,T,X,H,yellow,T,X
LTx,11,8942,141,yellow,T,X,H,yellow,T,X
LTx,11,9151,1,yellow,T,X,A,yellow,T,X
LTx,11,9172,27,yellow,T,X,H,yellow,T,X
LTx,11,9300,1,yellow,T,X,A,yellow,T,X
LTx,11,9312,31,yellow,T,X,H,yellow,T,X
LTx,11,9891,71,yellow,T,X,H,yellow,T,X
LTx,11,9967,121,yellow,T,X,R,yellow,T,X
LTx,11,10553,1,yellow,T,X,A,yellow,T,X
LTx,11,10567,78,yellow,T,X,H,yellow,T,X
LTx,11,10729,37,yellow,T,X,H,yellow,T,X
LTx,11,11206,30,yellow,T,X,H,yellow,T,X
LTx,11,11797,1,yellow,T,X,A,yellow,T,X
LTx,11,11810,1,yellow,T,X,A,yellow,T,X
LTx,11,11830,1,yellow,T,X,A,yellow,T,X
LTx,11,11837,45,yellow,T,X,H,yellow,T,X
LTx,11,11911,41,yellow,T,X,H,yellow,T,X
LTx,11,12086,141,yellow,T,X,H,yellow,T,X
LTx,11,12816,1,yellow,T,X,A,yellow,T,X
LTx,11,12831,1,yellow,T,X,A,yellow,T,X
LTx,11,12852,1,yellow,T,X,A,yellow,T,X
LTx,11,12859,180,yellow,T,X,H,yellow,T,X
LTx,11,15656,136,yellow,T,X,H,yellow,T,X
LTx,11,15908,49,yellow,T,X,H,yellow,T,X
LTx,11,17067,1,yellow,T,X,A,yellow,T,X
LTx,11,17089,1,yellow,T,X,A,yellow,T,X
LTx,11,17090,75,yellow,T,X,H,yellow,T,X
LTx,11,17197,53,yellow,T,X,H,yellow,T,X
LTx,11,18116,43,yellow,T,X,H,yellow,T,X
LTx,11,18435,88,yellow,T,X,H,yellow,T,X
LTx,11,21035,370,yellow,T,X,H,yellow,T,X
LTx,11,21490,124,yellow,T,X,H,yellow,T,X
LTx,11,21622,127,yellow,T,X,R,yellow,T,X
LTx,11,22884,173,yellow,T,X,H,yellow,T,X
LTx,11,23153,127,yellow,T,X,H,yellow,T,X
LTx,11,25505,110,yellow,T,X,H,yellow,T,X
LTx,11,26296,118,yellow,T,X,H,yellow,T,X
LTx,11,496,1,orange,R,L,A,orange,R,L
LTx,11,501,35,orange,R,L,H,orange,R,L
LTx,11,560,68,orange,R,L,H,orange,R,L
LTx,11,660,1,orange,R,L,A,orange,R,L
LTx,11,669,1,orange,R,L,A,orange,R,L
LTx,11,677,1,orange,R,L,A,orange,R,L
LTx,11,723,34,orange,R,L,H,orange,R,L
LTx,11,802,22,orange,R,L,H,orange,R,L
LTx,11,831,113,orange,R,L,H,orange,R,L
LTx,11,1011,1,orange,R,L,A,orange,R,L
LTx,11,1027,1,orange,R,L,A,orange,R,L
LTx,11,1041,1,orange,R,L,A,orange,R,L
LTx,11,1055,1,orange,R,L,A,orange,R,L
LTx,11,1068,1,orange,R,L,A,orange,R,L
LTx,11,1081,1,orange,R,L,A,orange,R,L
LTx,11,1096,1,orange,R,L,A,orange,R,L
LTx,11,1271,96,orange,R,L,H,orange,R,L
LTx,11,1402,56,orange,R,L,H,orange,R,L
LTx,11,1543,1,orange,R,L,A,orange,R,L
LTx,11,1557,1,orange,R,L,A,orange,R,L
LTx,11,1570,1,orange,R,L,A,orange,R,L
LTx,11,1582,1,orange,R,L,A,orange,R,L
LTx,11,1648,1,orange,R,L,A,orange,R,L
LTx,11,1661,1,orange,R,L,A,orange,R,L
LTx,11,1740,22,orange,R,L,H,orange,R,L
LTx,11,1817,62,orange,R,L,H,orange,R,L
LTx,11,1997,1,orange,R,L,A,orange,R,L
LTx,11,2011,1,orange,R,L,A,orange,R,L
LTx,11,2024,1,orange,R,L,A,orange,R,L
LTx,11,2039,1,orange,R,L,A,orange,R,L
LTx,11,2051,1,orange,R,L,A,orange,R,L
LTx,11,2069,1,orange,R,L,A,orange,R,L
LTx,11,2555,90,orange,R,L,H,orange,R,L
LTx,11,2697,151,orange,R,L,H,orange,R,L
LTx,11,2923,1,orange,R,L,A,orange,R,L
LTx,11,3967,1,orange,R,L,A,orange,R,L
LTx,11,3989,441,orange,R,L,H,orange,R,L
LTx,11,4512,10,orange,R,L,H,orange,R,L
LTx,11,4567,60,orange,R,L,H,orange,R,L
LTx,11,4766,126,orange,R,L,H,orange,R,L
LTx,11,4982,55,orange,R,L,H,orange,R,L
LTx,11,25099,101,orange,R,L,H,orange,R,L
LTx,11,25255,154,orange,R,L,H,orange,R,L
LTx,11,25411,105,orange,R,L,R,orange,R,L
LTx,11,25565,294,orange,R,L,H,orange,R,L
LTx,11,26432,1,orange,R,L,A,orange,R,L
LTx,11,26465,1,orange,R,L,A,orange,R,L
LTx,11,177,1,red,N,X,A,red,N,X
LTx,11,301,1,red,N,X,A,red,N,X
LTx,11,323,1,red,N,X,A,red,N,X
LTx,11,333,1,red,N,X,A,red,N,X
LTx,11,344,1,red,N,X,A,red,N,X
LTx,11,353,1,red,N,X,A,red,N,X
LTx,11,438,1,red,N,X,A,red,N,X
LTx,11,445,1,red,N,X,A,red,N,X
LTx,11,743,1,red,N,X,A,red,N,X
LTx,11,757,1,red,N,X,A,red,N,X
LTx,11,770,1,red,N,X,A,red,N,X
LTx,11,775,28,red,N,X,H,red,N,X
LTx,11,932,4,red,N,X,H,red,N,X
LTx,11,947,44,red,N,X,H,red,N,X
LTx,11,1091,1,red,N,X,A,red,N,X
LTx,11,1104,1,red,N,X,A,red,N,X
LTx,11,1162,1,red,N,X,A,red,N,X
LTx,11,1173,1,red,N,X,A,red,N,X
LTx,11,1197,1,red,N,X,A,red,N,X
LTx,11,1204,1,red,N,X,A,red,N,X
LTx,11,1265,1,red,N,X,A,red,N,X
LTx,11,1276,1,red,N,X,A,red,N,X
LTx,11,1370,1,red,N,X,A,red,N,X
LTx,11,1380,1,red,N,X,A,red,N,X
LTx,11,1391,1,red,N,X,A,red,N,X
LTx,11,1422,1,red,N,X,A,red,N,X
LTx,11,1434,1,red,N,X,A,red,N,X
LTx,11,1465,1,red,N,X,A,red,N,X
LTx,11,1527,1,red,N,X,A,red,N,X
LTx,11,1539,1,red,N,X,A,red,N,X
LTx,11,1553,1,red,N,X,A,red,N,X
LTx,11,1565,1,red,N,X,A,red,N,X
LTx,11,1607,1,red,N,X,A,red,N,X
LTx,11,1619,1,red,N,X,A,red,N,X
LTx,11,1634,1,red,N,X,A,red,N,X
LTx,11,1648,1,red,N,X,A,red,N,X
LTx,11,1660,1,red,N,X,A,red,N,X
LTx,11,1860,1,red,N,X,A,red,N,X
LTx,11,1874,1,red,N,X,A,red,N,X
LTx,11,1888,1,red,N,X,A,red,N,X
LTx,11,1937,1,red,N,X,A,red,N,X
LTx,11,1948,1,red,N,X,A,red,N,X
LTx,11,1958,1,red,N,X,A,red,N,X
LTx,11,1963,5,red,N,X,H,red,N,X
LTx,11,2034,82,red,N,X,H,red,N,X
LTx,11,2150,164,red,N,X,H,red,N,X
LTx,11,2527,1,red,N,X,A,red,N,X
LTx,11,2535,1,red,N,X,A,red,N,X
LTx,11,2540,10,red,N,X,H,red,N,X
LTx,11,2640,1,red,N,X,A,red,N,X
LTx,11,2674,195,red,N,X,H,red,N,X
LTx,11,2947,38,red,N,X,H,red,N,X
LTx,11,3057,47,red,N,X,H,red,N,X
LTx,11,3347,1,red,N,X,A,red,N,X
LTx,11,3364,1,red,N,X,A,red,N,X
LTx,11,3379,1,red,N,X,A,red,N,X
LTx,11,3392,1,red,N,X,A,red,N,X
LTx,11,3406,1,red,N,X,A,red,N,X
LTx,11,3421,1,red,N,X,A,red,N,X
LTx,11,3438,1,red,N,X,A,red,N,X
LTx,11,3452,1,red,N,X,A,red,N,X
LTx,11,3465,1,red,N,X,A,red,N,X
LTx,11,3479,1,red,N,X,A,red,N,X
LTx,11,3494,1,red,N,X,A,red,N,X
LTx,11,3507,1,red,N,X,A,red,N,X
LTx,11,3520,1,red,N,X,A,red,N,X
LTx,11,3534,1,red,N,X,A,red,N,X
LTx,11,3549,1,red,N,X,A,red,N,X
LTx,11,3563,1,red,N,X,A,red,N,X
LTx,11,3581,1,red,N,X,A,red,N,X
LTx,11,3596,1,red,N,X,A,red,N,X
LTx,11,3615,1,red,N,X,A,red,N,X
LTx,11,3620,202,red,N,X,H,red,N,X
LTx,11,3835,84,red,N,X,H,red,N,X
LTx,11,3940,36,red,N,X,H,red,N,X
LTx,11,3998,1,red,N,X,A,red,N,X
LTx,11,4014,1,red,N,X,A,red,N,X
LTx,11,4031,1,red,N,X,A,red,N,X
LTx,11,4055,1,red,N,X,A,red,N,X
LTx,11,4077,1,red,N,X,A,red,N,X
LTx,11,4089,1,red,N,X,A,red,N,X
LTx,11,4099,1,red,N,X,A,red,N,X
LTx,11,4346,1,red,N,X,A,red,N,X
LTx,11,4362,1,red,N,X,A,red,N,X
LTx,11,4377,1,red,N,X,A,red,N,X
LTx,11,4391,1,red,N,X,A,red,N,X
LTx,11,4406,1,red,N,X,A,red,N,X
LTx,11,4421,1,red,N,X,A,red,N,X
LTx,11,4437,1,red,N,X,A,red,N,X
LTx,11,4670,1,red,N,X,A,red,N,X
LTx,11,4684,1,red,N,X,A,red,N,X
LTx,11,4698,1,red,N,X,A,red,N,X
LTx,11,4712,1,red,N,X,A,red,N,X
LTx,11,4728,1,red,N,X,A,red,N,X
LTx,11,4744,1,red,N,X,A,red,N,X
LTx,11,4841,1,red,N,X,A,red,N,X
LTx,11,4854,1,red,N,X,A,red,N,X
LTx,11,4867,1,red,N,X,A,red,N,X
LTx,11,4907,89,red,N,X,H,red,N,X
LTx,11,6025,61,red,N,X,H,red,N,X
LTx,11,6772,155,red,N,X,H,red,N,X
LTx,11,7328,189,red,N,X,H,red,N,X
LTx,11,7559,153,red,N,X,H,red,N,X
LTx,11,8345,86,red,N,X,H,red,N,X
LTx,11,10073,133,red,N,X,H,red,N,X
LTx,11,11267,1,red,N,X,A,red,N,X
LTx,11,11274,114,red,N,X,H,red,N,X
LTx,11,12292,1,red,N,X,A,red,N,X
LTx,11,12302,1,red,N,X,A,red,N,X
LTx,11,12321,1,red,N,X,A,red,N,X
LTx,11,12328,1,red,N,X,A,red,N,X
LTx,11,12334,97,red,N,X,H,red,N,X
LTx,11,12483,1,red,N,X,A,red,N,X
LTx,11,12495,1,red,N,X,A,red,N,X
LTx,11,12502,32,red,N,X,H,red,N,X
LTx,11,12769,1,red,N,X,A,red,N,X
LTx,11,12781,1,red,N,X,A,red,N,X
LTx,11,12794,1,red,N,X,A,red,N,X
LTx,11,12807,1,red,N,X,A,red,N,X
LTx,11,12817,1,red,N,X,A,red,N,X
LTx,11,12989,212,red,N,X,H,red,N,X
LTx,11,13205,215,red,N,X,R,red,N,X
LTx,11,13502,117,red,N,X,H,red,N,X
LTx,11,13697,181,red,N,X,H,red,N,X
LTx,11,13964,91,red,N,X,H,red,N,X
LTx,11,14079,23,red,N,X,H,red,N,X
LTx,11,14375,1,red,N,X,A,red,N,X
LTx,11,14384,1,red,N,X,A,red,N,X
LTx,11,14394,1,red,N,X,A,red,N,X
LTx,11,14407,1,red,N,X,A,red,N,X
LTx,11,14447,1,red,N,X,A,red,N,X
LTx,11,14504,1,red,N,X,A,red,N,X
LTx,11,14520,1,red,N,X,A,red,N,X
LTx,11,14525,151,red,N,X,H,red,N,X
LTx,11,14758,1,red,N,X,A,red,N,X
LTx,11,14771,18,red,N,X,H,red,N,X
LTx,11,14798,1,red,N,X,A,red,N,X
LTx,11,14820,1,red,N,X,A,red,N,X
LTx,11,14842,1,red,N,X,A,red,N,X
LTx,11,15008,36,red,N,X,H,red,N,X
LTx,11,15255,1,red,N,X,A,red,N,X
LTx,11,15267,1,red,N,X,A,red,N,X
LTx,11,15282,1,red,N,X,A,red,N,X
LTx,11,15295,1,red,N,X,A,red,N,X
LTx,11,15307,245,red,N,X,H,red,N,X
LTx,11,15602,1,red,N,X,A,red,N,X
LTx,11,15616,1,red,N,X,A,red,N,X
LTx,11,15628,1,red,N,X,A,red,N,X
LTx,11,15645,1,red,N,X,A,red,N,X
LTx,11,15901,1,red,N,X,A,red,N,X
LTx,11,15914,1,red,N,X,A,red,N,X
LTx,11,15926,1,red,N,X,A,red,N,X
LTx,11,15941,1,red,N,X,A,red,N,X
LTx,11,15986,1,red,N,X,A,red,N,X
LTx,11,16000,1,red,N,X,A,red,N,X
LTx,11,16012,1,red,N,X,A,red,N,X
LTx,11,16114,1,red,N,X,A,red,N,X
LTx,11,16124,1,red,N,X,A,red,N,X
LTx,11,16137,1,red,N,X,A,red,N,X
LTx,11,16147,1,red,N,X,A,red,N,X
LTx,11,16339,1,red,N,X,A,red,N,X
LTx,11,16353,1,red,N,X,A,red,N,X
LTx,11,16362,1,red,N,X,A,red,N,X
LTx,11,16375,1,red,N,X,A,red,N,X
LTx,11,16387,1,red,N,X,A,red,N,X
LTx,11,16399,1,red,N,X,A,red,N,X
LTx,11,16412,1,red,N,X,A,red,N,X
LTx,11,16460,1,red,N,X,A,red,N,X
LTx,11,16472,1,red,N,X,A,red,N,X
LTx,11,16482,1,red,N,X,A,red,N,X
LTx,11,16507,1,red,N,X,A,red,N,X
LTx,11,16522,1,red,N,X,A,red,N,X
LTx,11,16537,1,red,N,X,A,red,N,X
LTx,11,16553,1,red,N,X,A,red,N,X
LTx,11,16689,1,red,N,X,A,red,N,X
LTx,11,16702,1,red,N,X,A,red,N,X
LTx,11,16716,1,red,N,X,A,red,N,X
LTx,11,16730,1,red,N,X,A,red,N,X
LTx,11,16744,1,red,N,X,A,red,N,X
LTx,11,16758,1,red,N,X,A,red,N,X
LTx,11,16773,1,red,N,X,A,red,N,X
LTx,11,16787,1,red,N,X,A,red,N,X
LTx,11,16799,1,red,N,X,A,red,N,X
LTx,11,16919,1,red,N,X,A,red,N,X
LTx,11,16932,1,red,N,X,A,red,N,X
LTx,11,16946,1,red,N,X,A,red,N,X
LTx,11,16959,1,red,N,X,A,red,N,X
LTx,11,16973,1,red,N,X,A,red,N,X
LTx,11,16988,1,red,N,X,A,red,N,X
LTx,11,17001,1,red,N,X,A,red,N,X
LTx,11,17015,1,red,N,X,A,red,N,X
LTx,11,17029,1,red,N,X,A,red,N,X
LTx,11,17042,1,red,N,X,A,red,N,X
LTx,11,17055,1,red,N,X,A,red,N,X
LTx,11,17069,1,red,N,X,A,red,N,X
LTx,11,17216,1,red,N,X,A,red,N,X
LTx,11,17230,1,red,N,X,A,red,N,X
LTx,11,17388,1,red,N,X,A,red,N,X
LTx,11,17405,1,red,N,X,A,red,N,X
LTx,11,17416,1,red,N,X,A,red,N,X
LTx,11,17505,1,red,N,X,A,red,N,X
LTx,11,17525,1,red,N,X,A,red,N,X
LTx,11,17543,1,red,N,X,A,red,N,X
LTx,11,17565,1,red,N,X,A,red,N,X
LTx,11,17581,1,red,N,X,A,red,N,X
LTx,11,17608,1,red,N,X,A,red,N,X
LTx,11,17625,1,red,N,X,A,red,N,X
LTx,11,17645,1,red,N,X,A,red,N,X
LTx,11,17660,1,red,N,X,A,red,N,X
LTx,11,17676,1,red,N,X,A,red,N,X
LTx,11,17691,1,red,N,X,A,red,N,X
LTx,11,17721,430,red,N,X,H,red,N,X
LTx,11,18216,1,red,N,X,A,red,N,X
LTx,11,18224,1,red,N,X,A,red,N,X
LTx,11,18233,22,red,N,X,H,red,N,X
LTx,11,18269,1,red,N,X,A,red,N,X
LTx,11,18303,1,red,N,X,A,red,N,X
LTx,11,18318,280,red,N,X,H,red,N,X
LTx,11,19027,1,red,N,X,A,red,N,X
LTx,11,19035,1,red,N,X,A,red,N,X
LTx,11,19046,1,red,N,X,A,red,N,X
LTx,11,19146,1,red,N,X,A,red,N,X
LTx,11,19155,1,red,N,X,A,red,N,X
LTx,11,19170,1,red,N,X,A,red,N,X
LTx,11,19248,165,red,N,X,H,red,N,X
LTx,11,20549,142,red,N,X,H,red,N,X
LTx,11,20847,1,red,N,X,A,red,N,X
LTx,11,20861,1,red,N,X,A,red,N,X
LTx,11,20875,1,red,N,X,A,red,N,X
LTx,11,20885,67,red,N,X,H,red,N,X
LTx,11,20969,1,red,N,X,A,red,N,X
LTx,11,20973,55,red,N,X,H,red,N,X
LTx,11,21064,1,red,N,X,A,red,N,X
LTx,11,21071,1,red,N,X,A,red,N,X
LTx,11,21100,1,red,N,X,A,red,N,X
LTx,11,21109,179,red,N,X,H,red,N,X
LTx,11,21306,71,red,N,X,H,red,N,X
LTx,11,21433,1,red,N,X,A,red,N,X
LTx,11,21449,1,red,N,X,A,red,N,X
LTx,11,21464,1,red,N,X,A,red,N,X
LTx,11,21471,66,red,N,X,H,red,N,X
LTx,11,21720,1,red,N,X,A,red,N,X
LTx,11,21737,1,red,N,X,A,red,N,X
LTx,11,21752,1,red,N,X,A,red,N,X
LTx,11,21767,1,red,N,X,A,red,N,X
LTx,11,21782,1,red,N,X,A,red,N,X
LTx,11,21798,1,red,N,X,A,red,N,X
LTx,11,21833,1,red,N,X,A,red,N,X
LTx,11,21847,1,red,N,X,A,red,N,X
LTx,11,21861,1,red,N,X,A,red,N,X
LTx,11,21915,1,red,N,X,A,red,N,X
LTx,11,21946,1,red,N,X,A,red,N,X
LTx,11,22033,1,red,N,X,A,red,N,X
LTx,11,22048,1,red,N,X,A,red,N,X
LTx,11,22063,1,red,N,X,A,red,N,X
LTx,11,22121,1,red,N,X,A,red,N,X
LTx,11,22135,1,red,N,X,A,red,N,X
LTx,11,22174,1,red,N,X,A,red,N,X
LTx,11,22188,1,red,N,X,A,red,N,X
LTx,11,22201,1,red,N,X,A,red,N,X
LTx,11,22215,1,red,N,X,A,red,N,X
LTx,11,22232,1,red,N,X,A,red,N,X
LTx,11,22243,1,red,N,X,A,red,N,X
LTx,11,22353,1,red,N,X,A,red,N,X
LTx,11,22366,1,red,N,X,A,red,N,X
LTx,11,22380,1,red,N,X,A,red,N,X
LTx,11,22393,1,red,N,X,A,red,N,X
LTx,11,22410,1,red,N,X,A,red,N,X
LTx,11,22439,1,red,N,X,A,red,N,X
LTx,11,22451,1,red,N,X,A,red,N,X
LTx,11,22464,1,red,N,X,A,red,N,X
LTx,11,22550,1,red,N,X,A,red,N,X
LTx,11,22561,1,red,N,X,A,red,N,X
LTx,11,22573,1,red,N,X,A,red,N,X
LTx,11,24508,1,red,N,X,A,red,N,X
LTx,11,24527,1,red,N,X,A,red,N,X
LTx,11,24536,1,red,N,X,A,red,N,X
LTx,11,24544,37,red,N,X,H,red,N,X
LTx,11,24651,1,red,N,X,A,red,N,X
LTx,11,24665,1,red,N,X,A,red,N,X
LTx,11,24672,109,red,N,X,H,red,N,X
LTx,11,24896,1,red,N,X,A,red,N,X
LTx,11,24918,52,red,N,X,H,red,N,X
LTx,11,25468,1,red,N,X,A,red,N,X
LTx,11,25485,1,red,N,X,A,red,N,X
LTx,11,25526,1,red,N,X,A,red,N,X
LTx,11,25538,1,red,N,X,A,red,N,X
LTx,11,25549,1,red,N,X,A,red,N,X
LTx,11,25562,1,red,N,X,A,red,N,X
LTx,11,25574,1,red,N,X,A,red,N,X
LTx,11,25586,162,red,N,X,H,red,N,X
LTx,11,25771,1,red,N,X,A,red,N,X
LTx,11,25775,24,red,N,X,H,red,N,X
LTx,11,25808,65,red,N,X,H,red,N,X
LTx,11,25887,30,red,N,X,H,red,N,X
LTx,11,25936,1,red,N,X,A,red,N,X
LTx,11,25946,1,red,N,X,A,red,N,X
LTx,11,25962,1,red,N,X,A,red,N,X
LTx,11,26053,1,red,N,X,A,red,N,X
LTx,11,26061,1,red,N,X,A,red,N,X
LTx,11,26068,12,red,N,X,H,red,N,X
LTx,11,26123,1,red,N,X,A,red,N,X
LTx,11,26140,1,red,N,X,A,red,N,X
LTx,11,26153,1,red,N,X,A,red,N,X
LTx,11,26179,1,red,N,X,A,red,N,X
LTx,11,26181,79,red,N,X,H,red,N,X
LTx,11,26291,1,red,N,X,A,red,N,X
LTx,11,26296,88,red,N,X,H,red,N,X
LTx,11,26587,1,red,N,X,A,red,N,X
LTx,11,26599,1,red,N,X,A,red,N,X
LTx,11,26612,1,red,N,X,A,red,N,X
LTx,11,26626,1,red,N,X,A,red,N,X
LTx,11,26639,1,red,N,X,A,red,N,X
LTx,11,26640,146,red,N,X,H,red,N,X
LTx,11,26849,1,red,N,X,A,red,N,X
LTx,11,26863,1,red,N,X,A,red,N,X
LTx,11,26874,1,red,N,X,A,red,N,X
LTx,11,26885,1,red,N,X,A,red,N,X
LTx,11,26897,1,red,N,X,A,red,N,X
LTx,11,26908,1,red,N,X,A,red,N,X
LTx,11,26918,1,red,N,X,A,red,N,X
LTx,11,26936,1,red,N,X,A,red,N,X
LTx,11,26947,1,red,N,X,A,red,N,X
LTx,11,26958,1,red,N,X,A,red,N,X
LTx,11,26970,1,red,N,X,A,red,N,X
LTx,11,26979,1,red,N,X,A,red,N,X
LTx,11,27027,1,red,N,X,A,red,N,X
LTx,11,27056,1,red,N,X,A,red,N,X
LTx,11,27062,116,red,N,X,H,red,N,X
LTx,11,27263,237,red,N,X,H,red,N,X
LTx,11,27866,1,red,N,X,A,red,N,X
LTx,11,27892,1,red,N,X,A,red,N,X
LTx,11,27909,1,red,N,X,A,red,N,X
LTx,11,27929,1,red,N,X,A,red,N,X
LTx,11,27940,1,red,N,X,A,red,N,X
LTx,11,459,1,purple,N,X,A,purple,N,X
LTx,11,471,1,purple,N,X,A,purple,N,X
LTx,11,485,1,purple,N,X,A,purple,N,X
LTx,11,513,1,purple,N,X,A,purple,N,X
LTx,11,526,1,purple,N,X,A,purple,N,X
LTx,11,539,1,purple,N,X,A,purple,N,X
LTx,11,552,1,purple,N,X,A,purple,N,X
LTx,11,596,1,purple,N,X,A,purple,N,X
LTx,11,607,1,purple,N,X,A,purple,N,X
LTx,11,619,1,purple,N,X,A,purple,N,X
LTx,11,631,1,purple,N,X,A,purple,N,X
LTx,11,796,1,purple,N,X,A,purple,N,X
LTx,11,810,1,purple,N,X,A,purple,N,X
LTx,11,824,1,purple,N,X,A,purple,N,X
LTx,11,836,1,purple,N,X,A,purple,N,X
LTx,11,849,1,purple,N,X,A,purple,N,X
LTx,11,857,1,purple,N,X,A,purple,N,X
LTx,11,884,1,purple,N,X,A,purple,N,X
LTx,11,990,1,purple,N,X,A,purple,N,X
LTx,11,1002,1,purple,N,X,A,purple,N,X
LTx,11,1021,1,purple,N,X,A,purple,N,X
LTx,11,1034,1,purple,N,X,A,purple,N,X
LTx,11,1047,1,purple,N,X,A,purple,N,X
LTx,11,1059,1,purple,N,X,A,purple,N,X
LTx,11,1190,1,purple,N,X,A,purple,N,X
LTx,11,1206,1,purple,N,X,A,purple,N,X
LTx,11,1222,1,purple,N,X,A,purple,N,X
LTx,11,1237,1,purple,N,X,A,purple,N,X
LTx,11,1254,1,purple,N,X,A,purple,N,X
LTx,11,1434,1,purple,N,X,A,purple,N,X
LTx,11,1447,1,purple,N,X,A,purple,N,X
LTx,11,1505,1,purple,N,X,A,purple,N,X
LTx,11,1518,1,purple,N,X,A,purple,N,X
LTx,11,1534,1,purple,N,X,A,purple,N,X
LTx,11,1548,1,purple,N,X,A,purple,N,X
LTx,11,1707,1,purple,N,X,A,purple,N,X
LTx,11,1715,1,purple,N,X,A,purple,N,X
LTx,11,1728,1,purple,N,X,A,purple,N,X
LTx,11,1736,1,purple,N,X,A,purple,N,X
LTx,11,1970,1,purple,N,X,A,purple,N,X
LTx,11,1984,1,purple,N,X,A,purple,N,X
LTx,11,2000,1,purple,N,X,A,purple,N,X
LTx,11,2014,1,purple,N,X,A,purple,N,X
LTx,11,2027,1,purple,N,X,A,purple,N,X
LTx,11,2431,1,purple,N,X,A,purple,N,X
LTx,11,2445,1,purple,N,X,A,purple,N,X
LTx,11,2459,1,purple,N,X,A,purple,N,X
LTx,11,2513,1,purple,N,X,A,purple,N,X
LTx,11,2526,1,purple,N,X,A,purple,N,X
LTx,11,2543,1,purple,N,X,A,purple,N,X
LTx,11,2558,1,purple,N,X,A,purple,N,X
LTx,11,2572,1,purple,N,X,A,purple,N,X
LTx,11,2641,1,purple,N,X,A,purple,N,X
LTx,11,2654,1,purple,N,X,A,purple,N,X
LTx,11,2666,1,purple,N,X,A,purple,N,X
LTx,11,2681,1,purple,N,X,A,purple,N,X
LTx,11,3031,1,purple,N,X,A,purple,N,X
LTx,11,3046,1,purple,N,X,A,purple,N,X
LTx,11,3052,1,purple,N,X,A,purple,N,X
LTx,11,3064,1,purple,N,X,A,purple,N,X
LTx,11,3072,1,purple,N,X,A,purple,N,X
LTx,11,3076,134,purple,N,X,H,purple,N,X
LTx,11,5336,73,purple,N,X,H,purple,N,X
LTx,11,6417,1,purple,N,X,A,purple,N,X
LTx,11,6435,44,purple,N,X,H,purple,N,X
LTx,11,8400,1,purple,N,X,A,purple,N,X
LTx,11,8413,1,purple,N,X,A,purple,N,X
LTx,11,8424,1,purple,N,X,A,purple,N,X
LTx,11,8433,113,purple,N,X,H,purple,N,X
LTx,11,11282,1,purple,N,X,A,purple,N,X
LTx,11,11302,258,purple,N,X,H,purple,N,X
LTx,11,11598,272,purple,N,X,H,purple,N,X
LTx,11,18053,1,purple,N,X,A,purple,N,X
LTx,11,18066,1,purple,N,X,A,purple,N,X
LTx,11,18082,1,purple,N,X,A,purple,N,X
LTx,11,18089,276,purple,N,X,H,purple,N,X
LTx,11,19121,1,purple,N,X,A,purple,N,X
LTx,11,19134,39,purple,N,X,H,purple,N,X
LTx,11,20370,82,purple,N,X,H,purple,N,X
LTx,11,20727,132,purple,N,X,H,purple,N,X
LTx,11,21534,45,purple,N,X,H,purple,N,X
LTx,11,22576,133,purple,N,X,H,purple,N,X
LTx,11,24610,390,purple,N,X,H,purple,N,X
LTx,11,25617,97,purple,N,X,H,purple,N,X
LTx,11,26312,84,purple,N,X,H,purple,N,X
LTx,11,26801,38,purple,N,X,H,purple,N,X
LTx,11,26844,222,purple,N,X,R,purple,N,X
LTx,11,317,1,blue,N,X,A,blue,N,X
LTx,11,340,1,blue,N,X,A,blue,N,X
LTx,11,394,1,blue,N,X,A,blue,N,X
LTx,11,404,1,blue,N,X,A,blue,N,X
LTx,11,415,1,blue,N,X,A,blue,N,X
LTx,11,424,1,blue,N,X,A,blue,N,X
LTx,11,971,1,blue,N,X,A,blue,N,X
LTx,11,2020,1,blue,N,X,A,blue,N,X
LTx,11,2038,1,blue,N,X,A,blue,N,X
LTx,11,2046,1,blue,N,X,A,blue,N,X
LTx,11,2400,1,blue,N,X,A,blue,N,X
LTx,11,2413,1,blue,N,X,A,blue,N,X
LTx,11,2551,1,blue,N,X,A,blue,N,X
LTx,11,2565,1,blue,N,X,A,blue,N,X
LTx,11,2586,1,blue,N,X,A,blue,N,X
LTx,11,2600,1,blue,N,X,A,blue,N,X
LTx,11,2614,1,blue,N,X,A,blue,N,X
LTx,11,2697,1,blue,N,X,A,blue,N,X
LTx,11,2706,1,blue,N,X,A,blue,N,X
LTx,11,2721,1,blue,N,X,A,blue,N,X
LTx,11,2729,1,blue,N,X,A,blue,N,X
LTx,11,2744,93,blue,N,X,R,blue,N,X
LTx,11,3102,1,blue,N,X,A,blue,N,X
LTx,11,3115,1,blue,N,X,A,blue,N,X
LTx,11,3127,1,blue,N,X,A,blue,N,X
LTx,11,3141,1,blue,N,X,A,blue,N,X
LTx,11,5049,1,blue,N,X,A,blue,N,X
LTx,11,5065,1,blue,N,X,A,blue,N,X
LTx,11,5077,1,blue,N,X,A,blue,N,X
LTx,11,5084,38,blue,N,X,H,blue,N,X
LTx,11,5159,48,blue,N,X,H,blue,N,X
LTx,11,11849,1,blue,N,X,A,blue,N,X
LTx,11,11870,1,blue,N,X,A,blue,N,X
LTx,11,11890,308,blue,N,X,H,blue,N,X
LTx,11,12203,93,blue,N,X,R,blue,N,X
LTx,11,13863,110,blue,N,X,H,blue,N,X
LTx,11,26054,1,blue,N,X,A,blue,N,X
LTx,11,26067,1,blue,N,X,A,blue,N,X
LTx,11,26081,1,blue,N,X,A,blue,N,X
LTx,11,26090,178,blue,N,X,H,blue,N,X
LTx,11,0,1,green,N,X,A,green,N,X
LTx,11,8,1,green,N,X,A,green,N,X
LTx,11,80,1,green,N,X,A,green,N,X
LTx,11,222,1,green,N,X,A,green,N,X
LTx,11,233,1,green,N,X,A,green,N,X
LTx,11,235,12,green,N,X,H,green,N,X
LTx,11,355,1,green,N,X,A,green,N,X
LTx,11,370,1,green,N,X,A,green,N,X
LTx,11,385,1,green,N,X,A,green,N,X
LTx,11,397,1,green,N,X,A,green,N,X
LTx,11,413,1,green,N,X,A,green,N,X
LTx,11,427,1,green,N,X,A,green,N,X
LTx,11,545,1,green,N,X,A,green,N,X
LTx,11,557,1,green,N,X,A,green,N,X
LTx,11,571,1,green,N,X,A,green,N,X
LTx,11,785,1,green,N,X,A,green,N,X
LTx,11,798,1,green,N,X,A,green,N,X
LTx,11,812,1,green,N,X,A,green,N,X
LTx,11,824,1,green,N,X,A,green,N,X
LTx,11,836,1,green,N,X,A,green,N,X
LTx,11,904,1,green,N,X,A,green,N,X
LTx,11,916,1,green,N,X,A,green,N,X
LTx,11,929,1,green,N,X,A,green,N,X
LTx,11,940,1,green,N,X,A,green,N,X
LTx,11,1051,1,green,N,X,A,green,N,X
LTx,11,1061,1,green,N,X,A,green,N,X
LTx,11,1073,1,green,N,X,A,green,N,X
LTx,11,1084,1,green,N,X,A,green,N,X
LTx,11,1116,1,green,N,X,A,green,N,X
LTx,11,1128,1,green,N,X,A,green,N,X
LTx,11,1261,1,green,N,X,A,green,N,X
LTx,11,1272,1,green,N,X,A,green,N,X
LTx,11,1285,1,green,N,X,A,green,N,X
LTx,11,1297,1,green,N,X,A,green,N,X
LTx,11,1459,1,green,N,X,A,green,N,X
LTx,11,1471,1,green,N,X,A,green,N,X
LTx,11,1484,1,green,N,X,A,green,N,X
LTx,11,1494,1,green,N,X,A,green,N,X
LTx,11,1505,1,green,N,X,A,green,N,X
LTx,11,1517,1,green,N,X,A,green,N,X
LTx,11,1529,1,green,N,X,A,green,N,X
LTx,11,1541,1,green,N,X,A,green,N,X
LTx,11,1553,1,green,N,X,A,green,N,X
LTx,11,1566,1,green,N,X,A,green,N,X
LTx,11,1578,1,green,N,X,A,green,N,X
LTx,11,1660,1,green,N,X,A,green,N,X
LTx,11,1677,1,green,N,X,A,green,N,X
LTx,11,1925,1,green,N,X,A,green,N,X
LTx,11,1939,1,green,N,X,A,green,N,X
LTx,11,1951,1,green,N,X,A,green,N,X
LTx,11,1959,1,green,N,X,A,green,N,X
LTx,11,1987,1,green,N,X,A,green,N,X
LTx,11,2001,1,green,N,X,A,green,N,X
LTx,11,2034,1,green,N,X,A,green,N,X
LTx,11,2046,1,green,N,X,A,green,N,X
LTx,11,2057,1,green,N,X,A,green,N,X
LTx,11,2070,1,green,N,X,A,green,N,X
LTx,11,2083,1,green,N,X,A,green,N,X
LTx,11,2111,34,green,N,X,H,green,N,X
LTx,11,2205,1,green,N,X,A,green,N,X
LTx,11,2217,1,green,N,X,A,green,N,X
LTx,11,2230,1,green,N,X,A,green,N,X
LTx,11,2331,1,green,N,X,A,green,N,X
LTx,11,2342,1,green,N,X,A,green,N,X
LTx,11,2389,13,green,N,X,H,green,N,X
LTx,11,2496,1,green,N,X,A,green,N,X
LTx,11,2511,1,green,N,X,A,green,N,X
LTx,11,2519,1,green,N,X,A,green,N,X
LTx,11,2526,1,green,N,X,A,green,N,X
LTx,11,2533,63,green,N,X,H,green,N,X
LTx,11,2710,1,green,N,X,A,green,N,X
LTx,11,2726,1,green,N,X,A,green,N,X
LTx,11,2760,7,green,N,X,H,green,N,X
LTx,11,2777,36,green,N,X,H,green,N,X
LTx,11,2849,235,green,N,X,H,green,N,X
LTx,11,3089,151,green,N,X,R,green,N,X
LTx,11,3305,1,green,N,X,A,green,N,X
LTx,11,3320,1,green,N,X,A,green,N,X
LTx,11,3334,1,green,N,X,A,green,N,X
LTx,11,3347,1,green,N,X,A,green,N,X
LTx,11,3357,1,green,N,X,A,green,N,X
LTx,11,3364,1,green,N,X,A,green,N,X
LTx,11,3373,1,green,N,X,A,green,N,X
LTx,11,9054,1,green,N,X,A,green,N,X
LTx,11,9069,1,green,N,X,A,green,N,X
LTx,11,9084,1,green,N,X,A,green,N,X
LTx,11,9099,1,green,N,X,A,green,N,X
LTx,11,9116,1,green,N,X,A,green,N,X
LTx,11,9131,1,green,N,X,A,green,N,X
LTx,11,9149,1,green,N,X,A,green,N,X
LTx,11,9166,1,green,N,X,A,green,N,X
LTx,11,9179,1,green,N,X,A,green,N,X
LTx,11,9182,195,green,N,X,H,green,N,X
LTx,11,9514,274,green,N,X,H,green,N,X
LTx,11,10068,157,green,N,X,H,green,N,X
LTx,11,19841,154,green,N,X,H,green,N,X
LTx,11,20208,13,green,N,X,H,green,N,X
LTx,11,27645,166,green,N,X,H,green,N,X
LTx,11,2700,4,purple,N,X,T,green,N,X
