TxTx,12,8660,15,yellow,N,X,S,yellow,N,X
TxTx,12,9208,23,yellow,N,X,S,yellow,N,X
TxTx,12,12746,21,yellow,N,X,S,yellow,N,X
TxTx,12,14671,16,yellow,N,X,S,yellow,N,X
TxTx,12,18220,20,yellow,N,X,S,yellow,N,X
TxTx,12,22776,11,yellow,N,X,S,yellow,N,X
TxTx,12,22830,34,yellow,N,X,S,yellow,N,X
TxTx,12,26967,14,orange,N,X,S,orange,N,X
TxTx,12,981,332,red,N,X,G,orange,N,X
TxTx,12,2205,260,red,N,X,G,yellow,N,X
TxTx,12,2622,22,red,N,X,S,red,N,X
TxTx,12,2658,132,red,N,X,G,green,T,X
TxTx,12,2829,333,red,N,X,G,orange,N,X
TxTx,12,3276,77,red,N,X,G,orange,N,X
TxTx,12,3538,1099,red,N,X,G,orange,N,X
TxTx,12,4646,11,red,N,X,S,red,N,X
TxTx,12,4859,13,red,N,X,S,red,N,X
TxTx,12,4941,13,red,N,X,S,red,N,X
TxTx,12,5284,25,red,N,X,S,red,N,X
TxTx,12,5692,237,red,N,X,G,orange,N,X
TxTx,12,5975,78,red,N,X,G,orange,N,X
TxTx,12,6231,13,red,N,X,S,red,N,X
TxTx,12,6255,38,red,N,X,S,red,N,X
TxTx,12,6305,10,red,N,X,S,red,N,X
TxTx,12,7397,18,red,N,X,S,red,N,X
TxTx,12,7512,93,red,N,X,G,yellow,N,X
TxTx,12,8396,423,red,N,X,G,blue,N,X
TxTx,12,9541,11,red,N,X,S,red,N,X
TxTx,12,9961,492,red,N,X,G,orange,N,X
TxTx,12,11798,12,red,N,X,S,red,N,X
TxTx,12,11862,11,red,N,X,G,green,T,X
TxTx,12,12326,33,red,N,X,S,red,N,X
TxTx,12,12427,71,red,N,X,S,red,N,X
TxTx,12,12970,102,red,N,X,G,green,T,X
TxTx,12,13685,5443,red,N,X,G,orange,N,X
TxTx,12,19379,314,red,N,X,G,orange,N,X
TxTx,12,19833,61,red,N,X,G,orange,N,X
TxTx,12,19960,20,red,N,X,S,red,N,X
TxTx,12,20168,19,red,N,X,S,red,N,X
TxTx,12,20341,30,red,N,X,S,red,N,X
TxTx,12,20387,854,red,N,X,G,orange,N,X
TxTx,12,21535,16,red,N,X,S,red,N,X
TxTx,12,21657,204,red,N,X,G,orange,N,X
TxTx,12,21949,3392,red,N,X,G,orange,N,X
TxTx,12,25528,508,red,N,X,G,orange,N,X
TxTx,12,26252,38,red,N,X,G,orange,N,X
TxTx,12,26330,25,red,N,X,S,red,N,X
TxTx,12,26417,72,red,N,X,G,green,T,X
TxTx,12,1686,116,purple,T,X,G,yellow,N,X
TxTx,12,7216,870,purple,T,X,G,orange,N,X
TxTx,12,8319,10,purple,T,X,S,purple,T,X
TxTx,12,8431,23,purple,T,X,S,purple,T,X
TxTx,12,9112,17,purple,T,X,S,purple,T,X
TxTx,12,11577,27,purple,T,X,S,purple,T,X
TxTx,12,12234,41,purple,T,X,S,purple,T,X
TxTx,12,13237,872,purple,T,X,G,orange,N,X
TxTx,12,14361,21,purple,T,X,G,red,N,X
TxTx,12,15804,16,purple,T,X,S,purple,T,X
TxTx,12,16204,717,purple,T,X,G,orange,N,X
TxTx,12,17161,469,purple,T,X,G,blue,N,X
TxTx,12,19757,8,purple,T,X,S,purple,T,X
TxTx,12,21951,19,purple,T,X,S,purple,T,X
TxTx,12,26733,60,purple,T,X,G,orange,N,X
TxTx,12,26884,455,purple,T,X,G,orange,N,X
TxTx,12,27431,19,purple,T,X,S,purple,T,X
TxTx,12,604,405,blue,N,X,G,orange,N,X
TxTx,12,1518,660,blue,N,X,G,orange,N,X
TxTx,12,2406,128,blue,N,X,G,green,T,X
TxTx,12,2646,556,blue,N,X,G,yellow,N,X
TxTx,12,3344,40,blue,N,X,G,yellow,N,X
TxTx,12,3409,809,blue,N,X,G,yellow,N,X
TxTx,12,4332,645,blue,N,X,G,orange,N,X
TxTx,12,5287,10,blue,N,X,S,blue,N,X
TxTx,12,5478,824,blue,N,X,G,yellow,N,X
TxTx,12,6462,1120,blue,N,X,G,orange,N,X
TxTx,12,7680,1056,blue,N,X,G,orange,N,X
TxTx,12,10089,17,blue,N,X,S,blue,N,X
TxTx,12,10222,30,blue,N,X,S,blue,N,X
TxTx,12,10323,1163,blue,N,X,G,red,N,X
TxTx,12,11735,19,blue,N,X,S,blue,N,X
TxTx,12,11953,25,blue,N,X,G,yellow,N,X
TxTx,12,12121,133,blue,N,X,G,yellow,N,X
TxTx,12,12464,189,blue,N,X,G,yellow,N,X
TxTx,12,12819,30,blue,N,X,G,yellow,N,X
TxTx,12,13840,71,blue,N,X,S,blue,N,X
TxTx,12,13916,401,blue,N,X,G,red,N,X
TxTx,12,14477,24,blue,N,X,S,blue,N,X
TxTx,12,15621,23,blue,N,X,G,green,T,X
TxTx,12,16045,648,blue,N,X,G,green,T,X
TxTx,12,16716,50,blue,N,X,G,red,N,X
TxTx,12,16791,1867,blue,N,X,G,orange,N,X
TxTx,12,18757,3562,blue,N,X,G,orange,N,X
TxTx,12,22695,1700,blue,N,X,G,orange,N,X
TxTx,12,24811,197,blue,N,X,G,red,N,X
TxTx,12,25302,90,blue,N,X,S,blue,N,X
TxTx,12,25392,1249,blue,N,X,G,orange,N,X
TxTx,12,26752,93,blue,N,X,S,blue,N,X
TxTx,12,27494,22,blue,N,X,S,blue,N,X
TxTx,12,444,115,green,T,X,G,yellow,N,X
TxTx,12,813,78,green,T,X,G,red,N,X
TxTx,12,961,37,green,T,X,G,yellow,N,X
TxTx,12,1211,103,green,T,X,G,red,N,X
TxTx,12,1400,376,green,T,X,G,orange,N,X
TxTx,12,1804,43,green,T,X,G,blue,N,X
TxTx,12,2048,271,green,T,X,G,orange,N,X
TxTx,12,2342,180,green,T,X,G,red,N,X
TxTx,12,2557,238,green,T,X,G,orange,N,X
TxTx,12,3263,116,green,T,X,G,red,N,X
TxTx,12,3518,27,green,T,X,S,green,T,X
TxTx,12,4107,53,green,T,X,G,blue,N,X
TxTx,12,4421,66,green,T,X,G,yellow,N,X
TxTx,12,4545,580,green,T,X,G,yellow,N,X
TxTx,12,5732,52,green,T,X,G,orange,N,X
TxTx,12,5955,589,green,T,X,G,orange,N,X
TxTx,12,7588,727,green,T,X,G,red,N,X
TxTx,12,9041,148,green,T,X,G,orange,N,X
TxTx,12,9871,18,green,T,X,S,green,T,X
TxTx,12,12636,346,green,T,X,G,orange,N,X
TxTx,12,13887,73,green,T,X,G,yellow,N,X
TxTx,12,17806,22,green,T,X,S,green,T,X
TxTx,12,17985,77,green,T,X,S,green,T,X
TxTx,12,21003,62,green,T,X,S,green,T,X
TxTx,12,21735,101,green,T,X,G,blue,N,X
TxTx,12,21836,79,green,T,X,G,orange,N,X
TxTx,12,21959,94,green,T,X,G,orange,N,X
TxTx,12,22362,70,green,T,X,G,yellow,N,X
TxTx,12,23632,447,green,T,X,G,orange,N,X
TxTx,12,24233,415,green,T,X,G,orange,N,X
TxTx,12,60,1,yellow,N,X,A,yellow,N,X
TxTx,12,75,1,yellow,N,X,A,yellow,N,X
TxTx,12,90,1,yellow,N,X,A,yellow,N,X
TxTx,12,115,1,yellow,N,X,A,yellow,N,X
TxTx,12,131,1,yellow,N,X,A,yellow,N,X
TxTx,12,153,1,yellow,N,X,A,yellow,N,X
TxTx,12,173,1,yellow,N,X,A,yellow,N,X
TxTx,12,190,1,yellow,N,X,A,yellow,N,X
TxTx,12,266,1,yellow,N,X,A,yellow,N,X
TxTx,12,406,1,yellow,N,X,A,yellow,N,X
TxTx,12,604,1,yellow,N,X,A,yellow,N,X
TxTx,12,684,1,yellow,N,X,A,yellow,N,X
TxTx,12,700,1,yellow,N,X,A,yellow,N,X
TxTx,12,728,1,yellow,N,X,A,yellow,N,X
TxTx,12,748,1,yellow,N,X,A,yellow,N,X
TxTx,12,768,1,yellow,N,X,A,yellow,N,X
TxTx,12,783,1,yellow,N,X,A,yellow,N,X
TxTx,12,796,1,yellow,N,X,A,yellow,N,X
TxTx,12,814,1,yellow,N,X,A,yellow,N,X
TxTx,12,832,1,yellow,N,X,A,yellow,N,X
TxTx,12,850,1,yellow,N,X,A,yellow,N,X
TxTx,12,867,1,yellow,N,X,A,yellow,N,X
TxTx,12,885,1,yellow,N,X,A,yellow,N,X
TxTx,12,909,1,yellow,N,X,A,yellow,N,X
TxTx,12,931,1,yellow,N,X,A,yellow,N,X
TxTx,12,1076,1,yellow,N,X,A,yellow,N,X
TxTx,12,1096,1,yellow,N,X,A,yellow,N,X
TxTx,12,1122,1,yellow,N,X,A,yellow,N,X
TxTx,12,1141,1,yellow,N,X,A,yellow,N,X
TxTx,12,1165,1,yellow,N,X,A,yellow,N,X
TxTx,12,1187,1,yellow,N,X,A,yellow,N,X
TxTx,12,1214,1,yellow,N,X,A,yellow,N,X
TxTx,12,1234,1,yellow,N,X,A,yellow,N,X
TxTx,12,1256,1,yellow,N,X,A,yellow,N,X
TxTx,12,1283,1,yellow,N,X,A,yellow,N,X
TxTx,12,1302,1,yellow,N,X,A,yellow,N,X
TxTx,12,1329,1,yellow,N,X,A,yellow,N,X
TxTx,12,1349,1,yellow,N,X,A,yellow,N,X
TxTx,12,1367,1,yellow,N,X,A,yellow,N,X
TxTx,12,1386,1,yellow,N,X,A,yellow,N,X
TxTx,12,1465,1,yellow,N,X,A,yellow,N,X
TxTx,12,1489,1,yellow,N,X,A,yellow,N,X
TxTx,12,1513,1,yellow,N,X,A,yellow,N,X
TxTx,12,1531,1,yellow,N,X,A,yellow,N,X
TxTx,12,1549,1,yellow,N,X,A,yellow,N,X
TxTx,12,1581,1,yellow,N,X,A,yellow,N,X
TxTx,12,1656,1,yellow,N,X,A,yellow,N,X
TxTx,12,1674,1,yellow,N,X,A,yellow,N,X
TxTx,12,1693,1,yellow,N,X,A,yellow,N,X
TxTx,12,1935,1,yellow,N,X,A,yellow,N,X
TxTx,12,1951,1,yellow,N,X,A,yellow,N,X
TxTx,12,1973,1,yellow,N,X,A,yellow,N,X
TxTx,12,1994,1,yellow,N,X,A,yellow,N,X
TxTx,12,2012,1,yellow,N,X,A,yellow,N,X
TxTx,12,2027,1,yellow,N,X,A,yellow,N,X
TxTx,12,2153,1,yellow,N,X,A,yellow,N,X
TxTx,12,2172,1,yellow,N,X,A,yellow,N,X
TxTx,12,2222,1,yellow,N,X,A,yellow,N,X
TxTx,12,2510,1,yellow,N,X,A,yellow,N,X
TxTx,12,2526,1,yellow,N,X,A,yellow,N,X
TxTx,12,2547,1,yellow,N,X,A,yellow,N,X
TxTx,12,2565,1,yellow,N,X,A,yellow,N,X
TxTx,12,2585,1,yellow,N,X,A,yellow,N,X
TxTx,12,2604,1,yellow,N,X,A,yellow,N,X
TxTx,12,3251,1,yellow,N,X,A,yellow,N,X
TxTx,12,3265,1,yellow,N,X,A,yellow,N,X
TxTx,12,3285,1,yellow,N,X,A,yellow,N,X
TxTx,12,3716,1,yellow,N,X,A,yellow,N,X
TxTx,12,3736,1,yellow,N,X,A,yellow,N,X
TxTx,12,3759,1,yellow,N,X,A,yellow,N,X
TxTx,12,3780,1,yellow,N,X,A,yellow,N,X
TxTx,12,3809,1,yellow,N,X,A,yellow,N,X
TxTx,12,3829,1,yellow,N,X,A,yellow,N,X
TxTx,12,3920,1,yellow,N,X,A,yellow,N,X
TxTx,12,3990,1,yellow,N,X,A,yellow,N,X
TxTx,12,4020,1,yellow,N,X,A,yellow,N,X
TxTx,12,4042,1,yellow,N,X,A,yellow,N,X
TxTx,12,4574,1,yellow,N,X,A,yellow,N,X
TxTx,12,5253,1,yellow,N,X,A,yellow,N,X
TxTx,12,5281,1,yellow,N,X,A,yellow,N,X
TxTx,12,5307,1,yellow,N,X,A,yellow,N,X
TxTx,12,5330,1,yellow,N,X,A,yellow,N,X
TxTx,12,5340,87,yellow,N,X,H,yellow,N,X
TxTx,12,5506,1,yellow,N,X,A,yellow,N,X
TxTx,12,6364,1,yellow,N,X,A,yellow,N,X
TxTx,12,6383,1,yellow,N,X,A,yellow,N,X
TxTx,12,6414,205,yellow,N,X,H,yellow,N,X
TxTx,12,6733,1,yellow,N,X,A,yellow,N,X
TxTx,12,6751,1,yellow,N,X,A,yellow,N,X
TxTx,12,6771,1,yellow,N,X,A,yellow,N,X
TxTx,12,6793,1,yellow,N,X,A,yellow,N,X
TxTx,12,6814,1,yellow,N,X,A,yellow,N,X
TxTx,12,6833,1,yellow,N,X,A,yellow,N,X
TxTx,12,6856,1,yellow,N,X,A,yellow,N,X
TxTx,12,6876,637,yellow,N,X,H,yellow,N,X
TxTx,12,7625,1,yellow,N,X,A,yellow,N,X
TxTx,12,7643,491,yellow,N,X,H,yellow,N,X
TxTx,12,8167,1,yellow,N,X,A,yellow,N,X
TxTx,12,8194,1,yellow,N,X,A,yellow,N,X
TxTx,12,8210,1,yellow,N,X,A,yellow,N,X
TxTx,12,8233,1,yellow,N,X,A,yellow,N,X
TxTx,12,8253,1,yellow,N,X,A,yellow,N,X
TxTx,12,8273,1,yellow,N,X,A,yellow,N,X
TxTx,12,8295,1,yellow,N,X,A,yellow,N,X
TxTx,12,8313,1,yellow,N,X,A,yellow,N,X
TxTx,12,8336,1,yellow,N,X,A,yellow,N,X
TxTx,12,8355,1,yellow,N,X,A,yellow,N,X
TxTx,12,8566,1,yellow,N,X,A,yellow,N,X
TxTx,12,8587,1,yellow,N,X,A,yellow,N,X
TxTx,12,8602,1,yellow,N,X,A,yellow,N,X
TxTx,12,8616,44,yellow,N,X,H,yellow,N,X
TxTx,12,8675,111,yellow,N,X,H,yellow,N,X
TxTx,12,9064,1,yellow,N,X,A,yellow,N,X
TxTx,12,9079,1,yellow,N,X,A,yellow,N,X
TxTx,12,9094,1,yellow,N,X,A,yellow,N,X
TxTx,12,9110,1,yellow,N,X,A,yellow,N,X
TxTx,12,9131,1,yellow,N,X,A,yellow,N,X
TxTx,12,9136,72,yellow,N,X,H,yellow,N,X
TxTx,12,9231,82,yellow,N,X,H,yellow,N,X
TxTx,12,9516,1,yellow,N,X,A,yellow,N,X
TxTx,12,9533,1,yellow,N,X,A,yellow,N,X
TxTx,12,9552,1,yellow,N,X,A,yellow,N,X
TxTx,12,9569,1,yellow,N,X,A,yellow,N,X
TxTx,12,9602,1,yellow,N,X,A,yellow,N,X
TxTx,12,9619,1,yellow,N,X,A,yellow,N,X
TxTx,12,9661,1,yellow,N,X,A,yellow,N,X
TxTx,12,9681,1,yellow,N,X,A,yellow,N,X
TxTx,12,9701,1,yellow,N,X,A,yellow,N,X
TxTx,12,9721,1,yellow,N,X,A,yellow,N,X
TxTx,12,9780,1,yellow,N,X,A,yellow,N,X
TxTx,12,9832,1,yellow,N,X,A,yellow,N,X
TxTx,12,9903,1,yellow,N,X,A,yellow,N,X
TxTx,12,9953,1,yellow,N,X,A,yellow,N,X
TxTx,12,9997,1,yellow,N,X,A,yellow,N,X
TxTx,12,10022,1,yellow,N,X,A,yellow,N,X
TxTx,12,10071,1,yellow,N,X,A,yellow,N,X
TxTx,12,10100,1,yellow,N,X,A,yellow,N,X
TxTx,12,10137,1,yellow,N,X,A,yellow,N,X
TxTx,12,10185,1,yellow,N,X,A,yellow,N,X
TxTx,12,10227,1,yellow,N,X,A,yellow,N,X
TxTx,12,10267,1,yellow,N,X,A,yellow,N,X
TxTx,12,10301,1,yellow,N,X,A,yellow,N,X
TxTx,12,10354,1,yellow,N,X,A,yellow,N,X
TxTx,12,10380,1,yellow,N,X,A,yellow,N,X
TxTx,12,10404,1,yellow,N,X,A,yellow,N,X
TxTx,12,10439,1,yellow,N,X,A,yellow,N,X
TxTx,12,10470,1,yellow,N,X,A,yellow,N,X
TxTx,12,10499,1,yellow,N,X,A,yellow,N,X
TxTx,12,10526,1,yellow,N,X,A,yellow,N,X
TxTx,12,10538,1,yellow,N,X,A,yellow,N,X
TxTx,12,10575,1,yellow,N,X,A,yellow,N,X
TxTx,12,10590,171,yellow,N,X,H,yellow,N,X
TxTx,12,10902,1,yellow,N,X,A,yellow,N,X
TxTx,12,10920,1,yellow,N,X,A,yellow,N,X
TxTx,12,10947,1,yellow,N,X,A,yellow,N,X
TxTx,12,11123,142,yellow,N,X,H,yellow,N,X
TxTx,12,11550,1,yellow,N,X,A,yellow,N,X
TxTx,12,11569,1,yellow,N,X,A,yellow,N,X
TxTx,12,11654,1,yellow,N,X,A,yellow,N,X
TxTx,12,11673,55,yellow,N,X,H,yellow,N,X
TxTx,12,11773,1,yellow,N,X,A,yellow,N,X
TxTx,12,11795,1,yellow,N,X,A,yellow,N,X
TxTx,12,11818,1,yellow,N,X,A,yellow,N,X
TxTx,12,11841,1,yellow,N,X,A,yellow,N,X
TxTx,12,11930,1,yellow,N,X,A,yellow,N,X
TxTx,12,12049,1,yellow,N,X,A,yellow,N,X
TxTx,12,12069,1,yellow,N,X,A,yellow,N,X
TxTx,12,12090,1,yellow,N,X,A,yellow,N,X
TxTx,12,12112,1,yellow,N,X,A,yellow,N,X
TxTx,12,12132,1,yellow,N,X,A,yellow,N,X
TxTx,12,12350,1,yellow,N,X,A,yellow,N,X
TxTx,12,12374,1,yellow,N,X,A,yellow,N,X
TxTx,12,12395,1,yellow,N,X,A,yellow,N,X
TxTx,12,12412,1,yellow,N,X,A,yellow,N,X
TxTx,12,12480,1,yellow,N,X,A,yellow,N,X
TxTx,12,12728,1,yellow,N,X,A,yellow,N,X
TxTx,12,12767,1,yellow,N,X,A,yellow,N,X
TxTx,12,12946,184,yellow,N,X,H,yellow,N,X
TxTx,12,13171,1,yellow,N,X,A,yellow,N,X
TxTx,12,13188,1,yellow,N,X,A,yellow,N,X
TxTx,12,13205,1,yellow,N,X,A,yellow,N,X
TxTx,12,13227,1,yellow,N,X,A,yellow,N,X
TxTx,12,13245,1,yellow,N,X,A,yellow,N,X
TxTx,12,13297,1,yellow,N,X,A,yellow,N,X
TxTx,12,13318,1,yellow,N,X,A,yellow,N,X
TxTx,12,13340,1,yellow,N,X,A,yellow,N,X
TxTx,12,13368,1,yellow,N,X,A,yellow,N,X
TxTx,12,13390,1,yellow,N,X,A,yellow,N,X
TxTx,12,13414,1,yellow,N,X,A,yellow,N,X
TxTx,12,13438,1,yellow,N,X,A,yellow,N,X
TxTx,12,13610,1,yellow,N,X,A,yellow,N,X
TxTx,12,13628,1,yellow,N,X,A,yellow,N,X
TxTx,12,13648,1,yellow,N,X,A,yellow,N,X
TxTx,12,13672,1,yellow,N,X,A,yellow,N,X
TxTx,12,13704,1,yellow,N,X,A,yellow,N,X
TxTx,12,13725,1,yellow,N,X,A,yellow,N,X
TxTx,12,13757,1,yellow,N,X,A,yellow,N,X
TxTx,12,13778,1,yellow,N,X,A,yellow,N,X
TxTx,12,13800,1,yellow,N,X,A,yellow,N,X
TxTx,12,13821,1,yellow,N,X,A,yellow,N,X
TxTx,12,13843,1,yellow,N,X,A,yellow,N,X
TxTx,12,13866,1,yellow,N,X,A,yellow,N,X
TxTx,12,13895,1,yellow,N,X,A,yellow,N,X
TxTx,12,13917,1,yellow,N,X,A,yellow,N,X
TxTx,12,14102,1,yellow,N,X,A,yellow,N,X
TxTx,12,14124,1,yellow,N,X,A,yellow,N,X
TxTx,12,14158,1,yellow,N,X,A,yellow,N,X
TxTx,12,14187,1,yellow,N,X,A,yellow,N,X
TxTx,12,14212,1,yellow,N,X,A,yellow,N,X
TxTx,12,14234,1,yellow,N,X,A,yellow,N,X
TxTx,12,14258,1,yellow,N,X,A,yellow,N,X
TxTx,12,14295,1,yellow,N,X,A,yellow,N,X
TxTx,12,14326,1,yellow,N,X,A,yellow,N,X
TxTx,12,14348,1,yellow,N,X,A,yellow,N,X
TxTx,12,14379,1,yellow,N,X,A,yellow,N,X
TxTx,12,14402,1,yellow,N,X,A,yellow,N,X
TxTx,12,14429,1,yellow,N,X,A,yellow,N,X
TxTx,12,14548,1,yellow,N,X,A,yellow,N,X
TxTx,12,14606,1,yellow,N,X,A,yellow,N,X
TxTx,12,14629,1,yellow,N,X,A,yellow,N,X
TxTx,12,14652,1,yellow,N,X,A,yellow,N,X
TxTx,12,15058,1,yellow,N,X,A,yellow,N,X
TxTx,12,15079,1,yellow,N,X,A,yellow,N,X
TxTx,12,15097,1,yellow,N,X,A,yellow,N,X
TxTx,12,15103,1,yellow,N,X,A,yellow,N,X
TxTx,12,15131,1,yellow,N,X,A,yellow,N,X
TxTx,12,15150,1,yellow,N,X,A,yellow,N,X
TxTx,12,15166,1,yellow,N,X,A,yellow,N,X
TxTx,12,15179,1,yellow,N,X,A,yellow,N,X
TxTx,12,15245,1,yellow,N,X,A,yellow,N,X
TxTx,12,15268,1,yellow,N,X,A,yellow,N,X
TxTx,12,15290,1,yellow,N,X,A,yellow,N,X
TxTx,12,15311,1,yellow,N,X,A,yellow,N,X
TxTx,12,15331,1,yellow,N,X,A,yellow,N,X
TxTx,12,15370,1,yellow,N,X,A,yellow,N,X
TxTx,12,15394,1,yellow,N,X,A,yellow,N,X
TxTx,12,15409,1,yellow,N,X,A,yellow,N,X
TxTx,12,15429,1,yellow,N,X,A,yellow,N,X
TxTx,12,15464,1,yellow,N,X,A,yellow,N,X
TxTx,12,15772,1,yellow,N,X,A,yellow,N,X
TxTx,12,15792,1,yellow,N,X,A,yellow,N,X
TxTx,12,15813,1,yellow,N,X,A,yellow,N,X
TxTx,12,15827,1,yellow,N,X,A,yellow,N,X
TxTx,12,15848,1,yellow,N,X,A,yellow,N,X
TxTx,12,15868,1,yellow,N,X,A,yellow,N,X
TxTx,12,15891,1,yellow,N,X,A,yellow,N,X
TxTx,12,15980,1,yellow,N,X,A,yellow,N,X
TxTx,12,15994,1,yellow,N,X,A,yellow,N,X
TxTx,12,16004,405,yellow,N,X,H,yellow,N,X
TxTx,12,16457,1,yellow,N,X,A,yellow,N,X
TxTx,12,16477,1,yellow,N,X,A,yellow,N,X
TxTx,12,16499,1,yellow,N,X,A,yellow,N,X
TxTx,12,16521,1,yellow,N,X,A,yellow,N,X
TxTx,12,16544,1,yellow,N,X,A,yellow,N,X
TxTx,12,16575,1,yellow,N,X,A,yellow,N,X
TxTx,12,16600,1,yellow,N,X,A,yellow,N,X
TxTx,12,16639,1,yellow,N,X,A,yellow,N,X
TxTx,12,16660,1,yellow,N,X,A,yellow,N,X
TxTx,12,16684,1,yellow,N,X,A,yellow,N,X
TxTx,12,16703,1,yellow,N,X,A,yellow,N,X
TxTx,12,16899,1,yellow,N,X,A,yellow,N,X
TxTx,12,16920,1,yellow,N,X,A,yellow,N,X
TxTx,12,16943,1,yellow,N,X,A,yellow,N,X
TxTx,12,16963,1,yellow,N,X,A,yellow,N,X
TxTx,12,16981,1,yellow,N,X,A,yellow,N,X
TxTx,12,16998,1,yellow,N,X,A,yellow,N,X
TxTx,12,17016,1,yellow,N,X,A,yellow,N,X
TxTx,12,17036,1,yellow,N,X,A,yellow,N,X
TxTx,12,17054,1,yellow,N,X,A,yellow,N,X
TxTx,12,17073,1,yellow,N,X,A,yellow,N,X
TxTx,12,17373,1,yellow,N,X,A,yellow,N,X
TxTx,12,17392,1,yellow,N,X,A,yellow,N,X
TxTx,12,17411,1,yellow,N,X,A,yellow,N,X
TxTx,12,17430,1,yellow,N,X,A,yellow,N,X
TxTx,12,17451,1,yellow,N,X,A,yellow,N,X
TxTx,12,17472,1,yellow,N,X,A,yellow,N,X
TxTx,12,17492,1,yellow,N,X,A,yellow,N,X
TxTx,12,17508,1,yellow,N,X,A,yellow,N,X
TxTx,12,17634,1,yellow,N,X,A,yellow,N,X
TxTx,12,17812,218,yellow,N,X,H,yellow,N,X
TxTx,12,18105,34,yellow,N,X,H,yellow,N,X
TxTx,12,18183,1,yellow,N,X,A,yellow,N,X
TxTx,12,18202,1,yellow,N,X,A,yellow,N,X
TxTx,12,18219,1,yellow,N,X,A,yellow,N,X
TxTx,12,18240,1,yellow,N,X,A,yellow,N,X
TxTx,12,18269,1,yellow,N,X,A,yellow,N,X
TxTx,12,18288,1,yellow,N,X,A,yellow,N,X
TxTx,12,18315,1,yellow,N,X,A,yellow,N,X
TxTx,12,18339,1,yellow,N,X,A,yellow,N,X
TxTx,12,18362,1,yellow,N,X,A,yellow,N,X
TxTx,12,19010,1,yellow,N,X,A,yellow,N,X
TxTx,12,19031,1,yellow,N,X,A,yellow,N,X
TxTx,12,19052,1,yellow,N,X,A,yellow,N,X
TxTx,12,19072,1,yellow,N,X,A,yellow,N,X
TxTx,12,19158,1,yellow,N,X,A,yellow,N,X
TxTx,12,19180,1,yellow,N,X,A,yellow,N,X
TxTx,12,19228,1,yellow,N,X,A,yellow,N,X
TxTx,12,19248,1,yellow,N,X,A,yellow,N,X
TxTx,12,19420,1,yellow,N,X,A,yellow,N,X
TxTx,12,19447,1,yellow,N,X,A,yellow,N,X
TxTx,12,19470,1,yellow,N,X,A,yellow,N,X
TxTx,12,19524,1,yellow,N,X,A,yellow,N,X
TxTx,12,19553,1,yellow,N,X,A,yellow,N,X
TxTx,12,19603,1,yellow,N,X,A,yellow,N,X
TxTx,12,19631,1,yellow,N,X,A,yellow,N,X
TxTx,12,19654,1,yellow,N,X,A,yellow,N,X
TxTx,12,19697,1,yellow,N,X,A,yellow,N,X
TxTx,12,19734,1,yellow,N,X,A,yellow,N,X
TxTx,12,19777,1,yellow,N,X,A,yellow,N,X
TxTx,12,19800,1,yellow,N,X,A,yellow,N,X
TxTx,12,19837,1,yellow,N,X,A,yellow,N,X
TxTx,12,19862,1,yellow,N,X,A,yellow,N,X
TxTx,12,19882,1,yellow,N,X,A,yellow,N,X
TxTx,12,19909,1469,yellow,N,X,H,yellow,N,X
TxTx,12,21378,1,yellow,N,X,A,yellow,N,X
TxTx,12,21402,1,yellow,N,X,A,yellow,N,X
TxTx,12,21426,1,yellow,N,X,A,yellow,N,X
TxTx,12,21447,1,yellow,N,X,A,yellow,N,X
TxTx,12,21474,1,yellow,N,X,A,yellow,N,X
TxTx,12,21506,1,yellow,N,X,A,yellow,N,X
TxTx,12,21528,1,yellow,N,X,A,yellow,N,X
TxTx,12,21556,1,yellow,N,X,A,yellow,N,X
TxTx,12,21581,1,yellow,N,X,A,yellow,N,X
TxTx,12,21610,1,yellow,N,X,A,yellow,N,X
TxTx,12,21632,1,yellow,N,X,A,yellow,N,X
TxTx,12,21654,1,yellow,N,X,A,yellow,N,X
TxTx,12,21676,1,yellow,N,X,A,yellow,N,X
TxTx,12,21701,1,yellow,N,X,A,yellow,N,X
TxTx,12,21723,1,yellow,N,X,A,yellow,N,X
TxTx,12,21982,1,yellow,N,X,A,yellow,N,X
TxTx,12,22008,1,yellow,N,X,A,yellow,N,X
TxTx,12,22032,1,yellow,N,X,A,yellow,N,X
TxTx,12,22056,1,yellow,N,X,A,yellow,N,X
TxTx,12,22076,1,yellow,N,X,A,yellow,N,X
TxTx,12,22099,1,yellow,N,X,A,yellow,N,X
TxTx,12,22118,1,yellow,N,X,A,yellow,N,X
TxTx,12,22136,1,yellow,N,X,A,yellow,N,X
TxTx,12,22167,1,yellow,N,X,A,yellow,N,X
TxTx,12,22191,1,yellow,N,X,A,yellow,N,X
TxTx,12,22787,43,yellow,N,X,H,yellow,N,X
TxTx,12,22864,111,yellow,N,X,H,yellow,N,X
TxTx,12,23591,1,yellow,N,X,A,yellow,N,X
TxTx,12,23682,1,yellow,N,X,A,yellow,N,X
TxTx,12,23702,1,yellow,N,X,A,yellow,N,X
TxTx,12,23725,1,yellow,N,X,A,yellow,N,X
TxTx,12,23747,1,yellow,N,X,A,yellow,N,X
TxTx,12,23770,1,yellow,N,X,A,yellow,N,X
TxTx,12,23791,1,yellow,N,X,A,yellow,N,X
TxTx,12,23815,1,yellow,N,X,A,yellow,N,X
TxTx,12,23838,1,yellow,N,X,A,yellow,N,X
TxTx,12,23859,1,yellow,N,X,A,yellow,N,X
TxTx,12,23880,1,yellow,N,X,A,yellow,N,X
TxTx,12,23901,1,yellow,N,X,A,yellow,N,X
TxTx,12,23921,1,yellow,N,X,A,yellow,N,X
TxTx,12,23944,1,yellow,N,X,A,yellow,N,X
TxTx,12,23966,1,yellow,N,X,A,yellow,N,X
TxTx,12,23984,1,yellow,N,X,A,yellow,N,X
TxTx,12,24399,1,yellow,N,X,A,yellow,N,X
TxTx,12,24417,1,yellow,N,X,A,yellow,N,X
TxTx,12,24433,1,yellow,N,X,A,yellow,N,X
TxTx,12,24470,1,yellow,N,X,A,yellow,N,X
TxTx,12,24492,1,yellow,N,X,A,yellow,N,X
TxTx,12,24575,1,yellow,N,X,A,yellow,N,X
TxTx,12,24594,1,yellow,N,X,A,yellow,N,X
TxTx,12,24615,1,yellow,N,X,A,yellow,N,X
TxTx,12,24640,1,yellow,N,X,A,yellow,N,X
TxTx,12,24661,1,yellow,N,X,A,yellow,N,X
TxTx,12,24683,1,yellow,N,X,A,yellow,N,X
TxTx,12,24704,1,yellow,N,X,A,yellow,N,X
TxTx,12,24724,1,yellow,N,X,A,yellow,N,X
TxTx,12,24756,1,yellow,N,X,A,yellow,N,X
TxTx,12,24777,1,yellow,N,X,A,yellow,N,X
TxTx,12,24795,1,yellow,N,X,A,yellow,N,X
TxTx,12,24814,1,yellow,N,X,A,yellow,N,X
TxTx,12,24837,1,yellow,N,X,A,yellow,N,X
TxTx,12,24874,1,yellow,N,X,A,yellow,N,X
TxTx,12,24892,1,yellow,N,X,A,yellow,N,X
TxTx,12,24914,1,yellow,N,X,A,yellow,N,X
TxTx,12,24938,1,yellow,N,X,A,yellow,N,X
TxTx,12,24963,1,yellow,N,X,A,yellow,N,X
TxTx,12,24992,1,yellow,N,X,A,yellow,N,X
TxTx,12,25017,1,yellow,N,X,A,yellow,N,X
TxTx,12,25041,1,yellow,N,X,A,yellow,N,X
TxTx,12,25076,1,yellow,N,X,A,yellow,N,X
TxTx,12,25099,1,yellow,N,X,A,yellow,N,X
TxTx,12,25123,1,yellow,N,X,A,yellow,N,X
TxTx,12,25146,1,yellow,N,X,A,yellow,N,X
TxTx,12,25167,54,yellow,N,X,H,yellow,N,X
TxTx,12,25569,1,yellow,N,X,A,yellow,N,X
TxTx,12,25623,1,yellow,N,X,A,yellow,N,X
TxTx,12,25646,1,yellow,N,X,A,yellow,N,X
TxTx,12,25668,1,yellow,N,X,A,yellow,N,X
TxTx,12,25689,1,yellow,N,X,A,yellow,N,X
TxTx,12,25708,1,yellow,N,X,A,yellow,N,X
TxTx,12,25727,1,yellow,N,X,A,yellow,N,X
TxTx,12,25746,1,yellow,N,X,A,yellow,N,X
TxTx,12,25769,1,yellow,N,X,A,yellow,N,X
TxTx,12,25786,1,yellow,N,X,A,yellow,N,X
TxTx,12,25806,1,yellow,N,X,A,yellow,N,X
TxTx,12,25823,1,yellow,N,X,A,yellow,N,X
TxTx,12,25957,1,yellow,N,X,A,yellow,N,X
TxTx,12,25978,1,yellow,N,X,A,yellow,N,X
TxTx,12,26001,1,yellow,N,X,A,yellow,N,X
TxTx,12,26026,1,yellow,N,X,A,yellow,N,X
TxTx,12,26048,1,yellow,N,X,A,yellow,N,X
TxTx,12,26067,1,yellow,N,X,A,yellow,N,X
TxTx,12,26088,1,yellow,N,X,A,yellow,N,X
TxTx,12,26707,1,yellow,N,X,A,yellow,N,X
TxTx,12,26727,1,yellow,N,X,A,yellow,N,X
TxTx,12,26770,1,yellow,N,X,A,yellow,N,X
TxTx,12,26807,1,yellow,N,X,A,yellow,N,X
TxTx,12,26834,1,yellow,N,X,A,yellow,N,X
TxTx,12,26853,1,yellow,N,X,A,yellow,N,X
TxTx,12,26872,1,yellow,N,X,A,yellow,N,X
TxTx,12,26891,1,yellow,N,X,A,yellow,N,X
TxTx,12,26911,1,yellow,N,X,A,yellow,N,X
TxTx,12,26929,1,yellow,N,X,A,yellow,N,X
TxTx,12,26944,1,yellow,N,X,A,yellow,N,X
TxTx,12,26965,1,yellow,N,X,A,yellow,N,X
TxTx,12,26982,1,yellow,N,X,A,yellow,N,X
TxTx,12,27003,1,yellow,N,X,A,yellow,N,X
TxTx,12,27021,1,yellow,N,X,A,yellow,N,X
TxTx,12,27044,1,yellow,N,X,A,yellow,N,X
TxTx,12,27061,1,yellow,N,X,A,yellow,N,X
TxTx,12,27118,1,yellow,N,X,A,yellow,N,X
TxTx,12,27141,1,yellow,N,X,A,yellow,N,X
TxTx,12,27161,1,yellow,N,X,A,yellow,N,X
TxTx,12,27180,1,yellow,N,X,A,yellow,N,X
TxTx,12,27201,1,yellow,N,X,A,yellow,N,X
TxTx,12,27222,1,yellow,N,X,A,yellow,N,X
TxTx,12,27239,1,yellow,N,X,A,yellow,N,X
TxTx,12,27262,1,yellow,N,X,A,yellow,N,X
TxTx,12,27397,1,yellow,N,X,A,yellow,N,X
TxTx,12,27420,1,yellow,N,X,A,yellow,N,X
TxTx,12,27441,1,yellow,N,X,A,yellow,N,X
TxTx,12,27465,1,yellow,N,X,A,yellow,N,X
TxTx,12,27471,57,yellow,N,X,H,yellow,N,X
TxTx,12,85,1,orange,N,X,A,orange,N,X
TxTx,12,109,1,orange,N,X,A,orange,N,X
TxTx,12,234,1,orange,N,X,A,orange,N,X
TxTx,12,256,1,orange,N,X,A,orange,N,X
TxTx,12,275,1,orange,N,X,A,orange,N,X
TxTx,12,306,1,orange,N,X,A,orange,N,X
TxTx,12,329,1,orange,N,X,A,orange,N,X
TxTx,12,348,1,orange,N,X,A,orange,N,X
TxTx,12,425,1,orange,N,X,A,orange,N,X
TxTx,12,447,1,orange,N,X,A,orange,N,X
TxTx,12,475,1,orange,N,X,A,orange,N,X
TxTx,12,495,1,orange,N,X,A,orange,N,X
TxTx,12,520,1,orange,N,X,A,orange,N,X
TxTx,12,546,1,orange,N,X,A,orange,N,X
TxTx,12,565,1,orange,N,X,A,orange,N,X
TxTx,12,1399,1,orange,N,X,A,orange,N,X
TxTx,12,1428,1,orange,N,X,A,orange,N,X
TxTx,12,1456,1,orange,N,X,A,orange,N,X
TxTx,12,1488,1,orange,N,X,A,orange,N,X
TxTx,12,1550,1,orange,N,X,A,orange,N,X
TxTx,12,2489,1,orange,N,X,A,orange,N,X
TxTx,12,2510,1,orange,N,X,A,orange,N,X
TxTx,12,2536,1,orange,N,X,A,orange,N,X
TxTx,12,2555,1,orange,N,X,A,orange,N,X
TxTx,12,2573,1,orange,N,X,A,orange,N,X
TxTx,12,2783,1,orange,N,X,A,orange,N,X
TxTx,12,2804,1,orange,N,X,A,orange,N,X
TxTx,12,2830,1,orange,N,X,A,orange,N,X
TxTx,12,2859,1,orange,N,X,A,orange,N,X
TxTx,12,2888,1,orange,N,X,A,orange,N,X
TxTx,12,2920,1,orange,N,X,A,orange,N,X
TxTx,12,2995,1,orange,N,X,A,orange,N,X
TxTx,12,3005,308,orange,N,X,R,orange,N,X
TxTx,12,3496,1,orange,N,X,A,orange,N,X
TxTx,12,3524,1,orange,N,X,A,orange,N,X
TxTx,12,5240,1,orange,N,X,A,orange,N,X
TxTx,12,5262,1,orange,N,X,A,orange,N,X
TxTx,12,5289,1,orange,N,X,A,orange,N,X
TxTx,12,5369,1,orange,N,X,A,orange,N,X
TxTx,12,5414,1,orange,N,X,A,orange,N,X
TxTx,12,5450,1,orange,N,X,A,orange,N,X
TxTx,12,5633,1,orange,N,X,A,orange,N,X
TxTx,12,5644,1,orange,N,X,A,orange,N,X
TxTx,12,5651,17,orange,N,X,H,orange,N,X
TxTx,12,26729,1,orange,N,X,A,orange,N,X
TxTx,12,26823,126,orange,N,X,H,orange,N,X
TxTx,12,26981,36,orange,N,X,H,orange,N,X
TxTx,12,33,1,red,N,X,A,red,N,X
TxTx,12,52,1,red,N,X,A,red,N,X
TxTx,12,134,1,red,N,X,A,red,N,X
TxTx,12,159,1,red,N,X,A,red,N,X
TxTx,12,186,1,red,N,X,A,red,N,X
TxTx,12,257,1,red,N,X,A,red,N,X
TxTx,12,291,1,red,N,X,A,red,N,X
TxTx,12,322,1,red,N,X,A,red,N,X
TxTx,12,343,1,red,N,X,A,red,N,X
TxTx,12,370,1,red,N,X,A,red,N,X
TxTx,12,392,1,red,N,X,A,red,N,X
TxTx,12,416,1,red,N,X,A,red,N,X
TxTx,12,485,1,red,N,X,A,red,N,X
TxTx,12,510,1,red,N,X,A,red,N,X
TxTx,12,542,1,red,N,X,A,red,N,X
TxTx,12,563,1,red,N,X,A,red,N,X
TxTx,12,584,1,red,N,X,A,red,N,X
TxTx,12,608,1,red,N,X,A,red,N,X
TxTx,12,630,1,red,N,X,A,red,N,X
TxTx,12,652,1,red,N,X,A,red,N,X
TxTx,12,679,1,red,N,X,A,red,N,X
TxTx,12,707,1,red,N,X,A,red,N,X
TxTx,12,732,1,red,N,X,A,red,N,X
TxTx,12,751,1,red,N,X,A,red,N,X
TxTx,12,776,1,red,N,X,A,red,N,X
TxTx,12,799,1,red,N,X,A,red,N,X
TxTx,12,818,1,red,N,X,A,red,N,X
TxTx,12,842,1,red,N,X,A,red,N,X
TxTx,12,880,1,red,N,X,A,red,N,X
TxTx,12,951,1,red,N,X,A,red,N,X
TxTx,12,966,1,red,N,X,A,red,N,X
TxTx,12,1407,1,red,N,X,A,red,N,X
TxTx,12,1428,1,red,N,X,A,red,N,X
TxTx,12,1449,1,red,N,X,A,red,N,X
TxTx,12,1468,1,red,N,X,A,red,N,X
TxTx,12,1519,1,red,N,X,A,red,N,X
TxTx,12,1521,142,red,N,X,R,red,N,X
TxTx,12,1821,1,red,N,X,A,red,N,X
TxTx,12,1843,1,red,N,X,A,red,N,X
TxTx,12,1879,1,red,N,X,A,red,N,X
TxTx,12,1898,1,red,N,X,A,red,N,X
TxTx,12,1973,1,red,N,X,A,red,N,X
TxTx,12,1990,1,red,N,X,A,red,N,X
TxTx,12,1993,1,red,N,X,A,red,N,X
TxTx,12,2013,1,red,N,X,A,red,N,X
TxTx,12,2035,1,red,N,X,A,red,N,X
TxTx,12,2064,1,red,N,X,A,red,N,X
TxTx,12,2081,1,red,N,X,A,red,N,X
TxTx,12,2104,1,red,N,X,A,red,N,X
TxTx,12,2124,1,red,N,X,A,red,N,X
TxTx,12,2148,1,red,N,X,A,red,N,X
TxTx,12,2172,1,red,N,X,A,red,N,X
TxTx,12,2189,1,red,N,X,A,red,N,X
TxTx,12,2602,1,red,N,X,A,red,N,X
TxTx,12,2611,7,red,N,X,H,red,N,X
TxTx,12,3227,1,red,N,X,A,red,N,X
TxTx,12,3244,1,red,N,X,A,red,N,X
TxTx,12,3422,1,red,N,X,A,red,N,X
TxTx,12,3436,1,red,N,X,A,red,N,X
TxTx,12,3453,1,red,N,X,A,red,N,X
TxTx,12,3473,1,red,N,X,A,red,N,X
TxTx,12,3491,1,red,N,X,A,red,N,X
TxTx,12,3509,1,red,N,X,A,red,N,X
TxTx,12,3527,1,red,N,X,A,red,N,X
TxTx,12,4677,1,red,N,X,A,red,N,X
TxTx,12,4694,1,red,N,X,A,red,N,X
TxTx,12,4706,1,red,N,X,A,red,N,X
TxTx,12,4728,1,red,N,X,A,red,N,X
TxTx,12,4745,1,red,N,X,A,red,N,X
TxTx,12,4762,1,red,N,X,A,red,N,X
TxTx,12,4781,1,red,N,X,A,red,N,X
TxTx,12,4841,1,red,N,X,A,red,N,X
TxTx,12,4849,10,red,N,X,H,red,N,X
TxTx,12,4976,1,red,N,X,A,red,N,X
TxTx,12,4990,1,red,N,X,A,red,N,X
TxTx,12,5009,1,red,N,X,A,red,N,X
TxTx,12,5024,1,red,N,X,A,red,N,X
TxTx,12,5027,98,red,N,X,R,red,N,X
TxTx,12,5310,1,red,N,X,A,red,N,X
TxTx,12,5345,1,red,N,X,A,red,N,X
TxTx,12,5366,1,red,N,X,A,red,N,X
TxTx,12,5579,1,red,N,X,A,red,N,X
TxTx,12,5597,1,red,N,X,A,red,N,X
TxTx,12,5615,1,red,N,X,A,red,N,X
TxTx,12,5639,1,red,N,X,A,red,N,X
TxTx,12,6115,1,red,N,X,A,red,N,X
TxTx,12,6129,1,red,N,X,A,red,N,X
TxTx,12,6143,1,red,N,X,A,red,N,X
TxTx,12,6159,1,red,N,X,A,red,N,X
TxTx,12,6176,1,red,N,X,A,red,N,X
TxTx,12,6188,1,red,N,X,A,red,N,X
TxTx,12,6553,1,red,N,X,A,red,N,X
TxTx,12,6577,1,red,N,X,A,red,N,X
TxTx,12,6617,1,red,N,X,A,red,N,X
TxTx,12,6648,1,red,N,X,A,red,N,X
TxTx,12,6680,1,red,N,X,A,red,N,X
TxTx,12,6703,1,red,N,X,A,red,N,X
TxTx,12,6742,1,red,N,X,A,red,N,X
TxTx,12,6769,1,red,N,X,A,red,N,X
TxTx,12,6794,1,red,N,X,A,red,N,X
TxTx,12,6818,1,red,N,X,A,red,N,X
TxTx,12,6821,298,red,N,X,H,red,N,X
TxTx,12,7122,160,red,N,X,R,red,N,X
TxTx,12,7415,1,red,N,X,A,red,N,X
TxTx,12,8866,1,red,N,X,A,red,N,X
TxTx,12,8881,1,red,N,X,A,red,N,X
TxTx,12,8895,1,red,N,X,A,red,N,X
TxTx,12,8910,1,red,N,X,A,red,N,X
TxTx,12,8940,1,red,N,X,A,red,N,X
TxTx,12,8960,1,red,N,X,A,red,N,X
TxTx,12,8975,1,red,N,X,A,red,N,X
TxTx,12,9108,1,red,N,X,A,red,N,X
TxTx,12,9293,1,red,N,X,A,red,N,X
TxTx,12,9313,1,red,N,X,A,red,N,X
TxTx,12,9330,1,red,N,X,A,red,N,X
TxTx,12,9357,1,red,N,X,A,red,N,X
TxTx,12,9395,1,red,N,X,A,red,N,X
TxTx,12,9423,1,red,N,X,A,red,N,X
TxTx,12,9440,1,red,N,X,A,red,N,X
TxTx,12,9462,1,red,N,X,A,red,N,X
TxTx,12,9466,75,red,N,X,H,red,N,X
TxTx,12,9552,98,red,N,X,H,red,N,X
TxTx,12,9664,53,red,N,X,H,red,N,X
TxTx,12,9728,32,red,N,X,H,red,N,X
TxTx,12,11627,1,red,N,X,A,red,N,X
TxTx,12,11645,1,red,N,X,A,red,N,X
TxTx,12,11662,1,red,N,X,A,red,N,X
TxTx,12,11716,1,red,N,X,A,red,N,X
TxTx,12,11737,1,red,N,X,A,red,N,X
TxTx,12,11757,1,red,N,X,A,red,N,X
TxTx,12,11774,1,red,N,X,A,red,N,X
TxTx,12,11810,36,red,N,X,H,red,N,X
TxTx,12,12305,1,red,N,X,A,red,N,X
TxTx,12,12384,1,red,N,X,A,red,N,X
TxTx,12,12421,1,red,N,X,A,red,N,X
TxTx,12,12595,1,red,N,X,A,red,N,X
TxTx,12,12613,1,red,N,X,A,red,N,X
TxTx,12,12629,1,red,N,X,A,red,N,X
TxTx,12,12630,99,red,N,X,R,red,N,X
TxTx,12,12825,1,red,N,X,A,red,N,X
TxTx,12,12839,1,red,N,X,A,red,N,X
TxTx,12,12878,1,red,N,X,A,red,N,X
TxTx,12,13119,1,red,N,X,A,red,N,X
TxTx,12,13138,1,red,N,X,A,red,N,X
TxTx,12,13168,1,red,N,X,A,red,N,X
TxTx,12,13183,1,red,N,X,A,red,N,X
TxTx,12,13606,1,red,N,X,A,red,N,X
TxTx,12,13626,1,red,N,X,A,red,N,X
TxTx,12,13648,25,red,N,X,H,red,N,X
TxTx,12,19128,248,red,N,X,H,red,N,X
TxTx,12,19775,1,red,N,X,A,red,N,X
TxTx,12,19790,1,red,N,X,A,red,N,X
TxTx,12,19821,1,red,N,X,A,red,N,X
TxTx,12,20021,60,red,N,X,H,red,N,X
TxTx,12,20146,1,red,N,X,A,red,N,X
TxTx,12,20167,1,red,N,X,A,red,N,X
TxTx,12,20187,154,red,N,X,H,red,N,X
TxTx,12,21311,1,red,N,X,A,red,N,X
TxTx,12,21329,1,red,N,X,A,red,N,X
TxTx,12,21371,136,red,N,X,H,red,N,X
TxTx,12,21558,42,red,N,X,H,red,N,X
TxTx,12,21887,1,red,N,X,A,red,N,X
TxTx,12,21927,1,red,N,X,A,red,N,X
TxTx,12,21945,1,red,N,X,A,red,N,X
TxTx,12,25358,168,red,N,X,H,red,N,X
TxTx,12,26059,191,red,N,X,H,red,N,X
TxTx,12,26756,1,red,N,X,A,red,N,X
TxTx,12,26772,1,red,N,X,A,red,N,X
TxTx,12,26793,1,red,N,X,A,red,N,X
TxTx,12,26816,1,red,N,X,A,red,N,X
TxTx,12,26836,1,red,N,X,A,red,N,X
TxTx,12,26865,1,red,N,X,A,red,N,X
TxTx,12,26886,1,red,N,X,A,red,N,X
TxTx,12,26914,1,red,N,X,A,red,N,X
TxTx,12,26965,1,red,N,X,A,red,N,X
TxTx,12,27006,1,red,N,X,A,red,N,X
TxTx,12,27040,1,red,N,X,A,red,N,X
TxTx,12,27084,1,red,N,X,A,red,N,X
TxTx,12,27111,1,red,N,X,A,red,N,X
TxTx,12,27134,1,red,N,X,A,red,N,X
TxTx,12,27156,1,red,N,X,A,red,N,X
TxTx,12,27180,1,red,N,X,A,red,N,X
TxTx,12,27202,1,red,N,X,A,red,N,X
TxTx,12,27230,1,red,N,X,A,red,N,X
TxTx,12,27254,1,red,N,X,A,red,N,X
TxTx,12,20,1,purple,T,X,A,purple,T,X
TxTx,12,43,1,purple,T,X,A,purple,T,X
TxTx,12,132,1,purple,T,X,A,purple,T,X
TxTx,12,182,1,purple,T,X,A,purple,T,X
TxTx,12,200,1,purple,T,X,A,purple,T,X
TxTx,12,219,1,purple,T,X,A,purple,T,X
TxTx,12,235,1,purple,T,X,A,purple,T,X
TxTx,12,256,1,purple,T,X,A,purple,T,X
TxTx,12,275,1,purple,T,X,A,purple,T,X
TxTx,12,294,1,purple,T,X,A,purple,T,X
TxTx,12,332,1,purple,T,X,A,purple,T,X
TxTx,12,473,1,purple,T,X,A,purple,T,X
TxTx,12,492,1,purple,T,X,A,purple,T,X
TxTx,12,512,1,purple,T,X,A,purple,T,X
TxTx,12,530,1,purple,T,X,A,purple,T,X
TxTx,12,550,1,purple,T,X,A,purple,T,X
TxTx,12,578,1,purple,T,X,A,purple,T,X
TxTx,12,613,1,purple,T,X,A,purple,T,X
TxTx,12,636,1,purple,T,X,A,purple,T,X
TxTx,12,656,1,purple,T,X,A,purple,T,X
TxTx,12,680,1,purple,T,X,A,purple,T,X
TxTx,12,700,1,purple,T,X,A,purple,T,X
TxTx,12,723,1,purple,T,X,A,purple,T,X
TxTx,12,746,1,purple,T,X,A,purple,T,X
TxTx,12,774,1,purple,T,X,A,purple,T,X
TxTx,12,794,1,purple,T,X,A,purple,T,X
TxTx,12,814,1,purple,T,X,A,purple,T,X
TxTx,12,834,1,purple,T,X,A,purple,T,X
TxTx,12,853,1,purple,T,X,A,purple,T,X
TxTx,12,879,1,purple,T,X,A,purple,T,X
TxTx,12,900,1,purple,T,X,A,purple,T,X
TxTx,12,921,1,purple,T,X,A,purple,T,X
TxTx,12,945,1,purple,T,X,A,purple,T,X
TxTx,12,948,1,purple,T,X,A,purple,T,X
TxTx,12,969,1,purple,T,X,A,purple,T,X
TxTx,12,996,1,purple,T,X,A,purple,T,X
TxTx,12,1017,1,purple,T,X,A,purple,T,X
TxTx,12,1038,1,purple,T,X,A,purple,T,X
TxTx,12,1059,1,purple,T,X,A,purple,T,X
TxTx,12,1080,1,purple,T,X,A,purple,T,X
TxTx,12,1100,1,purple,T,X,A,purple,T,X
TxTx,12,1122,1,purple,T,X,A,purple,T,X
TxTx,12,1141,1,purple,T,X,A,purple,T,X
TxTx,12,1161,1,purple,T,X,A,purple,T,X
TxTx,12,1312,1,purple,T,X,A,purple,T,X
TxTx,12,1331,1,purple,T,X,A,purple,T,X
TxTx,12,1433,1,purple,T,X,A,purple,T,X
TxTx,12,1453,1,purple,T,X,A,purple,T,X
TxTx,12,1471,1,purple,T,X,A,purple,T,X
TxTx,12,1492,1,purple,T,X,A,purple,T,X
TxTx,12,1524,1,purple,T,X,A,purple,T,X
TxTx,12,1552,1,purple,T,X,A,purple,T,X
TxTx,12,1564,1,purple,T,X,A,purple,T,X
TxTx,12,1585,1,purple,T,X,A,purple,T,X
TxTx,12,1607,1,purple,T,X,A,purple,T,X
TxTx,12,2042,1,purple,T,X,A,purple,T,X
TxTx,12,2145,1,purple,T,X,A,purple,T,X
TxTx,12,2222,1,purple,T,X,A,purple,T,X
TxTx,12,2240,1,purple,T,X,A,purple,T,X
TxTx,12,2274,1,purple,T,X,A,purple,T,X
TxTx,12,2295,1,purple,T,X,A,purple,T,X
TxTx,12,2463,1,purple,T,X,A,purple,T,X
TxTx,12,2478,1,purple,T,X,A,purple,T,X
TxTx,12,2496,1,purple,T,X,A,purple,T,X
TxTx,12,2515,1,purple,T,X,A,purple,T,X
TxTx,12,2536,1,purple,T,X,A,purple,T,X
TxTx,12,2777,1,purple,T,X,A,purple,T,X
TxTx,12,2804,1,purple,T,X,A,purple,T,X
TxTx,12,2835,1,purple,T,X,A,purple,T,X
TxTx,12,2946,1,purple,T,X,A,purple,T,X
TxTx,12,2974,1,purple,T,X,A,purple,T,X
TxTx,12,2995,1,purple,T,X,A,purple,T,X
TxTx,12,3018,1,purple,T,X,A,purple,T,X
TxTx,12,3047,1,purple,T,X,A,purple,T,X
TxTx,12,3075,1,purple,T,X,A,purple,T,X
TxTx,12,3112,1,purple,T,X,A,purple,T,X
TxTx,12,3131,1,purple,T,X,A,purple,T,X
TxTx,12,3150,1,purple,T,X,A,purple,T,X
TxTx,12,3167,1,purple,T,X,A,purple,T,X
TxTx,12,3189,1,purple,T,X,A,purple,T,X
TxTx,12,3207,1,purple,T,X,A,purple,T,X
TxTx,12,3233,1,purple,T,X,A,purple,T,X
TxTx,12,3253,1,purple,T,X,A,purple,T,X
TxTx,12,3274,1,purple,T,X,A,purple,T,X
TxTx,12,3293,1,purple,T,X,A,purple,T,X
TxTx,12,3313,1,purple,T,X,A,purple,T,X
TxTx,12,3333,1,purple,T,X,A,purple,T,X
TxTx,12,3353,1,purple,T,X,A,purple,T,X
TxTx,12,3372,1,purple,T,X,A,purple,T,X
TxTx,12,3391,1,purple,T,X,A,purple,T,X
TxTx,12,3411,1,purple,T,X,A,purple,T,X
TxTx,12,3428,1,purple,T,X,A,purple,T,X
TxTx,12,3454,1,purple,T,X,A,purple,T,X
TxTx,12,3478,1,purple,T,X,A,purple,T,X
TxTx,12,3502,1,purple,T,X,A,purple,T,X
TxTx,12,3526,56,purple,T,X,H,purple,T,X
TxTx,12,3774,1,purple,T,X,A,purple,T,X
TxTx,12,3793,1,purple,T,X,A,purple,T,X
TxTx,12,3811,1,purple,T,X,A,purple,T,X
TxTx,12,3832,1,purple,T,X,A,purple,T,X
TxTx,12,3851,1,purple,T,X,A,purple,T,X
TxTx,12,3887,1,purple,T,X,A,purple,T,X
TxTx,12,3904,1,purple,T,X,A,purple,T,X
TxTx,12,3922,1,purple,T,X,A,purple,T,X
TxTx,12,3968,1,purple,T,X,A,purple,T,X
TxTx,12,4004,1,purple,T,X,A,purple,T,X
TxTx,12,4022,1,purple,T,X,A,purple,T,X
TxTx,12,4043,1,purple,T,X,A,purple,T,X
TxTx,12,4065,1,purple,T,X,A,purple,T,X
TxTx,12,4081,1,purple,T,X,A,purple,T,X
TxTx,12,4304,1,purple,T,X,A,purple,T,X
TxTx,12,4326,1,purple,T,X,A,purple,T,X
TxTx,12,4352,1,purple,T,X,A,purple,T,X
TxTx,12,4395,1,purple,T,X,A,purple,T,X
TxTx,12,4416,1,purple,T,X,A,purple,T,X
TxTx,12,4434,1,purple,T,X,A,purple,T,X
TxTx,12,4453,1,purple,T,X,A,purple,T,X
TxTx,12,4471,1,purple,T,X,A,purple,T,X
TxTx,12,4488,1,purple,T,X,A,purple,T,X
TxTx,12,4490,265,purple,T,X,H,purple,T,X
TxTx,12,4762,99,purple,T,X,R,purple,T,X
TxTx,12,5828,1,purple,T,X,A,purple,T,X
TxTx,12,5844,1,purple,T,X,A,purple,T,X
TxTx,12,5879,1,purple,T,X,A,purple,T,X
TxTx,12,5895,1,purple,T,X,A,purple,T,X
TxTx,12,5913,1,purple,T,X,A,purple,T,X
TxTx,12,5930,1,purple,T,X,A,purple,T,X
TxTx,12,5948,1,purple,T,X,A,purple,T,X
TxTx,12,5966,1,purple,T,X,A,purple,T,X
TxTx,12,5986,1,purple,T,X,A,purple,T,X
TxTx,12,6003,1,purple,T,X,A,purple,T,X
TxTx,12,6022,1,purple,T,X,A,purple,T,X
TxTx,12,6048,1,purple,T,X,A,purple,T,X
TxTx,12,6067,1,purple,T,X,A,purple,T,X
TxTx,12,6088,1,purple,T,X,A,purple,T,X
TxTx,12,6105,1,purple,T,X,A,purple,T,X
TxTx,12,6126,1,purple,T,X,A,purple,T,X
TxTx,12,6142,1,purple,T,X,A,purple,T,X
TxTx,12,6160,1,purple,T,X,A,purple,T,X
TxTx,12,6177,1,purple,T,X,A,purple,T,X
TxTx,12,6194,1,purple,T,X,A,purple,T,X
TxTx,12,6214,1,purple,T,X,A,purple,T,X
TxTx,12,6232,1,purple,T,X,A,purple,T,X
TxTx,12,6255,1,purple,T,X,A,purple,T,X
TxTx,12,6273,1,purple,T,X,A,purple,T,X
TxTx,12,6290,1,purple,T,X,A,purple,T,X
TxTx,12,6307,1,purple,T,X,A,purple,T,X
TxTx,12,6339,1,purple,T,X,A,purple,T,X
TxTx,12,6694,1,purple,T,X,A,purple,T,X
TxTx,12,6712,1,purple,T,X,A,purple,T,X
TxTx,12,6726,1,purple,T,X,A,purple,T,X
TxTx,12,6742,1,purple,T,X,A,purple,T,X
TxTx,12,6760,1,purple,T,X,A,purple,T,X
TxTx,12,6782,1,purple,T,X,A,purple,T,X
TxTx,12,6801,1,purple,T,X,A,purple,T,X
TxTx,12,6826,1,purple,T,X,A,purple,T,X
TxTx,12,6849,1,purple,T,X,A,purple,T,X
TxTx,12,6868,1,purple,T,X,A,purple,T,X
TxTx,12,8123,1,purple,T,X,A,purple,T,X
TxTx,12,8153,1,purple,T,X,A,purple,T,X
TxTx,12,8171,1,purple,T,X,A,purple,T,X
TxTx,12,8190,1,purple,T,X,A,purple,T,X
TxTx,12,8477,161,purple,T,X,H,purple,T,X
TxTx,12,9177,1,purple,T,X,A,purple,T,X
TxTx,12,9194,1,purple,T,X,A,purple,T,X
TxTx,12,9616,1,purple,T,X,A,purple,T,X
TxTx,12,9666,1,purple,T,X,A,purple,T,X
TxTx,12,9685,1,purple,T,X,A,purple,T,X
TxTx,12,9810,1,purple,T,X,A,purple,T,X
TxTx,12,9829,1,purple,T,X,A,purple,T,X
TxTx,12,9850,1,purple,T,X,A,purple,T,X
TxTx,12,9857,75,purple,T,X,H,purple,T,X
TxTx,12,11006,1,purple,T,X,A,purple,T,X
TxTx,12,11046,1,purple,T,X,A,purple,T,X
TxTx,12,11064,1,purple,T,X,A,purple,T,X
TxTx,12,11082,1,purple,T,X,A,purple,T,X
TxTx,12,11104,1,purple,T,X,A,purple,T,X
TxTx,12,11121,1,purple,T,X,A,purple,T,X
TxTx,12,11153,1,purple,T,X,A,purple,T,X
TxTx,12,11163,27,purple,T,X,H,purple,T,X
TxTx,12,11254,1,purple,T,X,A,purple,T,X
TxTx,12,11269,1,purple,T,X,A,purple,T,X
TxTx,12,11284,1,purple,T,X,A,purple,T,X
TxTx,12,11296,195,purple,T,X,H,purple,T,X
TxTx,12,11885,1,purple,T,X,A,purple,T,X
TxTx,12,11903,1,purple,T,X,A,purple,T,X
TxTx,12,11925,1,purple,T,X,A,purple,T,X
TxTx,12,11958,1,purple,T,X,A,purple,T,X
TxTx,12,11977,1,purple,T,X,A,purple,T,X
TxTx,12,12034,1,purple,T,X,A,purple,T,X
TxTx,12,12050,1,purple,T,X,A,purple,T,X
TxTx,12,12070,1,purple,T,X,A,purple,T,X
TxTx,12,12092,1,purple,T,X,A,purple,T,X
TxTx,12,12111,1,purple,T,X,A,purple,T,X
TxTx,12,12190,1,purple,T,X,A,purple,T,X
TxTx,12,12211,1,purple,T,X,A,purple,T,X
TxTx,12,12233,1,purple,T,X,A,purple,T,X
TxTx,12,12324,1,purple,T,X,A,purple,T,X
TxTx,12,12340,1,purple,T,X,A,purple,T,X
TxTx,12,12549,1,purple,T,X,A,purple,T,X
TxTx,12,12569,1,purple,T,X,A,purple,T,X
TxTx,12,12716,1,purple,T,X,A,purple,T,X
TxTx,12,12730,1,purple,T,X,A,purple,T,X
TxTx,12,12888,1,purple,T,X,A,purple,T,X
TxTx,12,12905,1,purple,T,X,A,purple,T,X
TxTx,12,12957,1,purple,T,X,A,purple,T,X
TxTx,12,12974,1,purple,T,X,A,purple,T,X
TxTx,12,13112,1,purple,T,X,A,purple,T,X
TxTx,12,13130,1,purple,T,X,A,purple,T,X
TxTx,12,13135,22,purple,T,X,H,purple,T,X
TxTx,12,13196,1,purple,T,X,A,purple,T,X
TxTx,12,14268,1,purple,T,X,A,purple,T,X
TxTx,12,14291,1,purple,T,X,A,purple,T,X
TxTx,12,14307,1,purple,T,X,A,purple,T,X
TxTx,12,14325,1,purple,T,X,A,purple,T,X
TxTx,12,14495,1,purple,T,X,A,purple,T,X
TxTx,12,14515,1,purple,T,X,A,purple,T,X
TxTx,12,14531,1,purple,T,X,A,purple,T,X
TxTx,12,14551,1,purple,T,X,A,purple,T,X
TxTx,12,14568,1,purple,T,X,A,purple,T,X
TxTx,12,14587,1,purple,T,X,A,purple,T,X
TxTx,12,14605,1,purple,T,X,A,purple,T,X
TxTx,12,14625,1,purple,T,X,A,purple,T,X
TxTx,12,14643,1,purple,T,X,A,purple,T,X
TxTx,12,14663,1,purple,T,X,A,purple,T,X
TxTx,12,14683,1,purple,T,X,A,purple,T,X
TxTx,12,14701,1,purple,T,X,A,purple,T,X
TxTx,12,14724,1,purple,T,X,A,purple,T,X
TxTx,12,14731,35,purple,T,X,H,purple,T,X
TxTx,12,14863,1,purple,T,X,A,purple,T,X
TxTx,12,14906,1,purple,T,X,A,purple,T,X
TxTx,12,14926,1,purple,T,X,A,purple,T,X
TxTx,12,14946,1,purple,T,X,A,purple,T,X
TxTx,12,14967,1,purple,T,X,A,purple,T,X
TxTx,12,14987,1,purple,T,X,A,purple,T,X
TxTx,12,15010,1,purple,T,X,A,purple,T,X
TxTx,12,15032,1,purple,T,X,A,purple,T,X
TxTx,12,15054,1,purple,T,X,A,purple,T,X
TxTx,12,15073,1,purple,T,X,A,purple,T,X
TxTx,12,15094,1,purple,T,X,A,purple,T,X
TxTx,12,15097,71,purple,T,X,H,purple,T,X
TxTx,12,15227,1,purple,T,X,A,purple,T,X
TxTx,12,15392,1,purple,T,X,A,purple,T,X
TxTx,12,15417,1,purple,T,X,A,purple,T,X
TxTx,12,15454,1,purple,T,X,A,purple,T,X
TxTx,12,15483,1,purple,T,X,A,purple,T,X
TxTx,12,15702,1,purple,T,X,A,purple,T,X
TxTx,12,15729,1,purple,T,X,A,purple,T,X
TxTx,12,15751,1,purple,T,X,A,purple,T,X
TxTx,12,15830,1,purple,T,X,A,purple,T,X
TxTx,12,15861,1,purple,T,X,A,purple,T,X
TxTx,12,15886,1,purple,T,X,A,purple,T,X
TxTx,12,15910,1,purple,T,X,A,purple,T,X
TxTx,12,15923,1,purple,T,X,A,purple,T,X
TxTx,12,15946,122,purple,T,X,H,purple,T,X
TxTx,12,16989,1,purple,T,X,A,purple,T,X
TxTx,12,17008,1,purple,T,X,A,purple,T,X
TxTx,12,17024,1,purple,T,X,A,purple,T,X
TxTx,12,17038,1,purple,T,X,A,purple,T,X
TxTx,12,17129,1,purple,T,X,A,purple,T,X
TxTx,12,17145,1,purple,T,X,A,purple,T,X
TxTx,12,17161,1,purple,T,X,A,purple,T,X
TxTx,12,18063,1,purple,T,X,A,purple,T,X
TxTx,12,18087,1,purple,T,X,A,purple,T,X
TxTx,12,18105,1,purple,T,X,A,purple,T,X
TxTx,12,18119,1,purple,T,X,A,purple,T,X
TxTx,12,18137,1,purple,T,X,A,purple,T,X
TxTx,12,18156,1,purple,T,X,A,purple,T,X
TxTx,12,18179,1,purple,T,X,A,purple,T,X
TxTx,12,18196,1,purple,T,X,A,purple,T,X
TxTx,12,18217,1,purple,T,X,A,purple,T,X
TxTx,12,18238,1,purple,T,X,A,purple,T,X
TxTx,12,18258,1,purple,T,X,A,purple,T,X
TxTx,12,18282,1,purple,T,X,A,purple,T,X
TxTx,12,18304,1,purple,T,X,A,purple,T,X
TxTx,12,18321,1,purple,T,X,A,purple,T,X
TxTx,12,18343,1,purple,T,X,A,purple,T,X
TxTx,12,18366,1,purple,T,X,A,purple,T,X
TxTx,12,18380,1,purple,T,X,A,purple,T,X
TxTx,12,18410,1,purple,T,X,A,purple,T,X
TxTx,12,18432,1,purple,T,X,A,purple,T,X
TxTx,12,18456,1,purple,T,X,A,purple,T,X
TxTx,12,18779,1,purple,T,X,A,purple,T,X
TxTx,12,18814,1,purple,T,X,A,purple,T,X
TxTx,12,18843,1,purple,T,X,A,purple,T,X
TxTx,12,18865,1,purple,T,X,A,purple,T,X
TxTx,12,18880,1,purple,T,X,A,purple,T,X
TxTx,12,18970,1,purple,T,X,A,purple,T,X
TxTx,12,18992,1,purple,T,X,A,purple,T,X
TxTx,12,19051,1,purple,T,X,A,purple,T,X
TxTx,12,19073,1,purple,T,X,A,purple,T,X
TxTx,12,19100,1,purple,T,X,A,purple,T,X
TxTx,12,19118,1,purple,T,X,A,purple,T,X
TxTx,12,19160,1,purple,T,X,A,purple,T,X
TxTx,12,19177,1,purple,T,X,A,purple,T,X
TxTx,12,19200,1,purple,T,X,A,purple,T,X
TxTx,12,19264,1,purple,T,X,A,purple,T,X
TxTx,12,19287,1,purple,T,X,A,purple,T,X
TxTx,12,19305,1,purple,T,X,A,purple,T,X
TxTx,12,19430,1,purple,T,X,A,purple,T,X
TxTx,12,19537,1,purple,T,X,A,purple,T,X
TxTx,12,19560,1,purple,T,X,A,purple,T,X
TxTx,12,19603,1,purple,T,X,A,purple,T,X
TxTx,12,19624,1,purple,T,X,A,purple,T,X
TxTx,12,19647,1,purple,T,X,A,purple,T,X
TxTx,12,19668,1,purple,T,X,A,purple,T,X
TxTx,12,19691,1,purple,T,X,A,purple,T,X
TxTx,12,19709,1,purple,T,X,A,purple,T,X
TxTx,12,19851,1,purple,T,X,A,purple,T,X
TxTx,12,19877,1,purple,T,X,A,purple,T,X
TxTx,12,20130,1,purple,T,X,A,purple,T,X
TxTx,12,20150,1,purple,T,X,A,purple,T,X
TxTx,12,20179,1,purple,T,X,A,purple,T,X
TxTx,12,20201,1,purple,T,X,A,purple,T,X
TxTx,12,20221,1,purple,T,X,A,purple,T,X
TxTx,12,20493,1,purple,T,X,A,purple,T,X
TxTx,12,20514,1,purple,T,X,A,purple,T,X
TxTx,12,20534,1,purple,T,X,A,purple,T,X
TxTx,12,20553,1,purple,T,X,A,purple,T,X
TxTx,12,20576,1,purple,T,X,A,purple,T,X
TxTx,12,20591,1,purple,T,X,A,purple,T,X
TxTx,12,20609,1,purple,T,X,A,purple,T,X
TxTx,12,20858,1,purple,T,X,A,purple,T,X
TxTx,12,20880,1,purple,T,X,A,purple,T,X
TxTx,12,20898,1,purple,T,X,A,purple,T,X
TxTx,12,20918,1,purple,T,X,A,purple,T,X
TxTx,12,20939,1,purple,T,X,A,purple,T,X
TxTx,12,20960,1,purple,T,X,A,purple,T,X
TxTx,12,20981,1,purple,T,X,A,purple,T,X
TxTx,12,21001,1,purple,T,X,A,purple,T,X
TxTx,12,21037,1,purple,T,X,A,purple,T,X
TxTx,12,21057,1,purple,T,X,A,purple,T,X
TxTx,12,21076,1,purple,T,X,A,purple,T,X
TxTx,12,21098,1,purple,T,X,A,purple,T,X
TxTx,12,21117,1,purple,T,X,A,purple,T,X
TxTx,12,21118,127,purple,T,X,H,purple,T,X
TxTx,12,21592,1,purple,T,X,A,purple,T,X
TxTx,12,21613,1,purple,T,X,A,purple,T,X
TxTx,12,21634,1,purple,T,X,A,purple,T,X
TxTx,12,21658,1,purple,T,X,A,purple,T,X
TxTx,12,21677,1,purple,T,X,A,purple,T,X
TxTx,12,21701,1,purple,T,X,A,purple,T,X
TxTx,12,21719,1,purple,T,X,A,purple,T,X
TxTx,12,21740,1,purple,T,X,A,purple,T,X
TxTx,12,21744,150,purple,T,X,H,purple,T,X
TxTx,12,22037,1,purple,T,X,A,purple,T,X
TxTx,12,22056,1,purple,T,X,A,purple,T,X
TxTx,12,22073,72,purple,T,X,H,purple,T,X
TxTx,12,22580,1,purple,T,X,A,purple,T,X
TxTx,12,22601,1,purple,T,X,A,purple,T,X
TxTx,12,22619,1,purple,T,X,A,purple,T,X
TxTx,12,22641,1,purple,T,X,A,purple,T,X
TxTx,12,22659,1,purple,T,X,A,purple,T,X
TxTx,12,22731,1,purple,T,X,A,purple,T,X
TxTx,12,22753,1,purple,T,X,A,purple,T,X
TxTx,12,22770,1,purple,T,X,A,purple,T,X
TxTx,12,22790,1,purple,T,X,A,purple,T,X
TxTx,12,22813,1,purple,T,X,A,purple,T,X
TxTx,12,22832,1,purple,T,X,A,purple,T,X
TxTx,12,22853,1,purple,T,X,A,purple,T,X
TxTx,12,22857,73,purple,T,X,H,purple,T,X
TxTx,12,22999,1,purple,T,X,A,purple,T,X
TxTx,12,23019,1,purple,T,X,A,purple,T,X
TxTx,12,23040,1,purple,T,X,A,purple,T,X
TxTx,12,23059,1,purple,T,X,A,purple,T,X
TxTx,12,23081,1,purple,T,X,A,purple,T,X
TxTx,12,23105,1,purple,T,X,A,purple,T,X
TxTx,12,23123,1,purple,T,X,A,purple,T,X
TxTx,12,23142,1,purple,T,X,A,purple,T,X
TxTx,12,23157,1,purple,T,X,A,purple,T,X
TxTx,12,23164,1,purple,T,X,A,purple,T,X
TxTx,12,23183,1,purple,T,X,A,purple,T,X
TxTx,12,23286,1,purple,T,X,A,purple,T,X
TxTx,12,23416,1,purple,T,X,A,purple,T,X
TxTx,12,23435,1,purple,T,X,A,purple,T,X
TxTx,12,23456,1,purple,T,X,A,purple,T,X
TxTx,12,23475,1,purple,T,X,A,purple,T,X
TxTx,12,23490,1,purple,T,X,A,purple,T,X
TxTx,12,23518,1,purple,T,X,A,purple,T,X
TxTx,12,23538,1,purple,T,X,A,purple,T,X
TxTx,12,23556,1,purple,T,X,A,purple,T,X
TxTx,12,23577,1,purple,T,X,A,purple,T,X
TxTx,12,23596,1,purple,T,X,A,purple,T,X
TxTx,12,23644,1,purple,T,X,A,purple,T,X
TxTx,12,23661,1,purple,T,X,A,purple,T,X
TxTx,12,23682,1,purple,T,X,A,purple,T,X
TxTx,12,23703,1,purple,T,X,A,purple,T,X
TxTx,12,23734,1,purple,T,X,A,purple,T,X
TxTx,12,23757,1,purple,T,X,A,purple,T,X
TxTx,12,23776,1,purple,T,X,A,purple,T,X
TxTx,12,23799,1,purple,T,X,A,purple,T,X
TxTx,12,23823,1,purple,T,X,A,purple,T,X
TxTx,12,23842,1,purple,T,X,A,purple,T,X
TxTx,12,23859,1,purple,T,X,A,purple,T,X
TxTx,12,23880,1,purple,T,X,A,purple,T,X
TxTx,12,23900,1,purple,T,X,A,purple,T,X
TxTx,12,23923,1,purple,T,X,A,purple,T,X
TxTx,12,24365,1,purple,T,X,A,purple,T,X
TxTx,12,24386,1,purple,T,X,A,purple,T,X
TxTx,12,24406,1,purple,T,X,A,purple,T,X
TxTx,12,24431,1,purple,T,X,A,purple,T,X
TxTx,12,24453,1,purple,T,X,A,purple,T,X
TxTx,12,24471,1,purple,T,X,A,purple,T,X
TxTx,12,24491,1,purple,T,X,A,purple,T,X
TxTx,12,24509,1,purple,T,X,A,purple,T,X
TxTx,12,24527,1,purple,T,X,A,purple,T,X
TxTx,12,24546,1,purple,T,X,A,purple,T,X
TxTx,12,24559,170,purple,T,X,H,purple,T,X
TxTx,12,24830,1,purple,T,X,A,purple,T,X
TxTx,12,24850,1,purple,T,X,A,purple,T,X
TxTx,12,24870,1,purple,T,X,A,purple,T,X
TxTx,12,24890,1,purple,T,X,A,purple,T,X
TxTx,12,24942,1,purple,T,X,A,purple,T,X
TxTx,12,24961,1,purple,T,X,A,purple,T,X
TxTx,12,24984,1,purple,T,X,A,purple,T,X
TxTx,12,25004,1,purple,T,X,A,purple,T,X
TxTx,12,25030,1,purple,T,X,A,purple,T,X
TxTx,12,25048,1,purple,T,X,A,purple,T,X
TxTx,12,25070,1,purple,T,X,A,purple,T,X
TxTx,12,25090,1,purple,T,X,A,purple,T,X
TxTx,12,25110,1,purple,T,X,A,purple,T,X
TxTx,12,25131,1,purple,T,X,A,purple,T,X
TxTx,12,25153,1,purple,T,X,A,purple,T,X
TxTx,12,25171,1,purple,T,X,A,purple,T,X
TxTx,12,25185,43,purple,T,X,H,purple,T,X
TxTx,12,25238,1,purple,T,X,A,purple,T,X
TxTx,12,25362,1,purple,T,X,A,purple,T,X
TxTx,12,25386,1,purple,T,X,A,purple,T,X
TxTx,12,25493,1,purple,T,X,A,purple,T,X
TxTx,12,25514,1,purple,T,X,A,purple,T,X
TxTx,12,25534,1,purple,T,X,A,purple,T,X
TxTx,12,25553,1,purple,T,X,A,purple,T,X
TxTx,12,25570,1,purple,T,X,A,purple,T,X
TxTx,12,25592,1,purple,T,X,A,purple,T,X
TxTx,12,25611,1,purple,T,X,A,purple,T,X
TxTx,12,25645,1,purple,T,X,A,purple,T,X
TxTx,12,25663,1,purple,T,X,A,purple,T,X
TxTx,12,25684,1,purple,T,X,A,purple,T,X
TxTx,12,25701,1,purple,T,X,A,purple,T,X
TxTx,12,25721,1,purple,T,X,A,purple,T,X
TxTx,12,25740,1,purple,T,X,A,purple,T,X
TxTx,12,25759,1,purple,T,X,A,purple,T,X
TxTx,12,25776,1,purple,T,X,A,purple,T,X
TxTx,12,25798,1,purple,T,X,A,purple,T,X
TxTx,12,25814,1,purple,T,X,A,purple,T,X
TxTx,12,25834,244,purple,T,X,H,purple,T,X
TxTx,12,26308,1,purple,T,X,A,purple,T,X
TxTx,12,26369,1,purple,T,X,A,purple,T,X
TxTx,12,26387,1,purple,T,X,A,purple,T,X
TxTx,12,26403,1,purple,T,X,A,purple,T,X
TxTx,12,26420,1,purple,T,X,A,purple,T,X
TxTx,12,26440,1,purple,T,X,A,purple,T,X
TxTx,12,26456,1,purple,T,X,A,purple,T,X
TxTx,12,26476,1,purple,T,X,A,purple,T,X
TxTx,12,26572,1,purple,T,X,A,purple,T,X
TxTx,12,26591,1,purple,T,X,A,purple,T,X
TxTx,12,26611,1,purple,T,X,A,purple,T,X
TxTx,12,26834,1,purple,T,X,A,purple,T,X
TxTx,12,26852,1,purple,T,X,A,purple,T,X
TxTx,12,26868,1,purple,T,X,A,purple,T,X
TxTx,12,26883,1,purple,T,X,A,purple,T,X
TxTx,12,27450,39,purple,T,X,H,purple,T,X
TxTx,12,0,1,blue,N,X,A,blue,N,X
TxTx,12,34,1,blue,N,X,A,blue,N,X
TxTx,12,49,1,blue,N,X,A,blue,N,X
TxTx,12,143,1,blue,N,X,A,blue,N,X
TxTx,12,157,1,blue,N,X,A,blue,N,X
TxTx,12,192,1,blue,N,X,A,blue,N,X
TxTx,12,210,1,blue,N,X,A,blue,N,X
TxTx,12,226,1,blue,N,X,A,blue,N,X
TxTx,12,267,1,blue,N,X,A,blue,N,X
TxTx,12,283,1,blue,N,X,A,blue,N,X
TxTx,12,304,1,blue,N,X,A,blue,N,X
TxTx,12,324,1,blue,N,X,A,blue,N,X
TxTx,12,342,1,blue,N,X,A,blue,N,X
TxTx,12,359,1,blue,N,X,A,blue,N,X
TxTx,12,378,1,blue,N,X,A,blue,N,X
TxTx,12,392,1,blue,N,X,A,blue,N,X
TxTx,12,519,1,blue,N,X,A,blue,N,X
TxTx,12,536,1,blue,N,X,A,blue,N,X
TxTx,12,553,1,blue,N,X,A,blue,N,X
TxTx,12,570,1,blue,N,X,A,blue,N,X
TxTx,12,586,1,blue,N,X,A,blue,N,X
TxTx,12,606,1,blue,N,X,A,blue,N,X
TxTx,12,1071,1,blue,N,X,A,blue,N,X
TxTx,12,1092,1,blue,N,X,A,blue,N,X
TxTx,12,1112,1,blue,N,X,A,blue,N,X
TxTx,12,1132,1,blue,N,X,A,blue,N,X
TxTx,12,1154,1,blue,N,X,A,blue,N,X
TxTx,12,1178,1,blue,N,X,A,blue,N,X
TxTx,12,1198,1,blue,N,X,A,blue,N,X
TxTx,12,1220,1,blue,N,X,A,blue,N,X
TxTx,12,1240,1,blue,N,X,A,blue,N,X
TxTx,12,1257,1,blue,N,X,A,blue,N,X
TxTx,12,1276,1,blue,N,X,A,blue,N,X
TxTx,12,1294,1,blue,N,X,A,blue,N,X
TxTx,12,1318,1,blue,N,X,A,blue,N,X
TxTx,12,1322,189,blue,N,X,H,blue,N,X
TxTx,12,2217,1,blue,N,X,A,blue,N,X
TxTx,12,2235,1,blue,N,X,A,blue,N,X
TxTx,12,2253,1,blue,N,X,A,blue,N,X
TxTx,12,2268,1,blue,N,X,A,blue,N,X
TxTx,12,2284,1,blue,N,X,A,blue,N,X
TxTx,12,2298,1,blue,N,X,A,blue,N,X
TxTx,12,3253,1,blue,N,X,A,blue,N,X
TxTx,12,3268,1,blue,N,X,A,blue,N,X
TxTx,12,4324,1,blue,N,X,A,blue,N,X
TxTx,12,5021,1,blue,N,X,A,blue,N,X
TxTx,12,5040,1,blue,N,X,A,blue,N,X
TxTx,12,5062,1,blue,N,X,A,blue,N,X
TxTx,12,5081,1,blue,N,X,A,blue,N,X
TxTx,12,5098,1,blue,N,X,A,blue,N,X
TxTx,12,5116,1,blue,N,X,A,blue,N,X
TxTx,12,5136,1,blue,N,X,A,blue,N,X
TxTx,12,5154,1,blue,N,X,A,blue,N,X
TxTx,12,5170,1,blue,N,X,A,blue,N,X
TxTx,12,6380,1,blue,N,X,A,blue,N,X
TxTx,12,6400,1,blue,N,X,A,blue,N,X
TxTx,12,6417,1,blue,N,X,A,blue,N,X
TxTx,12,7599,70,blue,N,X,H,blue,N,X
TxTx,12,8813,1,blue,N,X,A,blue,N,X
TxTx,12,8828,1,blue,N,X,A,blue,N,X
TxTx,12,8852,1,blue,N,X,A,blue,N,X
TxTx,12,8981,1,blue,N,X,A,blue,N,X
TxTx,12,8998,1,blue,N,X,A,blue,N,X
TxTx,12,9020,1,blue,N,X,A,blue,N,X
TxTx,12,9080,1,blue,N,X,A,blue,N,X
TxTx,12,9098,1,blue,N,X,A,blue,N,X
TxTx,12,9115,1,blue,N,X,A,blue,N,X
TxTx,12,9130,1,blue,N,X,A,blue,N,X
TxTx,12,9304,1,blue,N,X,A,blue,N,X
TxTx,12,9316,1,blue,N,X,A,blue,N,X
TxTx,12,9334,1,blue,N,X,A,blue,N,X
TxTx,12,9349,1,blue,N,X,A,blue,N,X
TxTx,12,9451,1,blue,N,X,A,blue,N,X
TxTx,12,9458,206,blue,N,X,H,blue,N,X
TxTx,12,9666,99,blue,N,X,R,blue,N,X
TxTx,12,9882,1,blue,N,X,A,blue,N,X
TxTx,12,9901,1,blue,N,X,A,blue,N,X
TxTx,12,10068,1,blue,N,X,A,blue,N,X
TxTx,12,10106,1,blue,N,X,A,blue,N,X
TxTx,12,10123,1,blue,N,X,A,blue,N,X
TxTx,12,10137,1,blue,N,X,A,blue,N,X
TxTx,12,10153,1,blue,N,X,A,blue,N,X
TxTx,12,10169,1,blue,N,X,A,blue,N,X
TxTx,12,10185,1,blue,N,X,A,blue,N,X
TxTx,12,10201,1,blue,N,X,A,blue,N,X
TxTx,12,11520,1,blue,N,X,A,blue,N,X
TxTx,12,11540,1,blue,N,X,A,blue,N,X
TxTx,12,11557,1,blue,N,X,A,blue,N,X
TxTx,12,11618,1,blue,N,X,A,blue,N,X
TxTx,12,11634,1,blue,N,X,A,blue,N,X
TxTx,12,11650,1,blue,N,X,A,blue,N,X
TxTx,12,11667,1,blue,N,X,A,blue,N,X
TxTx,12,11685,1,blue,N,X,A,blue,N,X
TxTx,12,11705,1,blue,N,X,A,blue,N,X
TxTx,12,11723,1,blue,N,X,A,blue,N,X
TxTx,12,11754,135,blue,N,X,H,blue,N,X
TxTx,12,12042,1,blue,N,X,A,blue,N,X
TxTx,12,12059,1,blue,N,X,A,blue,N,X
TxTx,12,12078,1,blue,N,X,A,blue,N,X
TxTx,12,12093,1,blue,N,X,A,blue,N,X
TxTx,12,12112,1,blue,N,X,A,blue,N,X
TxTx,12,12330,1,blue,N,X,A,blue,N,X
TxTx,12,12347,1,blue,N,X,A,blue,N,X
TxTx,12,12364,1,blue,N,X,A,blue,N,X
TxTx,12,12379,1,blue,N,X,A,blue,N,X
TxTx,12,12735,1,blue,N,X,A,blue,N,X
TxTx,12,12755,1,blue,N,X,A,blue,N,X
TxTx,12,12770,1,blue,N,X,A,blue,N,X
TxTx,12,13005,1,blue,N,X,A,blue,N,X
TxTx,12,13028,1,blue,N,X,A,blue,N,X
TxTx,12,13046,1,blue,N,X,A,blue,N,X
TxTx,12,13064,1,blue,N,X,A,blue,N,X
TxTx,12,13078,1,blue,N,X,A,blue,N,X
TxTx,12,13120,1,blue,N,X,A,blue,N,X
TxTx,12,13171,1,blue,N,X,A,blue,N,X
TxTx,12,13247,1,blue,N,X,A,blue,N,X
TxTx,12,13263,1,blue,N,X,A,blue,N,X
TxTx,12,13281,1,blue,N,X,A,blue,N,X
TxTx,12,13299,1,blue,N,X,A,blue,N,X
TxTx,12,13317,1,blue,N,X,A,blue,N,X
TxTx,12,13435,1,blue,N,X,A,blue,N,X
TxTx,12,13453,1,blue,N,X,A,blue,N,X
TxTx,12,13468,1,blue,N,X,A,blue,N,X
TxTx,12,13605,1,blue,N,X,A,blue,N,X
TxTx,12,13621,1,blue,N,X,A,blue,N,X
TxTx,12,13626,193,blue,N,X,H,blue,N,X
TxTx,12,14402,66,blue,N,X,H,blue,N,X
TxTx,12,14501,161,blue,N,X,H,blue,N,X
TxTx,12,14662,153,blue,N,X,R,blue,N,X
TxTx,12,14969,1,blue,N,X,A,blue,N,X
TxTx,12,15089,1,blue,N,X,A,blue,N,X
TxTx,12,15220,1,blue,N,X,A,blue,N,X
TxTx,12,15249,1,blue,N,X,A,blue,N,X
TxTx,12,15267,1,blue,N,X,A,blue,N,X
TxTx,12,15292,1,blue,N,X,A,blue,N,X
TxTx,12,15307,1,blue,N,X,A,blue,N,X
TxTx,12,15325,1,blue,N,X,A,blue,N,X
TxTx,12,15340,1,blue,N,X,A,blue,N,X
TxTx,12,15457,1,blue,N,X,A,blue,N,X
TxTx,12,15475,1,blue,N,X,A,blue,N,X
TxTx,12,15499,1,blue,N,X,A,blue,N,X
TxTx,12,15519,1,blue,N,X,A,blue,N,X
TxTx,12,15586,1,blue,N,X,A,blue,N,X
TxTx,12,15604,1,blue,N,X,A,blue,N,X
TxTx,12,15620,1,blue,N,X,A,blue,N,X
TxTx,12,15680,1,blue,N,X,A,blue,N,X
TxTx,12,15700,1,blue,N,X,A,blue,N,X
TxTx,12,15706,1,blue,N,X,A,blue,N,X
TxTx,12,15717,1,blue,N,X,A,blue,N,X
TxTx,12,15736,1,blue,N,X,A,blue,N,X
TxTx,12,15753,1,blue,N,X,A,blue,N,X
TxTx,12,15782,259,blue,N,X,H,blue,N,X
TxTx,12,18667,89,blue,N,X,H,blue,N,X
TxTx,12,22327,341,blue,N,X,H,blue,N,X
TxTx,12,24406,390,blue,N,X,H,blue,N,X
TxTx,12,25047,210,blue,N,X,H,blue,N,X
TxTx,12,26674,78,blue,N,X,H,blue,N,X
TxTx,12,26845,115,blue,N,X,H,blue,N,X
TxTx,12,27123,1,blue,N,X,A,blue,N,X
TxTx,12,27138,1,blue,N,X,A,blue,N,X
TxTx,12,27154,1,blue,N,X,A,blue,N,X
TxTx,12,27173,1,blue,N,X,A,blue,N,X
TxTx,12,27188,1,blue,N,X,A,blue,N,X
TxTx,12,27516,169,blue,N,X,H,blue,N,X
TxTx,12,35,1,green,T,X,A,green,T,X
TxTx,12,57,1,green,T,X,A,green,T,X
TxTx,12,106,1,green,T,X,A,green,T,X
TxTx,12,126,1,green,T,X,A,green,T,X
TxTx,12,144,1,green,T,X,A,green,T,X
TxTx,12,162,1,green,T,X,A,green,T,X
TxTx,12,252,1,green,T,X,A,green,T,X
TxTx,12,270,1,green,T,X,A,green,T,X
TxTx,12,605,1,green,T,X,A,green,T,X
TxTx,12,649,1,green,T,X,A,green,T,X
TxTx,12,665,1,green,T,X,A,green,T,X
TxTx,12,684,1,green,T,X,A,green,T,X
TxTx,12,772,1,green,T,X,A,green,T,X
TxTx,12,788,1,green,T,X,A,green,T,X
TxTx,12,804,1,green,T,X,A,green,T,X
TxTx,12,1064,1,green,T,X,A,green,T,X
TxTx,12,1083,1,green,T,X,A,green,T,X
TxTx,12,1101,1,green,T,X,A,green,T,X
TxTx,12,1108,65,green,T,X,H,green,T,X
TxTx,12,1363,1,green,T,X,A,green,T,X
TxTx,12,1380,1,green,T,X,A,green,T,X
TxTx,12,1395,1,green,T,X,A,green,T,X
TxTx,12,1906,1,green,T,X,A,green,T,X
TxTx,12,1926,1,green,T,X,A,green,T,X
TxTx,12,1940,1,green,T,X,A,green,T,X
TxTx,12,1959,1,green,T,X,A,green,T,X
TxTx,12,1976,1,green,T,X,A,green,T,X
TxTx,12,1997,1,green,T,X,A,green,T,X
TxTx,12,2015,1,green,T,X,A,green,T,X
TxTx,12,2031,1,green,T,X,A,green,T,X
TxTx,12,2879,1,green,T,X,A,green,T,X
TxTx,12,2898,1,green,T,X,A,green,T,X
TxTx,12,2916,1,green,T,X,A,green,T,X
TxTx,12,2935,1,green,T,X,A,green,T,X
TxTx,12,2957,1,green,T,X,A,green,T,X
TxTx,12,2972,1,green,T,X,A,green,T,X
TxTx,12,2986,1,green,T,X,A,green,T,X
TxTx,12,3002,1,green,T,X,A,green,T,X
TxTx,12,3055,1,green,T,X,A,green,T,X
TxTx,12,3071,1,green,T,X,A,green,T,X
TxTx,12,3086,1,green,T,X,A,green,T,X
TxTx,12,3103,1,green,T,X,A,green,T,X
TxTx,12,3118,1,green,T,X,A,green,T,X
TxTx,12,3138,1,green,T,X,A,green,T,X
TxTx,12,3156,1,green,T,X,A,green,T,X
TxTx,12,3166,83,green,T,X,H,green,T,X
TxTx,12,3545,205,green,T,X,H,green,T,X
TxTx,12,5139,319,green,T,X,H,green,T,X
TxTx,12,5861,1,green,T,X,A,green,T,X
TxTx,12,5884,1,green,T,X,A,green,T,X
TxTx,12,5899,1,green,T,X,A,green,T,X
TxTx,12,5914,1,green,T,X,A,green,T,X
TxTx,12,6864,1,green,T,X,A,green,T,X
TxTx,12,6884,1,green,T,X,A,green,T,X
TxTx,12,6900,1,green,T,X,A,green,T,X
TxTx,12,6915,1,green,T,X,A,green,T,X
TxTx,12,6932,1,green,T,X,A,green,T,X
TxTx,12,6948,1,green,T,X,A,green,T,X
TxTx,12,6964,1,green,T,X,A,green,T,X
TxTx,12,6982,1,green,T,X,A,green,T,X
TxTx,12,6999,1,green,T,X,A,green,T,X
TxTx,12,7015,1,green,T,X,A,green,T,X
TxTx,12,7034,1,green,T,X,A,green,T,X
TxTx,12,7050,15,green,T,X,H,green,T,X
TxTx,12,7109,396,green,T,X,H,green,T,X
TxTx,12,8357,390,green,T,X,H,green,T,X
TxTx,12,8859,26,green,T,X,H,green,T,X
TxTx,12,8919,70,green,T,X,H,green,T,X
TxTx,12,9581,1,green,T,X,A,green,T,X
TxTx,12,9633,1,green,T,X,A,green,T,X
TxTx,12,9647,1,green,T,X,A,green,T,X
TxTx,12,9806,1,green,T,X,A,green,T,X
TxTx,12,9820,1,green,T,X,A,green,T,X
TxTx,12,9834,1,green,T,X,A,green,T,X
TxTx,12,9848,1,green,T,X,A,green,T,X
TxTx,12,9861,1,green,T,X,A,green,T,X
TxTx,12,9910,1,green,T,X,A,green,T,X
TxTx,12,9927,1,green,T,X,A,green,T,X
TxTx,12,9939,1,green,T,X,A,green,T,X
TxTx,12,9950,1,green,T,X,A,green,T,X
TxTx,12,9967,1,green,T,X,A,green,T,X
TxTx,12,10957,1,green,T,X,A,green,T,X
TxTx,12,11182,1,green,T,X,A,green,T,X
TxTx,12,12296,1,green,T,X,A,green,T,X
TxTx,12,12315,1,green,T,X,A,green,T,X
TxTx,12,12332,1,green,T,X,A,green,T,X
TxTx,12,12350,1,green,T,X,A,green,T,X
TxTx,12,12368,1,green,T,X,A,green,T,X
TxTx,12,12374,201,green,T,X,H,green,T,X
TxTx,12,14444,1,green,T,X,A,green,T,X
TxTx,12,14461,1,green,T,X,A,green,T,X
TxTx,12,14474,1,green,T,X,A,green,T,X
TxTx,12,15620,1,green,T,X,A,green,T,X
TxTx,12,15677,1,green,T,X,A,green,T,X
TxTx,12,15692,1,green,T,X,A,green,T,X
TxTx,12,15707,1,green,T,X,A,green,T,X
TxTx,12,15724,1,green,T,X,A,green,T,X
TxTx,12,15742,1,green,T,X,A,green,T,X
TxTx,12,15763,1,green,T,X,A,green,T,X
TxTx,12,15780,1,green,T,X,A,green,T,X
TxTx,12,15799,1,green,T,X,A,green,T,X
TxTx,12,15824,1,green,T,X,A,green,T,X
TxTx,12,15982,1,green,T,X,A,green,T,X
TxTx,12,16018,1,green,T,X,A,green,T,X
TxTx,12,16042,1,green,T,X,A,green,T,X
TxTx,12,16066,1,green,T,X,A,green,T,X
TxTx,12,17640,166,green,T,X,H,green,T,X
TxTx,12,17828,157,green,T,X,H,green,T,X
TxTx,12,18062,89,green,T,X,H,green,T,X
TxTx,12,18213,96,green,T,X,H,green,T,X
TxTx,12,20236,1,green,T,X,A,green,T,X
TxTx,12,20253,1,green,T,X,A,green,T,X
TxTx,12,20601,1,green,T,X,A,green,T,X
TxTx,12,20620,1,green,T,X,A,green,T,X
TxTx,12,21065,88,green,T,X,H,green,T,X
TxTx,12,21300,1,green,T,X,A,green,T,X
TxTx,12,21316,1,green,T,X,A,green,T,X
TxTx,12,21336,1,green,T,X,A,green,T,X
TxTx,12,21356,1,green,T,X,A,green,T,X
TxTx,12,21371,1,green,T,X,A,green,T,X
TxTx,12,21406,1,green,T,X,A,green,T,X
TxTx,12,21422,1,green,T,X,A,green,T,X
TxTx,12,21443,1,green,T,X,A,green,T,X
TxTx,12,21467,222,green,T,X,H,green,T,X
TxTx,12,22513,1,green,T,X,A,green,T,X
TxTx,12,22535,1,green,T,X,A,green,T,X
TxTx,12,22597,1,green,T,X,A,green,T,X
TxTx,12,22643,237,green,T,X,H,green,T,X
TxTx,12,22929,41,green,T,X,H,green,T,X
TxTx,12,22972,139,green,T,X,R,green,T,X
TxTx,12,23535,1,green,T,X,A,green,T,X
TxTx,12,23554,1,green,T,X,A,green,T,X
TxTx,12,23570,1,green,T,X,A,green,T,X
TxTx,12,24123,1,green,T,X,A,green,T,X
TxTx,12,24147,1,green,T,X,A,green,T,X
TxTx,12,24165,1,green,T,X,A,green,T,X
TxTx,12,24187,1,green,T,X,A,green,T,X
TxTx,12,24210,1,green,T,X,A,green,T,X
TxTx,12,24675,59,green,T,X,H,green,T,X
TxTx,12,11915,49,red,N,X,T,green,T,X
