LTx,11,2293,187,yellow,T,X,G,orange,R,L
LTx,11,2644,228,yellow,T,X,G,orange,R,L
LTx,11,3156,4,yellow,T,X,G,orange,R,L
LTx,11,3178,37,yellow,T,X,G,orange,R,L
LTx,11,9779,17,yellow,T,X,S,yellow,T,X
LTx,11,9906,94,yellow,T,X,S,yellow,T,X
LTx,11,10290,17,yellow,T,X,S,yellow,T,X
LTx,11,10840,39,yellow,T,X,S,yellow,T,X
LTx,11,10923,22,yellow,T,X,S,yellow,T,X
LTx,11,15073,24,yellow,T,X,S,yellow,T,X
LTx,11,15123,17,yellow,T,X,S,yellow,T,X
LTx,11,15196,22,yellow,T,X,S,yellow,T,X
LTx,11,15568,13,yellow,T,X,S,yellow,T,X
LTx,11,15625,65,yellow,T,X,S,yellow,T,X
LTx,11,16466,23,yellow,T,X,S,yellow,T,X
LTx,11,23670,54,yellow,T,X,S,yellow,T,X
LTx,11,28145,23,yellow,T,X,S,yellow,T,X
LTx,11,28419,80,yellow,T,X,S,yellow,T,X
LTx,11,28576,149,yellow,T,X,S,yellow,T,X
LTx,11,29403,39,yellow,T,X,S,yellow,T,X
LTx,11,29504,203,yellow,T,X,G,blue,N,X
LTx,11,29998,648,yellow,T,X,G,blue,N,X
LTx,11,35270,51,yellow,T,X,S,yellow,T,X
LTx,11,35667,888,yellow,T,X,G,green,N,X
LTx,11,37182,38,yellow,T,X,S,yellow,T,X
LTx,11,47205,55,yellow,T,X,S,yellow,T,X
LTx,11,49171,16,yellow,T,X,S,yellow,T,X
LTx,11,49329,41,yellow,T,X,S,yellow,T,X
LTx,11,49486,96,yellow,T,X,S,yellow,T,X
LTx,11,49707,60,yellow,T,X,S,yellow,T,X
LTx,11,50116,51,yellow,T,X,S,yellow,T,X
LTx,11,50243,45,yellow,T,X,S,yellow,T,X
LTx,11,50403,80,yellow,T,X,S,yellow,T,X
LTx,11,50530,61,yellow,T,X,S,yellow,T,X
LTx,11,62121,13,yellow,T,X,S,yellow,T,X
LTx,11,62279,10,yellow,T,X,S,yellow,T,X
LTx,11,62326,11,yellow,T,X,S,yellow,T,X
LTx,11,62348,73,yellow,T,X,S,yellow,T,X
LTx,11,62581,19,yellow,T,X,S,yellow,T,X
LTx,11,62705,61,yellow,T,X,S,yellow,T,X
LTx,11,64258,130,yellow,T,X,S,yellow,T,X
LTx,11,64616,75,yellow,T,X,G,blue,N,X
LTx,11,64813,752,yellow,T,X,G,blue,N,X
LTx,11,66012,73,yellow,T,X,S,yellow,T,X
LTx,11,66194,1757,yellow,T,X,G,red,N,X
LTx,11,68704,18,yellow,T,X,S,yellow,T,X
LTx,11,69435,571,yellow,T,X,G,purple,N,X
LTx,11,70216,20,yellow,T,X,S,yellow,T,X
LTx,11,70295,119,yellow,T,X,G,orange,R,L
LTx,11,70620,41,yellow,T,X,S,yellow,T,X
LTx,11,70693,30,yellow,T,X,S,yellow,T,X
LTx,11,70996,1078,yellow,T,X,G,orange,R,L
LTx,11,72074,29,yellow,T,X,S,yellow,T,X
LTx,11,72214,105,yellow,T,X,S,yellow,T,X
LTx,11,72461,86,yellow,T,X,S,yellow,T,X
LTx,11,75619,93,yellow,T,X,S,yellow,T,X
LTx,11,75909,154,yellow,T,X,S,yellow,T,X
LTx,11,77776,606,yellow,T,X,G,orange,R,L
LTx,11,79029,52,yellow,T,X,S,yellow,T,X
LTx,11,79179,480,yellow,T,X,G,orange,R,L
LTx,11,79671,163,yellow,T,X,G,blue,N,X
LTx,11,80103,25,yellow,T,X,S,yellow,T,X
LTx,11,80296,53,yellow,T,X,S,yellow,T,X
LTx,11,80412,63,yellow,T,X,S,yellow,T,X
LTx,11,11548,49,orange,R,L,S,orange,R,L
LTx,11,22940,25,orange,R,L,S,orange,R,L
LTx,11,51225,137,orange,R,L,S,orange,R,L
LTx,11,51371,77,orange,R,L,S,orange,R,L
LTx,11,51593,340,orange,R,L,G,yellow,T,X
LTx,11,67808,35,orange,R,L,S,orange,R,L
LTx,11,74482,725,orange,R,L,G,yellow,T,X
LTx,11,75222,147,orange,R,L,G,blue,N,X
LTx,11,75719,270,orange,R,L,S,orange,R,L
LTx,11,76228,995,orange,R,L,G,yellow,T,X
LTx,11,77599,163,orange,R,L,G,green,N,X
LTx,11,438,34,red,N,X,G,orange,R,L
LTx,11,1165,597,red,N,X,G,orange,R,L
LTx,11,1841,747,red,N,X,G,orange,R,L
LTx,11,2794,3,red,N,X,G,yellow,T,X
LTx,11,3081,16,red,N,X,S,red,N,X
LTx,11,3128,14,red,N,X,S,red,N,X
LTx,11,4061,19,red,N,X,S,red,N,X
LTx,11,4232,853,red,N,X,G,orange,R,L
LTx,11,5242,669,red,N,X,G,orange,R,L
LTx,11,6018,752,red,N,X,G,orange,R,L
LTx,11,6849,632,red,N,X,G,orange,R,L
LTx,11,7579,950,red,N,X,G,orange,R,L
LTx,11,8572,436,red,N,X,G,orange,R,L
LTx,11,9194,26,red,N,X,S,red,N,X
LTx,11,9540,54,red,N,X,S,red,N,X
LTx,11,9862,7,red,N,X,S,red,N,X
LTx,11,10274,43,red,N,X,S,red,N,X
LTx,11,10500,279,red,N,X,G,orange,R,L
LTx,11,10887,38,red,N,X,S,red,N,X
LTx,11,11094,26,red,N,X,S,red,N,X
LTx,11,11167,24,red,N,X,S,red,N,X
LTx,11,11620,24,red,N,X,S,red,N,X
LTx,11,12188,25,red,N,X,S,red,N,X
LTx,11,12218,69,red,N,X,S,red,N,X
LTx,11,12551,25,red,N,X,G,orange,R,L
LTx,11,13474,27,red,N,X,G,green,N,X
LTx,11,13544,307,red,N,X,G,orange,R,L
LTx,11,14042,12,red,N,X,S,red,N,X
LTx,11,16277,11,red,N,X,S,red,N,X
LTx,11,16677,36,red,N,X,S,red,N,X
LTx,11,16834,54,red,N,X,S,red,N,X
LTx,11,17124,12,red,N,X,S,red,N,X
LTx,11,18130,697,red,N,X,G,orange,R,L
LTx,11,18897,10,red,N,X,S,red,N,X
LTx,11,18907,889,red,N,X,G,orange,R,L
LTx,11,19819,661,red,N,X,G,orange,R,L
LTx,11,21247,99,red,N,X,G,orange,R,L
LTx,11,21363,504,red,N,X,G,orange,R,L
LTx,11,21984,317,red,N,X,G,orange,R,L
LTx,11,22868,85,red,N,X,S,red,N,X
LTx,11,23073,533,red,N,X,G,orange,R,L
LTx,11,24578,15,red,N,X,S,red,N,X
LTx,11,24843,29,red,N,X,S,red,N,X
LTx,11,26549,21,red,N,X,S,red,N,X
LTx,11,31287,12,red,N,X,S,red,N,X
LTx,11,32377,27,red,N,X,S,red,N,X
LTx,11,34375,9,red,N,X,S,red,N,X
LTx,11,34528,74,red,N,X,S,red,N,X
LTx,11,34689,92,red,N,X,G,orange,R,L
LTx,11,37748,14,red,N,X,S,red,N,X
LTx,11,37900,11,red,N,X,S,red,N,X
LTx,11,38276,74,red,N,X,S,red,N,X
LTx,11,39703,8,red,N,X,S,red,N,X
LTx,11,39933,8,red,N,X,S,red,N,X
LTx,11,39958,7,red,N,X,S,red,N,X
LTx,11,40095,17,red,N,X,S,red,N,X
LTx,11,40180,15,red,N,X,G,green,N,X
LTx,11,40217,24,red,N,X,S,red,N,X
LTx,11,41545,14,red,N,X,S,red,N,X
LTx,11,42835,59,red,N,X,S,red,N,X
LTx,11,45162,20,red,N,X,S,red,N,X
LTx,11,45250,13,red,N,X,S,red,N,X
LTx,11,45432,22,red,N,X,S,red,N,X
LTx,11,45623,105,red,N,X,S,red,N,X
LTx,11,45995,13,red,N,X,S,red,N,X
LTx,11,46290,15,red,N,X,S,red,N,X
LTx,11,46316,15,red,N,X,S,red,N,X
LTx,11,46765,17,red,N,X,S,red,N,X
LTx,11,49248,17,red,N,X,S,red,N,X
LTx,11,49329,13,red,N,X,S,red,N,X
LTx,11,49528,83,red,N,X,S,red,N,X
LTx,11,49713,14,red,N,X,S,red,N,X
LTx,11,51136,58,red,N,X,S,red,N,X
LTx,11,51223,27,red,N,X,S,red,N,X
LTx,11,53396,8,red,N,X,S,red,N,X
LTx,11,53412,17,red,N,X,S,red,N,X
LTx,11,53720,21,red,N,X,S,red,N,X
LTx,11,53751,21,red,N,X,S,red,N,X
LTx,11,55284,29,red,N,X,S,red,N,X
LTx,11,56045,58,red,N,X,S,red,N,X
LTx,11,56109,15,red,N,X,S,red,N,X
LTx,11,56246,50,red,N,X,S,red,N,X
LTx,11,56495,55,red,N,X,S,red,N,X
LTx,11,58340,7,red,N,X,S,red,N,X
LTx,11,58354,51,red,N,X,S,red,N,X
LTx,11,58621,57,red,N,X,S,red,N,X
LTx,11,60487,49,red,N,X,S,red,N,X
LTx,11,60885,24,red,N,X,S,red,N,X
LTx,11,60946,69,red,N,X,G,yellow,T,X
LTx,11,63431,33,red,N,X,S,red,N,X
LTx,11,63614,22,red,N,X,S,red,N,X
LTx,11,63642,27,red,N,X,S,red,N,X
LTx,11,64031,117,red,N,X,S,red,N,X
LTx,11,64313,90,red,N,X,S,red,N,X
LTx,11,64822,48,red,N,X,S,red,N,X
LTx,11,69080,69,red,N,X,S,red,N,X
LTx,11,69982,19,red,N,X,S,red,N,X
LTx,11,73731,53,red,N,X,S,red,N,X
LTx,11,79209,15,red,N,X,S,red,N,X
LTx,11,81208,26,red,N,X,S,red,N,X
LTx,11,1344,90,purple,N,X,G,yellow,T,X
LTx,11,1486,484,purple,N,X,G,yellow,T,X
LTx,11,1999,1068,purple,N,X,G,yellow,T,X
LTx,11,3069,9,purple,N,X,S,purple,N,X
LTx,11,3179,938,purple,N,X,G,yellow,T,X
LTx,11,4196,998,purple,N,X,G,yellow,T,X
LTx,11,5302,551,purple,N,X,G,yellow,T,X
LTx,11,6211,90,purple,N,X,G,red,N,X
LTx,11,6766,19,purple,N,X,G,red,N,X
LTx,11,6833,997,purple,N,X,G,yellow,T,X
LTx,11,8068,209,purple,N,X,G,orange,R,L
LTx,11,8338,441,purple,N,X,G,orange,R,L
LTx,11,9155,1358,purple,N,X,G,orange,R,L
LTx,11,10886,13,purple,N,X,S,purple,N,X
LTx,11,11005,3449,purple,N,X,G,yellow,T,X
LTx,11,14534,54,purple,N,X,G,yellow,T,X
LTx,11,14664,16,purple,N,X,S,purple,N,X
LTx,11,14847,27,purple,N,X,G,green,N,X
LTx,11,15225,21,purple,N,X,S,purple,N,X
LTx,11,15298,1568,purple,N,X,G,orange,R,L
LTx,11,17559,207,purple,N,X,G,yellow,T,X
LTx,11,17808,5390,purple,N,X,G,yellow,T,X
LTx,11,23821,59,purple,N,X,S,purple,N,X
LTx,11,23958,657,purple,N,X,G,orange,R,L
LTx,11,24824,111,purple,N,X,G,orange,R,L
LTx,11,24958,27,purple,N,X,S,purple,N,X
LTx,11,25015,34,purple,N,X,S,purple,N,X
LTx,11,25337,1004,purple,N,X,G,yellow,T,X
LTx,11,26603,398,purple,N,X,G,blue,N,X
LTx,11,27414,34,purple,N,X,S,purple,N,X
LTx,11,27506,59,purple,N,X,S,purple,N,X
LTx,11,28209,16,purple,N,X,S,purple,N,X
LTx,11,28440,12,purple,N,X,S,purple,N,X
LTx,11,28464,5,purple,N,X,G,red,N,X
LTx,11,29074,18,purple,N,X,S,purple,N,X
LTx,11,29156,19,purple,N,X,S,purple,N,X
LTx,11,29278,116,purple,N,X,S,purple,N,X
LTx,11,29595,201,purple,N,X,G,green,N,X
LTx,11,30089,48,purple,N,X,G,green,N,X
LTx,11,30465,55,purple,N,X,G,yellow,T,X
LTx,11,30630,2850,purple,N,X,G,yellow,T,X
LTx,11,33605,671,purple,N,X,G,yellow,T,X
LTx,11,35095,41,purple,N,X,S,purple,N,X
LTx,11,35483,118,purple,N,X,G,green,N,X
LTx,11,35912,11,purple,N,X,S,purple,N,X
LTx,11,35951,32,purple,N,X,S,purple,N,X
LTx,11,36003,20,purple,N,X,S,purple,N,X
LTx,11,36204,25,purple,N,X,S,purple,N,X
LTx,11,36283,29,purple,N,X,S,purple,N,X
LTx,11,36321,65,purple,N,X,S,purple,N,X
LTx,11,36779,53,purple,N,X,G,green,N,X
LTx,11,38361,516,purple,N,X,G,green,N,X
LTx,11,39021,156,purple,N,X,G,green,N,X
LTx,11,40523,27,purple,N,X,S,purple,N,X
LTx,11,40773,48,purple,N,X,S,purple,N,X
LTx,11,41675,65,purple,N,X,G,orange,R,L
LTx,11,42419,745,purple,N,X,G,green,N,X
LTx,11,43349,14,purple,N,X,S,purple,N,X
LTx,11,43990,267,purple,N,X,G,blue,N,X
LTx,11,45358,16,purple,N,X,S,purple,N,X
LTx,11,45696,264,purple,N,X,G,orange,R,L
LTx,11,46859,334,purple,N,X,G,orange,R,L
LTx,11,47512,54,purple,N,X,S,purple,N,X
LTx,11,47588,1431,purple,N,X,G,yellow,T,X
LTx,11,49125,64,purple,N,X,S,purple,N,X
LTx,11,49209,529,purple,N,X,S,purple,N,X
LTx,11,50686,82,purple,N,X,S,purple,N,X
LTx,11,50803,106,purple,N,X,S,purple,N,X
LTx,11,51500,47,purple,N,X,S,purple,N,X
LTx,11,51716,113,purple,N,X,S,purple,N,X
LTx,11,52383,140,purple,N,X,S,purple,N,X
LTx,11,53459,29,purple,N,X,S,purple,N,X
LTx,11,53854,1318,purple,N,X,G,orange,R,L
LTx,11,55172,209,purple,N,X,G,green,N,X
LTx,11,55617,165,purple,N,X,G,orange,R,L
LTx,11,56562,44,purple,N,X,S,purple,N,X
LTx,11,56633,16,purple,N,X,S,purple,N,X
LTx,11,56668,767,purple,N,X,G,yellow,T,X
LTx,11,57671,17,purple,N,X,S,purple,N,X
LTx,11,57869,50,purple,N,X,S,purple,N,X
LTx,11,57928,68,purple,N,X,S,purple,N,X
LTx,11,58026,40,purple,N,X,S,purple,N,X
LTx,11,58081,203,purple,N,X,S,purple,N,X
LTx,11,60989,952,purple,N,X,G,yellow,T,X
LTx,11,61990,79,purple,N,X,G,green,N,X
LTx,11,63628,25,purple,N,X,S,purple,N,X
LTx,11,64395,1671,purple,N,X,G,orange,R,L
LTx,11,66424,51,purple,N,X,S,purple,N,X
LTx,11,66754,81,purple,N,X,G,green,N,X
LTx,11,66847,29,purple,N,X,G,green,N,X
LTx,11,67700,77,purple,N,X,S,purple,N,X
LTx,11,67827,23,purple,N,X,S,purple,N,X
LTx,11,67951,80,purple,N,X,G,yellow,T,X
LTx,11,68949,9,purple,N,X,S,purple,N,X
LTx,11,69321,17,purple,N,X,S,purple,N,X
LTx,11,69363,56,purple,N,X,G,blue,N,X
LTx,11,71362,217,purple,N,X,S,purple,N,X
LTx,11,74081,19,purple,N,X,S,purple,N,X
LTx,11,74245,40,purple,N,X,S,purple,N,X
LTx,11,79012,54,purple,N,X,S,purple,N,X
LTx,11,80045,33,purple,N,X,S,purple,N,X
LTx,11,80173,46,purple,N,X,S,purple,N,X
LTx,11,80260,29,purple,N,X,S,purple,N,X
LTx,11,80825,907,purple,N,X,G,green,N,X
LTx,11,1805,98,blue,N,X,G,purple,N,X
LTx,11,2330,3045,blue,N,X,G,orange,R,L
LTx,11,5470,37,blue,N,X,G,orange,R,L
LTx,11,5548,1024,blue,N,X,G,orange,R,L
LTx,11,7078,120,blue,N,X,G,orange,R,L
LTx,11,7439,13,blue,N,X,G,orange,R,L
LTx,11,8056,352,blue,N,X,G,orange,R,L
LTx,11,8602,303,blue,N,X,G,orange,R,L
LTx,11,10907,42,blue,N,X,G,green,N,X
LTx,11,11082,19,blue,N,X,S,blue,N,X
LTx,11,12621,187,blue,N,X,G,green,N,X
LTx,11,12911,704,blue,N,X,G,yellow,T,X
LTx,11,27460,455,blue,N,X,G,green,N,X
LTx,11,28944,756,blue,N,X,G,orange,R,L
LTx,11,40594,1561,blue,N,X,G,orange,R,L
LTx,11,42296,1015,blue,N,X,G,orange,R,L
LTx,11,43403,534,blue,N,X,G,green,N,X
LTx,11,43965,2012,blue,N,X,G,yellow,T,X
LTx,11,46063,988,blue,N,X,G,yellow,T,X
LTx,11,47130,30,blue,N,X,S,blue,N,X
LTx,11,47212,190,blue,N,X,S,blue,N,X
LTx,11,48147,120,blue,N,X,S,blue,N,X
LTx,11,49673,162,blue,N,X,S,blue,N,X
LTx,11,51199,19,blue,N,X,S,blue,N,X
LTx,11,51453,264,blue,N,X,S,blue,N,X
LTx,11,52745,621,blue,N,X,G,yellow,T,X
LTx,11,53537,1994,blue,N,X,G,yellow,T,X
LTx,11,55798,30,blue,N,X,G,yellow,T,X
LTx,11,55871,66,blue,N,X,G,yellow,T,X
LTx,11,55989,24,blue,N,X,S,blue,N,X
LTx,11,56045,1219,blue,N,X,G,orange,R,L
LTx,11,57280,4435,blue,N,X,G,yellow,T,X
LTx,11,61942,784,blue,N,X,S,blue,N,X
LTx,11,62735,2465,blue,N,X,G,orange,R,L
LTx,11,65349,2075,blue,N,X,G,orange,R,L
LTx,11,68017,463,blue,N,X,G,orange,R,L
LTx,11,68597,448,blue,N,X,G,green,N,X
LTx,11,69204,148,blue,N,X,S,blue,N,X
LTx,11,69378,310,blue,N,X,G,green,N,X
LTx,11,69861,158,blue,N,X,S,blue,N,X
LTx,11,78133,273,blue,N,X,G,yellow,T,X
LTx,11,80078,50,blue,N,X,S,blue,N,X
LTx,11,80467,1192,blue,N,X,G,orange,R,L
LTx,11,1648,53,green,N,X,S,green,N,X
LTx,11,2214,314,green,N,X,G,orange,R,L
LTx,11,2559,150,green,N,X,G,orange,R,L
LTx,11,2793,902,green,N,X,G,orange,R,L
LTx,11,3722,42,green,N,X,G,orange,R,L
LTx,11,4058,26,green,N,X,G,orange,R,L
LTx,11,4752,18,green,N,X,S,green,N,X
LTx,11,5348,281,green,N,X,G,blue,N,X
LTx,11,5741,27,green,N,X,S,green,N,X
LTx,11,5863,547,green,N,X,G,yellow,T,X
LTx,11,6508,104,green,N,X,G,orange,R,L
LTx,11,7012,201,green,N,X,G,yellow,T,X
LTx,11,7260,13,green,N,X,G,orange,R,L
LTx,11,7662,34,green,N,X,G,blue,N,X
LTx,11,7925,22,green,N,X,S,green,N,X
LTx,11,8477,19,green,N,X,S,green,N,X
LTx,11,9747,32,green,N,X,S,green,N,X
LTx,11,10028,36,green,N,X,G,orange,R,L
LTx,11,10193,30,green,N,X,S,green,N,X
LTx,11,10258,455,green,N,X,G,orange,R,L
LTx,11,10982,72,green,N,X,G,yellow,T,X
LTx,11,11104,523,green,N,X,G,yellow,T,X
LTx,11,12010,10,green,N,X,G,blue,N,X
LTx,11,12877,46,green,N,X,S,green,N,X
LTx,11,13291,13,green,N,X,S,green,N,X
LTx,11,13436,29,green,N,X,S,green,N,X
LTx,11,13987,20,green,N,X,S,green,N,X
LTx,11,14314,99,green,N,X,G,blue,N,X
LTx,11,15378,23,green,N,X,S,green,N,X
LTx,11,15418,19,green,N,X,S,green,N,X
LTx,11,26921,814,green,N,X,G,yellow,T,X
LTx,11,28573,26,green,N,X,S,green,N,X
LTx,11,28655,32,green,N,X,S,green,N,X
LTx,11,30005,11,green,N,X,S,green,N,X
LTx,11,30353,77,green,N,X,S,green,N,X
LTx,11,30724,55,green,N,X,S,green,N,X
LTx,11,37052,31,green,N,X,S,green,N,X
LTx,11,37280,108,green,N,X,S,green,N,X
LTx,11,44610,42,green,N,X,S,green,N,X
LTx,11,44671,56,green,N,X,S,green,N,X
LTx,11,55464,32,green,N,X,S,green,N,X
LTx,11,55544,19,green,N,X,S,green,N,X
LTx,11,55736,201,green,N,X,G,orange,R,L
LTx,11,56144,15,green,N,X,S,green,N,X
LTx,11,56230,43,green,N,X,G,yellow,T,X
LTx,11,62355,10,green,N,X,S,green,N,X
LTx,11,62453,28,green,N,X,S,green,N,X
LTx,11,62601,61,green,N,X,S,green,N,X
LTx,11,62769,73,green,N,X,S,green,N,X
LTx,11,63168,934,green,N,X,G,yellow,T,X
LTx,11,69853,32,green,N,X,S,green,N,X
LTx,11,69899,50,green,N,X,S,green,N,X
LTx,11,70605,44,green,N,X,S,green,N,X
LTx,11,0,24,yellow,T,X,H,yellow,T,X
LTx,11,74,200,yellow,T,X,H,yellow,T,X
LTx,11,281,198,yellow,T,X,H,yellow,T,X
LTx,11,504,22,yellow,T,X,H,yellow,T,X
LTx,11,545,89,yellow,T,X,H,yellow,T,X
LTx,11,782,82,yellow,T,X,H,yellow,T,X
LTx,11,1062,19,yellow,T,X,H,yellow,T,X
LTx,11,1146,142,yellow,T,X,H,yellow,T,X
LTx,11,1461,24,yellow,T,X,H,yellow,T,X
LTx,11,3168,1,yellow,T,X,A,yellow,T,X
LTx,11,5234,64,yellow,T,X,H,yellow,T,X
LTx,11,6489,1,yellow,T,X,A,yellow,T,X
LTx,11,6510,1,yellow,T,X,A,yellow,T,X
LTx,11,6537,1,yellow,T,X,A,yellow,T,X
LTx,11,6552,1,yellow,T,X,A,yellow,T,X
LTx,11,6567,1,yellow,T,X,A,yellow,T,X
LTx,11,6582,1,yellow,T,X,A,yellow,T,X
LTx,11,6595,1,yellow,T,X,A,yellow,T,X
LTx,11,6634,192,yellow,T,X,H,yellow,T,X
LTx,11,8266,1,yellow,T,X,A,yellow,T,X
LTx,11,8281,1,yellow,T,X,A,yellow,T,X
LTx,11,8296,1,yellow,T,X,A,yellow,T,X
LTx,11,8311,1,yellow,T,X,A,yellow,T,X
LTx,11,8329,1,yellow,T,X,A,yellow,T,X
LTx,11,8346,1,yellow,T,X,A,yellow,T,X
LTx,11,8363,1,yellow,T,X,A,yellow,T,X
LTx,11,8380,1,yellow,T,X,A,yellow,T,X
LTx,11,8397,1,yellow,T,X,A,yellow,T,X
LTx,11,8414,1,yellow,T,X,A,yellow,T,X
LTx,11,8429,1,yellow,T,X,A,yellow,T,X
LTx,11,8445,1,yellow,T,X,A,yellow,T,X
LTx,11,8460,1,yellow,T,X,A,yellow,T,X
LTx,11,8476,1,yellow,T,X,A,yellow,T,X
LTx,11,8491,1,yellow,T,X,A,yellow,T,X
LTx,11,8515,1,yellow,T,X,A,yellow,T,X
LTx,11,8533,1,yellow,T,X,A,yellow,T,X
LTx,11,8550,1,yellow,T,X,A,yellow,T,X
LTx,11,8564,1,yellow,T,X,A,yellow,T,X
LTx,11,8587,1,yellow,T,X,A,yellow,T,X
LTx,11,8599,1,yellow,T,X,A,yellow,T,X
LTx,11,8601,136,yellow,T,X,H,yellow,T,X
LTx,11,8956,1,yellow,T,X,A,yellow,T,X
LTx,11,8965,308,yellow,T,X,H,yellow,T,X
LTx,11,9902,1,yellow,T,X,A,yellow,T,X
LTx,11,10022,34,yellow,T,X,H,yellow,T,X
LTx,11,10138,1,yellow,T,X,A,yellow,T,X
LTx,11,10150,1,yellow,T,X,A,yellow,T,X
LTx,11,10159,1,yellow,T,X,A,yellow,T,X
LTx,11,10173,1,yellow,T,X,A,yellow,T,X
LTx,11,10188,1,yellow,T,X,A,yellow,T,X
LTx,11,10200,1,yellow,T,X,A,yellow,T,X
LTx,11,10215,1,yellow,T,X,A,yellow,T,X
LTx,11,10217,73,yellow,T,X,H,yellow,T,X
LTx,11,10307,90,yellow,T,X,H,yellow,T,X
LTx,11,10399,198,yellow,T,X,R,yellow,T,X
LTx,11,10698,1,yellow,T,X,A,yellow,T,X
LTx,11,10713,1,yellow,T,X,A,yellow,T,X
LTx,11,10727,1,yellow,T,X,A,yellow,T,X
LTx,11,10739,1,yellow,T,X,A,yellow,T,X
LTx,11,10748,1,yellow,T,X,A,yellow,T,X
LTx,11,10830,1,yellow,T,X,A,yellow,T,X
LTx,11,14639,354,yellow,T,X,H,yellow,T,X
LTx,11,15097,26,yellow,T,X,H,yellow,T,X
LTx,11,15218,350,yellow,T,X,H,yellow,T,X
LTx,11,15690,107,yellow,T,X,H,yellow,T,X
LTx,11,15805,219,yellow,T,X,R,yellow,T,X
LTx,11,16049,381,yellow,T,X,H,yellow,T,X
LTx,11,23435,153,yellow,T,X,H,yellow,T,X
LTx,11,23640,30,yellow,T,X,H,yellow,T,X
LTx,11,24556,269,yellow,T,X,H,yellow,T,X
LTx,11,24835,133,yellow,T,X,R,yellow,T,X
LTx,11,25107,232,yellow,T,X,H,yellow,T,X
LTx,11,28214,1,yellow,T,X,A,yellow,T,X
LTx,11,28229,1,yellow,T,X,A,yellow,T,X
LTx,11,28244,1,yellow,T,X,A,yellow,T,X
LTx,11,28256,50,yellow,T,X,H,yellow,T,X
LTx,11,28515,41,yellow,T,X,H,yellow,T,X
LTx,11,28755,33,yellow,T,X,H,yellow,T,X
LTx,11,28855,180,yellow,T,X,H,yellow,T,X
LTx,11,29041,189,yellow,T,X,R,yellow,T,X
LTx,11,29286,117,yellow,T,X,H,yellow,T,X
LTx,11,29442,62,yellow,T,X,H,yellow,T,X
LTx,11,34881,389,yellow,T,X,H,yellow,T,X
LTx,11,35321,261,yellow,T,X,H,yellow,T,X
LTx,11,36593,300,yellow,T,X,H,yellow,T,X
LTx,11,36899,139,yellow,T,X,R,yellow,T,X
LTx,11,37334,473,yellow,T,X,H,yellow,T,X
LTx,11,37830,250,yellow,T,X,H,yellow,T,X
LTx,11,47184,1,yellow,T,X,A,yellow,T,X
LTx,11,47194,11,yellow,T,X,H,yellow,T,X
LTx,11,47293,1,yellow,T,X,A,yellow,T,X
LTx,11,47317,1,yellow,T,X,A,yellow,T,X
LTx,11,47330,1,yellow,T,X,A,yellow,T,X
LTx,11,47343,1,yellow,T,X,A,yellow,T,X
LTx,11,47356,1,yellow,T,X,A,yellow,T,X
LTx,11,47368,1,yellow,T,X,A,yellow,T,X
LTx,11,47380,1,yellow,T,X,A,yellow,T,X
LTx,11,47392,1,yellow,T,X,A,yellow,T,X
LTx,11,47403,1,yellow,T,X,A,yellow,T,X
LTx,11,47411,1,yellow,T,X,A,yellow,T,X
LTx,11,49265,19,yellow,T,X,H,yellow,T,X
LTx,11,49380,106,yellow,T,X,H,yellow,T,X
LTx,11,49582,51,yellow,T,X,H,yellow,T,X
LTx,11,49767,123,yellow,T,X,H,yellow,T,X
LTx,11,49892,156,yellow,T,X,R,yellow,T,X
LTx,11,50090,23,yellow,T,X,H,yellow,T,X
LTx,11,50175,33,yellow,T,X,H,yellow,T,X
LTx,11,50319,72,yellow,T,X,H,yellow,T,X
LTx,11,50491,38,yellow,T,X,H,yellow,T,X
LTx,11,50649,410,yellow,T,X,H,yellow,T,X
LTx,11,62011,1,yellow,T,X,A,yellow,T,X
LTx,11,62035,1,yellow,T,X,A,yellow,T,X
LTx,11,62059,1,yellow,T,X,A,yellow,T,X
LTx,11,62210,69,yellow,T,X,H,yellow,T,X
LTx,11,62421,130,yellow,T,X,H,yellow,T,X
LTx,11,62692,13,yellow,T,X,H,yellow,T,X
LTx,11,62775,140,yellow,T,X,H,yellow,T,X
LTx,11,63120,71,yellow,T,X,H,yellow,T,X
LTx,11,64388,38,yellow,T,X,H,yellow,T,X
LTx,11,64430,149,yellow,T,X,R,yellow,T,X
LTx,11,64705,91,yellow,T,X,H,yellow,T,X
LTx,11,65596,293,yellow,T,X,H,yellow,T,X
LTx,11,65939,73,yellow,T,X,H,yellow,T,X
LTx,11,68067,82,yellow,T,X,H,yellow,T,X
LTx,11,68301,1,yellow,T,X,A,yellow,T,X
LTx,11,68722,450,yellow,T,X,H,yellow,T,X
LTx,11,69176,166,yellow,T,X,R,yellow,T,X
LTx,11,70053,163,yellow,T,X,H,yellow,T,X
LTx,11,70661,9,yellow,T,X,H,yellow,T,X
LTx,11,70723,164,yellow,T,X,H,yellow,T,X
LTx,11,72110,104,yellow,T,X,H,yellow,T,X
LTx,11,72547,182,yellow,T,X,H,yellow,T,X
LTx,11,72733,245,yellow,T,X,R,yellow,T,X
LTx,11,73122,236,yellow,T,X,H,yellow,T,X
LTx,11,75521,91,yellow,T,X,H,yellow,T,X
LTx,11,75727,116,yellow,T,X,H,yellow,T,X
LTx,11,76066,148,yellow,T,X,R,yellow,T,X
LTx,11,77596,104,yellow,T,X,H,yellow,T,X
LTx,11,78948,1,yellow,T,X,A,yellow,T,X
LTx,11,78969,1,yellow,T,X,A,yellow,T,X
LTx,11,78983,1,yellow,T,X,A,yellow,T,X
LTx,11,78991,13,yellow,T,X,H,yellow,T,X
LTx,11,79111,65,yellow,T,X,H,yellow,T,X
LTx,11,79902,1,yellow,T,X,A,yellow,T,X
LTx,11,79915,1,yellow,T,X,A,yellow,T,X
LTx,11,79929,24,yellow,T,X,H,yellow,T,X
LTx,11,80063,40,yellow,T,X,H,yellow,T,X
LTx,11,80179,50,yellow,T,X,H,yellow,T,X
LTx,11,80513,1,yellow,T,X,A,yellow,T,X
LTx,11,13,37,orange,R,L,H,orange,R,L
LTx,11,80,328,orange,R,L,H,orange,R,L
LTx,11,552,1,orange,R,L,A,orange,R,L
LTx,11,592,1,orange,R,L,A,orange,R,L
LTx,11,603,577,orange,R,L,H,orange,R,L
LTx,11,1783,62,orange,R,L,H,orange,R,L
LTx,11,9031,124,orange,R,L,H,orange,R,L
LTx,11,10962,45,orange,R,L,H,orange,R,L
LTx,11,11051,1,orange,R,L,A,orange,R,L
LTx,11,11125,1,orange,R,L,A,orange,R,L
LTx,11,11143,188,orange,R,L,H,orange,R,L
LTx,11,11394,154,orange,R,L,H,orange,R,L
LTx,11,11597,325,orange,R,L,H,orange,R,L
LTx,11,22442,498,orange,R,L,H,orange,R,L
LTx,11,24701,139,orange,R,L,H,orange,R,L
LTx,11,25395,108,orange,R,L,H,orange,R,L
LTx,11,25512,136,orange,R,L,R,orange,R,L
LTx,11,25777,807,orange,R,L,H,orange,R,L
LTx,11,50809,377,orange,R,L,H,orange,R,L
LTx,11,51362,9,orange,R,L,H,orange,R,L
LTx,11,51448,13,orange,R,L,H,orange,R,L
LTx,11,52031,213,orange,R,L,H,orange,R,L
LTx,11,52248,127,orange,R,L,R,orange,R,L
LTx,11,52542,229,orange,R,L,H,orange,R,L
LTx,11,67593,215,orange,R,L,H,orange,R,L
LTx,11,67843,61,orange,R,L,H,orange,R,L
LTx,11,67910,156,orange,R,L,R,orange,R,L
LTx,11,75376,343,orange,R,L,H,orange,R,L
LTx,11,75994,144,orange,R,L,H,orange,R,L
LTx,11,77253,247,orange,R,L,H,orange,R,L
LTx,11,41,1,red,N,X,A,red,N,X
LTx,11,49,1,red,N,X,A,red,N,X
LTx,11,86,1,red,N,X,A,red,N,X
LTx,11,97,1,red,N,X,A,red,N,X
LTx,11,104,1,red,N,X,A,red,N,X
LTx,11,115,1,red,N,X,A,red,N,X
LTx,11,127,1,red,N,X,A,red,N,X
LTx,11,136,1,red,N,X,A,red,N,X
LTx,11,142,1,red,N,X,A,red,N,X
LTx,11,154,1,red,N,X,A,red,N,X
LTx,11,163,1,red,N,X,A,red,N,X
LTx,11,169,1,red,N,X,A,red,N,X
LTx,11,178,1,red,N,X,A,red,N,X
LTx,11,188,1,red,N,X,A,red,N,X
LTx,11,200,1,red,N,X,A,red,N,X
LTx,11,211,1,red,N,X,A,red,N,X
LTx,11,226,1,red,N,X,A,red,N,X
LTx,11,234,1,red,N,X,A,red,N,X
LTx,11,243,1,red,N,X,A,red,N,X
LTx,11,254,1,red,N,X,A,red,N,X
LTx,11,269,1,red,N,X,A,red,N,X
LTx,11,275,1,red,N,X,A,red,N,X
LTx,11,286,43,red,N,X,H,red,N,X
LTx,11,577,1,red,N,X,A,red,N,X
LTx,11,590,1,red,N,X,A,red,N,X
LTx,11,601,1,red,N,X,A,red,N,X
LTx,11,637,1,red,N,X,A,red,N,X
LTx,11,654,1,red,N,X,A,red,N,X
LTx,11,663,1,red,N,X,A,red,N,X
LTx,11,794,1,red,N,X,A,red,N,X
LTx,11,802,241,red,N,X,H,red,N,X
LTx,11,1106,1,red,N,X,A,red,N,X
LTx,11,1118,1,red,N,X,A,red,N,X
LTx,11,1130,1,red,N,X,A,red,N,X
LTx,11,1814,16,red,N,X,H,red,N,X
LTx,11,2599,1,red,N,X,A,red,N,X
LTx,11,2610,1,red,N,X,A,red,N,X
LTx,11,2613,1,red,N,X,A,red,N,X
LTx,11,2620,1,red,N,X,A,red,N,X
LTx,11,2632,1,red,N,X,A,red,N,X
LTx,11,2642,1,red,N,X,A,red,N,X
LTx,11,2651,1,red,N,X,A,red,N,X
LTx,11,2659,1,red,N,X,A,red,N,X
LTx,11,2670,1,red,N,X,A,red,N,X
LTx,11,2684,1,red,N,X,A,red,N,X
LTx,11,2694,1,red,N,X,A,red,N,X
LTx,11,2702,1,red,N,X,A,red,N,X
LTx,11,2710,1,red,N,X,A,red,N,X
LTx,11,2721,1,red,N,X,A,red,N,X
LTx,11,2733,1,red,N,X,A,red,N,X
LTx,11,2746,1,red,N,X,A,red,N,X
LTx,11,2759,1,red,N,X,A,red,N,X
LTx,11,2776,1,red,N,X,A,red,N,X
LTx,11,2786,1,red,N,X,A,red,N,X
LTx,11,2819,235,red,N,X,H,red,N,X
LTx,11,3099,1,red,N,X,A,red,N,X
LTx,11,3110,18,red,N,X,H,red,N,X
LTx,11,3157,1,red,N,X,A,red,N,X
LTx,11,3171,1,red,N,X,A,red,N,X
LTx,11,3232,1,red,N,X,A,red,N,X
LTx,11,3248,1,red,N,X,A,red,N,X
LTx,11,3254,1,red,N,X,A,red,N,X
LTx,11,3262,13,red,N,X,H,red,N,X
LTx,11,3281,1,red,N,X,A,red,N,X
LTx,11,3297,1,red,N,X,A,red,N,X
LTx,11,3306,1,red,N,X,A,red,N,X
LTx,11,3395,1,red,N,X,A,red,N,X
LTx,11,3410,1,red,N,X,A,red,N,X
LTx,11,3418,148,red,N,X,H,red,N,X
LTx,11,3645,1,red,N,X,A,red,N,X
LTx,11,3664,1,red,N,X,A,red,N,X
LTx,11,3674,1,red,N,X,A,red,N,X
LTx,11,3810,1,red,N,X,A,red,N,X
LTx,11,3824,1,red,N,X,A,red,N,X
LTx,11,3827,79,red,N,X,H,red,N,X
LTx,11,3929,1,red,N,X,A,red,N,X
LTx,11,3946,1,red,N,X,A,red,N,X
LTx,11,3954,1,red,N,X,A,red,N,X
LTx,11,3964,1,red,N,X,A,red,N,X
LTx,11,3970,1,red,N,X,A,red,N,X
LTx,11,3975,10,red,N,X,H,red,N,X
LTx,11,3993,1,red,N,X,A,red,N,X
LTx,11,4007,1,red,N,X,A,red,N,X
LTx,11,4015,1,red,N,X,A,red,N,X
LTx,11,4030,31,red,N,X,H,red,N,X
LTx,11,5097,1,red,N,X,A,red,N,X
LTx,11,5105,1,red,N,X,A,red,N,X
LTx,11,5113,122,red,N,X,H,red,N,X
LTx,11,5987,1,red,N,X,A,red,N,X
LTx,11,5998,8,red,N,X,H,red,N,X
LTx,11,6806,1,red,N,X,A,red,N,X
LTx,11,6816,31,red,N,X,H,red,N,X
LTx,11,7495,76,red,N,X,H,red,N,X
LTx,11,8566,1,red,N,X,A,red,N,X
LTx,11,9053,1,red,N,X,A,red,N,X
LTx,11,9058,77,red,N,X,H,red,N,X
LTx,11,9159,35,red,N,X,H,red,N,X
LTx,11,9220,308,red,N,X,H,red,N,X
LTx,11,9594,22,red,N,X,H,red,N,X
LTx,11,9844,1,red,N,X,A,red,N,X
LTx,11,9855,1,red,N,X,A,red,N,X
LTx,11,9858,4,red,N,X,H,red,N,X
LTx,11,10040,1,red,N,X,A,red,N,X
LTx,11,10055,19,red,N,X,H,red,N,X
LTx,11,10136,1,red,N,X,A,red,N,X
LTx,11,10152,1,red,N,X,A,red,N,X
LTx,11,10161,1,red,N,X,A,red,N,X
LTx,11,10210,1,red,N,X,A,red,N,X
LTx,11,10222,1,red,N,X,A,red,N,X
LTx,11,10235,1,red,N,X,A,red,N,X
LTx,11,10248,1,red,N,X,A,red,N,X
LTx,11,10261,1,red,N,X,A,red,N,X
LTx,11,10317,58,red,N,X,H,red,N,X
LTx,11,10784,1,red,N,X,A,red,N,X
LTx,11,10794,93,red,N,X,H,red,N,X
LTx,11,10925,60,red,N,X,H,red,N,X
LTx,11,11015,1,red,N,X,A,red,N,X
LTx,11,11029,1,red,N,X,A,red,N,X
LTx,11,11046,48,red,N,X,H,red,N,X
LTx,11,11120,47,red,N,X,H,red,N,X
LTx,11,11191,136,red,N,X,H,red,N,X
LTx,11,11357,1,red,N,X,A,red,N,X
LTx,11,11367,253,red,N,X,H,red,N,X
LTx,11,11686,1,red,N,X,A,red,N,X
LTx,11,11698,137,red,N,X,H,red,N,X
LTx,11,11844,69,red,N,X,H,red,N,X
LTx,11,11994,1,red,N,X,A,red,N,X
LTx,11,12005,21,red,N,X,H,red,N,X
LTx,11,12036,1,red,N,X,A,red,N,X
LTx,11,12048,1,red,N,X,A,red,N,X
LTx,11,12065,20,red,N,X,H,red,N,X
LTx,11,12092,1,red,N,X,A,red,N,X
LTx,11,12105,1,red,N,X,A,red,N,X
LTx,11,12118,1,red,N,X,A,red,N,X
LTx,11,12130,1,red,N,X,A,red,N,X
LTx,11,12139,1,red,N,X,A,red,N,X
LTx,11,12176,1,red,N,X,A,red,N,X
LTx,11,12213,5,red,N,X,H,red,N,X
LTx,11,12295,57,red,N,X,H,red,N,X
LTx,11,12490,1,red,N,X,A,red,N,X
LTx,11,12509,1,red,N,X,A,red,N,X
LTx,11,12520,1,red,N,X,A,red,N,X
LTx,11,12523,27,red,N,X,H,red,N,X
LTx,11,12590,1,red,N,X,A,red,N,X
LTx,11,12599,1,red,N,X,A,red,N,X
LTx,11,12621,1,red,N,X,A,red,N,X
LTx,11,12635,1,red,N,X,A,red,N,X
LTx,11,12645,39,red,N,X,H,red,N,X
LTx,11,12711,1,red,N,X,A,red,N,X
LTx,11,12890,1,red,N,X,A,red,N,X
LTx,11,12901,1,red,N,X,A,red,N,X
LTx,11,12914,1,red,N,X,A,red,N,X
LTx,11,12928,1,red,N,X,A,red,N,X
LTx,11,12940,1,red,N,X,A,red,N,X
LTx,11,12950,1,red,N,X,A,red,N,X
LTx,11,12973,1,red,N,X,A,red,N,X
LTx,11,12984,1,red,N,X,A,red,N,X
LTx,11,12998,1,red,N,X,A,red,N,X
LTx,11,13011,1,red,N,X,A,red,N,X
LTx,11,13023,1,red,N,X,A,red,N,X
LTx,11,13035,1,red,N,X,A,red,N,X
LTx,11,13049,1,red,N,X,A,red,N,X
LTx,11,13062,1,red,N,X,A,red,N,X
LTx,11,13075,1,red,N,X,A,red,N,X
LTx,11,13106,1,red,N,X,A,red,N,X
LTx,11,13117,1,red,N,X,A,red,N,X
LTx,11,13130,1,red,N,X,A,red,N,X
LTx,11,13141,1,red,N,X,A,red,N,X
LTx,11,13154,1,red,N,X,A,red,N,X
LTx,11,13165,1,red,N,X,A,red,N,X
LTx,11,13173,1,red,N,X,A,red,N,X
LTx,11,13204,1,red,N,X,A,red,N,X
LTx,11,13217,1,red,N,X,A,red,N,X
LTx,11,13241,213,red,N,X,H,red,N,X
LTx,11,13861,157,red,N,X,H,red,N,X
LTx,11,14054,48,red,N,X,H,red,N,X
LTx,11,14361,1,red,N,X,A,red,N,X
LTx,11,14369,1,red,N,X,A,red,N,X
LTx,11,14378,1,red,N,X,A,red,N,X
LTx,11,14390,1,red,N,X,A,red,N,X
LTx,11,14400,1,red,N,X,A,red,N,X
LTx,11,14414,1,red,N,X,A,red,N,X
LTx,11,14425,1,red,N,X,A,red,N,X
LTx,11,14434,1,red,N,X,A,red,N,X
LTx,11,14440,1,red,N,X,A,red,N,X
LTx,11,14446,12,red,N,X,H,red,N,X
LTx,11,14550,1,red,N,X,A,red,N,X
LTx,11,14561,1,red,N,X,A,red,N,X
LTx,11,14573,1,red,N,X,A,red,N,X
LTx,11,14586,1,red,N,X,A,red,N,X
LTx,11,14598,1,red,N,X,A,red,N,X
LTx,11,14609,1,red,N,X,A,red,N,X
LTx,11,14623,1,red,N,X,A,red,N,X
LTx,11,14635,1,red,N,X,A,red,N,X
LTx,11,14649,1,red,N,X,A,red,N,X
LTx,11,14664,1,red,N,X,A,red,N,X
LTx,11,14669,140,red,N,X,H,red,N,X
LTx,11,14869,389,red,N,X,H,red,N,X
LTx,11,15267,1,red,N,X,A,red,N,X
LTx,11,15279,1,red,N,X,A,red,N,X
LTx,11,15291,1,red,N,X,A,red,N,X
LTx,11,15298,1,red,N,X,A,red,N,X
LTx,11,15342,13,red,N,X,H,red,N,X
LTx,11,15364,38,red,N,X,H,red,N,X
LTx,11,15503,1,red,N,X,A,red,N,X
LTx,11,15520,1,red,N,X,A,red,N,X
LTx,11,15539,47,red,N,X,H,red,N,X
LTx,11,15607,1,red,N,X,A,red,N,X
LTx,11,15639,1,red,N,X,A,red,N,X
LTx,11,15649,1,red,N,X,A,red,N,X
LTx,11,15720,1,red,N,X,A,red,N,X
LTx,11,15735,1,red,N,X,A,red,N,X
LTx,11,15745,1,red,N,X,A,red,N,X
LTx,11,15771,1,red,N,X,A,red,N,X
LTx,11,15778,1,red,N,X,A,red,N,X
LTx,11,15855,1,red,N,X,A,red,N,X
LTx,11,15859,168,red,N,X,H,red,N,X
LTx,11,16044,1,red,N,X,A,red,N,X
LTx,11,16053,1,red,N,X,A,red,N,X
LTx,11,16257,20,red,N,X,H,red,N,X
LTx,11,16300,22,red,N,X,H,red,N,X
LTx,11,16344,1,red,N,X,A,red,N,X
LTx,11,16353,13,red,N,X,H,red,N,X
LTx,11,16385,1,red,N,X,A,red,N,X
LTx,11,16396,1,red,N,X,A,red,N,X
LTx,11,16406,1,red,N,X,A,red,N,X
LTx,11,16538,1,red,N,X,A,red,N,X
LTx,11,16545,1,red,N,X,A,red,N,X
LTx,11,16556,1,red,N,X,A,red,N,X
LTx,11,16595,1,red,N,X,A,red,N,X
LTx,11,16616,1,red,N,X,A,red,N,X
LTx,11,16634,1,red,N,X,A,red,N,X
LTx,11,16647,1,red,N,X,A,red,N,X
LTx,11,16654,1,red,N,X,A,red,N,X
LTx,11,16666,1,red,N,X,A,red,N,X
LTx,11,16726,1,red,N,X,A,red,N,X
LTx,11,16733,1,red,N,X,A,red,N,X
LTx,11,16739,9,red,N,X,H,red,N,X
LTx,11,16752,1,red,N,X,A,red,N,X
LTx,11,16769,1,red,N,X,A,red,N,X
LTx,11,16795,1,red,N,X,A,red,N,X
LTx,11,16805,1,red,N,X,A,red,N,X
LTx,11,16811,23,red,N,X,H,red,N,X
LTx,11,16907,1,red,N,X,A,red,N,X
LTx,11,16915,1,red,N,X,A,red,N,X
LTx,11,16922,27,red,N,X,H,red,N,X
LTx,11,17081,27,red,N,X,H,red,N,X
LTx,11,17115,1,red,N,X,A,red,N,X
LTx,11,17152,1,red,N,X,A,red,N,X
LTx,11,17166,1,red,N,X,A,red,N,X
LTx,11,17174,1,red,N,X,A,red,N,X
LTx,11,17230,1,red,N,X,A,red,N,X
LTx,11,17242,1,red,N,X,A,red,N,X
LTx,11,17256,1,red,N,X,A,red,N,X
LTx,11,17269,1,red,N,X,A,red,N,X
LTx,11,17395,1,red,N,X,A,red,N,X
LTx,11,17407,1,red,N,X,A,red,N,X
LTx,11,17418,1,red,N,X,A,red,N,X
LTx,11,17433,1,red,N,X,A,red,N,X
LTx,11,17448,1,red,N,X,A,red,N,X
LTx,11,17461,1,red,N,X,A,red,N,X
LTx,11,17474,1,red,N,X,A,red,N,X
LTx,11,17492,1,red,N,X,A,red,N,X
LTx,11,17504,1,red,N,X,A,red,N,X
LTx,11,17517,1,red,N,X,A,red,N,X
LTx,11,17530,1,red,N,X,A,red,N,X
LTx,11,17563,1,red,N,X,A,red,N,X
LTx,11,17572,79,red,N,X,H,red,N,X
LTx,11,17820,1,red,N,X,A,red,N,X
LTx,11,17849,1,red,N,X,A,red,N,X
LTx,11,17863,1,red,N,X,A,red,N,X
LTx,11,17866,1,red,N,X,A,red,N,X
LTx,11,17888,1,red,N,X,A,red,N,X
LTx,11,17903,1,red,N,X,A,red,N,X
LTx,11,17914,1,red,N,X,A,red,N,X
LTx,11,17925,1,red,N,X,A,red,N,X
LTx,11,18006,1,red,N,X,A,red,N,X
LTx,11,18017,1,red,N,X,A,red,N,X
LTx,11,18028,1,red,N,X,A,red,N,X
LTx,11,18041,1,red,N,X,A,red,N,X
LTx,11,18053,1,red,N,X,A,red,N,X
LTx,11,18081,1,red,N,X,A,red,N,X
LTx,11,18097,1,red,N,X,A,red,N,X
LTx,11,18120,1,red,N,X,A,red,N,X
LTx,11,18831,66,red,N,X,H,red,N,X
LTx,11,19812,1,red,N,X,A,red,N,X
LTx,11,21875,1,red,N,X,A,red,N,X
LTx,11,21887,1,red,N,X,A,red,N,X
LTx,11,21900,1,red,N,X,A,red,N,X
LTx,11,21918,1,red,N,X,A,red,N,X
LTx,11,21933,1,red,N,X,A,red,N,X
LTx,11,21953,1,red,N,X,A,red,N,X
LTx,11,21970,1,red,N,X,A,red,N,X
LTx,11,22419,198,red,N,X,H,red,N,X
LTx,11,22654,1,red,N,X,A,red,N,X
LTx,11,22669,1,red,N,X,A,red,N,X
LTx,11,22761,1,red,N,X,A,red,N,X
LTx,11,22771,1,red,N,X,A,red,N,X
LTx,11,22784,1,red,N,X,A,red,N,X
LTx,11,22794,1,red,N,X,A,red,N,X
LTx,11,22806,1,red,N,X,A,red,N,X
LTx,11,22820,1,red,N,X,A,red,N,X
LTx,11,22834,1,red,N,X,A,red,N,X
LTx,11,22844,1,red,N,X,A,red,N,X
LTx,11,22866,1,red,N,X,A,red,N,X
LTx,11,22953,99,red,N,X,H,red,N,X
LTx,11,24203,180,red,N,X,H,red,N,X
LTx,11,24491,68,red,N,X,H,red,N,X
LTx,11,24600,15,red,N,X,H,red,N,X
LTx,11,24653,1,red,N,X,A,red,N,X
LTx,11,24664,1,red,N,X,A,red,N,X
LTx,11,24673,11,red,N,X,H,red,N,X
LTx,11,24779,1,red,N,X,A,red,N,X
LTx,11,24784,59,red,N,X,H,red,N,X
LTx,11,24879,44,red,N,X,H,red,N,X
LTx,11,24989,1,red,N,X,A,red,N,X
LTx,11,24999,94,red,N,X,H,red,N,X
LTx,11,25103,1,red,N,X,A,red,N,X
LTx,11,25112,28,red,N,X,H,red,N,X
LTx,11,25249,1,red,N,X,A,red,N,X
LTx,11,25260,1,red,N,X,A,red,N,X
LTx,11,25273,1,red,N,X,A,red,N,X
LTx,11,25288,1,red,N,X,A,red,N,X
LTx,11,25301,1,red,N,X,A,red,N,X
LTx,11,25316,1,red,N,X,A,red,N,X
LTx,11,25330,1,red,N,X,A,red,N,X
LTx,11,25361,44,red,N,X,H,red,N,X
LTx,11,25423,1,red,N,X,A,red,N,X
LTx,11,25440,1,red,N,X,A,red,N,X
LTx,11,25480,1,red,N,X,A,red,N,X
LTx,11,25550,1,red,N,X,A,red,N,X
LTx,11,25562,1,red,N,X,A,red,N,X
LTx,11,25574,1,red,N,X,A,red,N,X
LTx,11,25587,1,red,N,X,A,red,N,X
LTx,11,25598,1,red,N,X,A,red,N,X
LTx,11,25731,1,red,N,X,A,red,N,X
LTx,11,25742,1,red,N,X,A,red,N,X
LTx,11,25757,1,red,N,X,A,red,N,X
LTx,11,25771,1,red,N,X,A,red,N,X
LTx,11,25784,1,red,N,X,A,red,N,X
LTx,11,25798,1,red,N,X,A,red,N,X
LTx,11,25898,1,red,N,X,A,red,N,X
LTx,11,25910,1,red,N,X,A,red,N,X
LTx,11,25924,1,red,N,X,A,red,N,X
LTx,11,26047,1,red,N,X,A,red,N,X
LTx,11,26059,1,red,N,X,A,red,N,X
LTx,11,26074,1,red,N,X,A,red,N,X
LTx,11,26087,1,red,N,X,A,red,N,X
LTx,11,26161,1,red,N,X,A,red,N,X
LTx,11,26173,1,red,N,X,A,red,N,X
LTx,11,26184,1,red,N,X,A,red,N,X
LTx,11,26209,1,red,N,X,A,red,N,X
LTx,11,26223,1,red,N,X,A,red,N,X
LTx,11,26238,1,red,N,X,A,red,N,X
LTx,11,26284,1,red,N,X,A,red,N,X
LTx,11,26296,1,red,N,X,A,red,N,X
LTx,11,26312,1,red,N,X,A,red,N,X
LTx,11,26326,1,red,N,X,A,red,N,X
LTx,11,26339,1,red,N,X,A,red,N,X
LTx,11,26372,1,red,N,X,A,red,N,X
LTx,11,26387,1,red,N,X,A,red,N,X
LTx,11,26401,1,red,N,X,A,red,N,X
LTx,11,26486,1,red,N,X,A,red,N,X
LTx,11,26501,1,red,N,X,A,red,N,X
LTx,11,26511,1,red,N,X,A,red,N,X
LTx,11,26522,1,red,N,X,A,red,N,X
LTx,11,26525,24,red,N,X,H,red,N,X
LTx,11,26570,141,red,N,X,H,red,N,X
LTx,11,26924,1,red,N,X,A,red,N,X
LTx,11,26935,1,red,N,X,A,red,N,X
LTx,11,26948,1,red,N,X,A,red,N,X
LTx,11,26961,1,red,N,X,A,red,N,X
LTx,11,26975,1,red,N,X,A,red,N,X
LTx,11,26988,1,red,N,X,A,red,N,X
LTx,11,27000,1,red,N,X,A,red,N,X
LTx,11,27014,1,red,N,X,A,red,N,X
LTx,11,27035,1,red,N,X,A,red,N,X
LTx,11,27050,1,red,N,X,A,red,N,X
LTx,11,27172,1,red,N,X,A,red,N,X
LTx,11,27210,1,red,N,X,A,red,N,X
LTx,11,27220,1,red,N,X,A,red,N,X
LTx,11,27231,1,red,N,X,A,red,N,X
LTx,11,27239,1,red,N,X,A,red,N,X
LTx,11,27245,68,red,N,X,H,red,N,X
LTx,11,27342,1,red,N,X,A,red,N,X
LTx,11,27355,1,red,N,X,A,red,N,X
LTx,11,27372,1,red,N,X,A,red,N,X
LTx,11,27437,1,red,N,X,A,red,N,X
LTx,11,27449,1,red,N,X,A,red,N,X
LTx,11,27462,1,red,N,X,A,red,N,X
LTx,11,27473,1,red,N,X,A,red,N,X
LTx,11,27484,1,red,N,X,A,red,N,X
LTx,11,27495,1,red,N,X,A,red,N,X
LTx,11,27498,87,red,N,X,H,red,N,X
LTx,11,27629,1,red,N,X,A,red,N,X
LTx,11,27865,1,red,N,X,A,red,N,X
LTx,11,27880,1,red,N,X,A,red,N,X
LTx,11,27892,1,red,N,X,A,red,N,X
LTx,11,27905,1,red,N,X,A,red,N,X
LTx,11,27919,1,red,N,X,A,red,N,X
LTx,11,27931,1,red,N,X,A,red,N,X
LTx,11,27956,1,red,N,X,A,red,N,X
LTx,11,27969,1,red,N,X,A,red,N,X
LTx,11,27982,1,red,N,X,A,red,N,X
LTx,11,27995,1,red,N,X,A,red,N,X
LTx,11,28007,1,red,N,X,A,red,N,X
LTx,11,28021,1,red,N,X,A,red,N,X
LTx,11,28065,1,red,N,X,A,red,N,X
LTx,11,28077,1,red,N,X,A,red,N,X
LTx,11,28091,1,red,N,X,A,red,N,X
LTx,11,28107,1,red,N,X,A,red,N,X
LTx,11,28142,1,red,N,X,A,red,N,X
LTx,11,28157,1,red,N,X,A,red,N,X
LTx,11,28171,1,red,N,X,A,red,N,X
LTx,11,28212,1,red,N,X,A,red,N,X
LTx,11,28225,1,red,N,X,A,red,N,X
LTx,11,28239,1,red,N,X,A,red,N,X
LTx,11,28252,1,red,N,X,A,red,N,X
LTx,11,28269,1,red,N,X,A,red,N,X
LTx,11,28285,1,red,N,X,A,red,N,X
LTx,11,28302,1,red,N,X,A,red,N,X
LTx,11,28317,1,red,N,X,A,red,N,X
LTx,11,28331,1,red,N,X,A,red,N,X
LTx,11,28346,1,red,N,X,A,red,N,X
LTx,11,28359,1,red,N,X,A,red,N,X
LTx,11,28387,1,red,N,X,A,red,N,X
LTx,11,28395,84,red,N,X,H,red,N,X
LTx,11,28519,1,red,N,X,A,red,N,X
LTx,11,28527,139,red,N,X,H,red,N,X
LTx,11,28877,1,red,N,X,A,red,N,X
LTx,11,28892,1,red,N,X,A,red,N,X
LTx,11,28903,1,red,N,X,A,red,N,X
LTx,11,28910,254,red,N,X,H,red,N,X
LTx,11,29312,1,red,N,X,A,red,N,X
LTx,11,29326,1,red,N,X,A,red,N,X
LTx,11,29337,1,red,N,X,A,red,N,X
LTx,11,29338,692,red,N,X,H,red,N,X
LTx,11,30198,1,red,N,X,A,red,N,X
LTx,11,30210,1,red,N,X,A,red,N,X
LTx,11,30223,1,red,N,X,A,red,N,X
LTx,11,30235,1,red,N,X,A,red,N,X
LTx,11,30249,1,red,N,X,A,red,N,X
LTx,11,30260,1,red,N,X,A,red,N,X
LTx,11,30272,1,red,N,X,A,red,N,X
LTx,11,30284,1,red,N,X,A,red,N,X
LTx,11,30307,158,red,N,X,H,red,N,X
LTx,11,30473,1,red,N,X,A,red,N,X
LTx,11,30484,1,red,N,X,A,red,N,X
LTx,11,30497,86,red,N,X,H,red,N,X
LTx,11,30596,1,red,N,X,A,red,N,X
LTx,11,30703,1,red,N,X,A,red,N,X
LTx,11,30715,1,red,N,X,A,red,N,X
LTx,11,30727,1,red,N,X,A,red,N,X
LTx,11,30741,1,red,N,X,A,red,N,X
LTx,11,30754,1,red,N,X,A,red,N,X
LTx,11,30765,1,red,N,X,A,red,N,X
LTx,11,30886,401,red,N,X,H,red,N,X
LTx,11,31299,22,red,N,X,H,red,N,X
LTx,11,31332,1,red,N,X,A,red,N,X
LTx,11,31340,1,red,N,X,A,red,N,X
LTx,11,31346,14,red,N,X,H,red,N,X
LTx,11,31622,1,red,N,X,A,red,N,X
LTx,11,31639,1,red,N,X,A,red,N,X
LTx,11,31648,1,red,N,X,A,red,N,X
LTx,11,31661,1,red,N,X,A,red,N,X
LTx,11,31667,1,red,N,X,A,red,N,X
LTx,11,31677,1,red,N,X,A,red,N,X
LTx,11,31686,22,red,N,X,H,red,N,X
LTx,11,31805,1,red,N,X,A,red,N,X
LTx,11,31814,411,red,N,X,H,red,N,X
LTx,11,32285,1,red,N,X,A,red,N,X
LTx,11,32298,1,red,N,X,A,red,N,X
LTx,11,32311,1,red,N,X,A,red,N,X
LTx,11,32342,1,red,N,X,A,red,N,X
LTx,11,32355,1,red,N,X,A,red,N,X
LTx,11,32368,1,red,N,X,A,red,N,X
LTx,11,32422,1,red,N,X,A,red,N,X
LTx,11,32438,82,red,N,X,H,red,N,X
LTx,11,32566,1,red,N,X,A,red,N,X
LTx,11,32579,1,red,N,X,A,red,N,X
LTx,11,32593,1,red,N,X,A,red,N,X
LTx,11,32811,1,red,N,X,A,red,N,X
LTx,11,32823,1,red,N,X,A,red,N,X
LTx,11,32857,1,red,N,X,A,red,N,X
LTx,11,32869,1,red,N,X,A,red,N,X
LTx,11,33054,1,red,N,X,A,red,N,X
LTx,11,33060,1,red,N,X,A,red,N,X
LTx,11,33071,1,red,N,X,A,red,N,X
LTx,11,33086,1,red,N,X,A,red,N,X
LTx,11,33131,1,red,N,X,A,red,N,X
LTx,11,33143,1,red,N,X,A,red,N,X
LTx,11,33158,1,red,N,X,A,red,N,X
LTx,11,33173,1,red,N,X,A,red,N,X
LTx,11,33187,1,red,N,X,A,red,N,X
LTx,11,33198,1,red,N,X,A,red,N,X
LTx,11,33211,1,red,N,X,A,red,N,X
LTx,11,33223,1,red,N,X,A,red,N,X
LTx,11,33271,1,red,N,X,A,red,N,X
LTx,11,33285,1,red,N,X,A,red,N,X
LTx,11,33296,1,red,N,X,A,red,N,X
LTx,11,33389,1,red,N,X,A,red,N,X
LTx,11,33401,1,red,N,X,A,red,N,X
LTx,11,33415,1,red,N,X,A,red,N,X
LTx,11,33428,1,red,N,X,A,red,N,X
LTx,11,33441,1,red,N,X,A,red,N,X
LTx,11,33455,1,red,N,X,A,red,N,X
LTx,11,33563,1,red,N,X,A,red,N,X
LTx,11,33575,1,red,N,X,A,red,N,X
LTx,11,33589,1,red,N,X,A,red,N,X
LTx,11,33602,1,red,N,X,A,red,N,X
LTx,11,33616,1,red,N,X,A,red,N,X
LTx,11,33628,1,red,N,X,A,red,N,X
LTx,11,33640,1,red,N,X,A,red,N,X
LTx,11,33653,1,red,N,X,A,red,N,X
LTx,11,33665,1,red,N,X,A,red,N,X
LTx,11,33678,1,red,N,X,A,red,N,X
LTx,11,33691,1,red,N,X,A,red,N,X
LTx,11,33704,1,red,N,X,A,red,N,X
LTx,11,33719,1,red,N,X,A,red,N,X
LTx,11,33732,1,red,N,X,A,red,N,X
LTx,11,33746,1,red,N,X,A,red,N,X
LTx,11,33758,1,red,N,X,A,red,N,X
LTx,11,33773,1,red,N,X,A,red,N,X
LTx,11,33789,1,red,N,X,A,red,N,X
LTx,11,33802,1,red,N,X,A,red,N,X
LTx,11,33815,1,red,N,X,A,red,N,X
LTx,11,33849,1,red,N,X,A,red,N,X
LTx,11,33859,1,red,N,X,A,red,N,X
LTx,11,33865,1,red,N,X,A,red,N,X
LTx,11,33873,141,red,N,X,H,red,N,X
LTx,11,34033,1,red,N,X,A,red,N,X
LTx,11,34040,1,red,N,X,A,red,N,X
LTx,11,34055,1,red,N,X,A,red,N,X
LTx,11,34066,1,red,N,X,A,red,N,X
LTx,11,34080,1,red,N,X,A,red,N,X
LTx,11,34369,6,red,N,X,H,red,N,X
LTx,11,34384,114,red,N,X,H,red,N,X
LTx,11,34602,76,red,N,X,H,red,N,X
LTx,11,34957,1,red,N,X,A,red,N,X
LTx,11,34969,1,red,N,X,A,red,N,X
LTx,11,34984,1,red,N,X,A,red,N,X
LTx,11,34999,1,red,N,X,A,red,N,X
LTx,11,35014,1,red,N,X,A,red,N,X
LTx,11,35028,1,red,N,X,A,red,N,X
LTx,11,35043,1,red,N,X,A,red,N,X
LTx,11,35057,1,red,N,X,A,red,N,X
LTx,11,35089,1,red,N,X,A,red,N,X
LTx,11,35101,1,red,N,X,A,red,N,X
LTx,11,35126,1,red,N,X,A,red,N,X
LTx,11,35139,1,red,N,X,A,red,N,X
LTx,11,35152,1,red,N,X,A,red,N,X
LTx,11,35165,1,red,N,X,A,red,N,X
LTx,11,35180,1,red,N,X,A,red,N,X
LTx,11,35196,1,red,N,X,A,red,N,X
LTx,11,35403,1,red,N,X,A,red,N,X
LTx,11,35414,1,red,N,X,A,red,N,X
LTx,11,35427,1,red,N,X,A,red,N,X
LTx,11,35441,1,red,N,X,A,red,N,X
LTx,11,35455,1,red,N,X,A,red,N,X
LTx,11,35468,1,red,N,X,A,red,N,X
LTx,11,35484,1,red,N,X,A,red,N,X
LTx,11,35500,16,red,N,X,H,red,N,X
LTx,11,35542,1,red,N,X,A,red,N,X
LTx,11,35550,1,red,N,X,A,red,N,X
LTx,11,35554,39,red,N,X,H,red,N,X
LTx,11,35606,50,red,N,X,H,red,N,X
LTx,11,37189,1,red,N,X,A,red,N,X
LTx,11,37199,1,red,N,X,A,red,N,X
LTx,11,37206,1,red,N,X,A,red,N,X
LTx,11,37217,1,red,N,X,A,red,N,X
LTx,11,37228,1,red,N,X,A,red,N,X
LTx,11,37241,1,red,N,X,A,red,N,X
LTx,11,37253,1,red,N,X,A,red,N,X
LTx,11,37261,1,red,N,X,A,red,N,X
LTx,11,37271,1,red,N,X,A,red,N,X
LTx,11,37281,467,red,N,X,H,red,N,X
LTx,11,37762,138,red,N,X,H,red,N,X
LTx,11,37911,107,red,N,X,H,red,N,X
LTx,11,38038,134,red,N,X,H,red,N,X
LTx,11,38350,291,red,N,X,H,red,N,X
LTx,11,38840,1,red,N,X,A,red,N,X
LTx,11,38856,1,red,N,X,A,red,N,X
LTx,11,38870,1,red,N,X,A,red,N,X
LTx,11,38877,1,red,N,X,A,red,N,X
LTx,11,38886,15,red,N,X,H,red,N,X
LTx,11,39122,1,red,N,X,A,red,N,X
LTx,11,39133,1,red,N,X,A,red,N,X
LTx,11,39147,1,red,N,X,A,red,N,X
LTx,11,39158,1,red,N,X,A,red,N,X
LTx,11,39222,1,red,N,X,A,red,N,X
LTx,11,39226,266,red,N,X,H,red,N,X
LTx,11,39562,1,red,N,X,A,red,N,X
LTx,11,39584,1,red,N,X,A,red,N,X
LTx,11,39602,1,red,N,X,A,red,N,X
LTx,11,39617,1,red,N,X,A,red,N,X
LTx,11,39626,1,red,N,X,A,red,N,X
LTx,11,39642,1,red,N,X,A,red,N,X
LTx,11,39655,1,red,N,X,A,red,N,X
LTx,11,39672,1,red,N,X,A,red,N,X
LTx,11,39680,1,red,N,X,A,red,N,X
LTx,11,39692,1,red,N,X,A,red,N,X
LTx,11,39713,1,red,N,X,A,red,N,X
LTx,11,39721,12,red,N,X,H,red,N,X
LTx,11,39753,1,red,N,X,A,red,N,X
LTx,11,39767,1,red,N,X,A,red,N,X
LTx,11,39781,1,red,N,X,A,red,N,X
LTx,11,39793,1,red,N,X,A,red,N,X
LTx,11,39811,1,red,N,X,A,red,N,X
LTx,11,39822,1,red,N,X,A,red,N,X
LTx,11,39835,1,red,N,X,A,red,N,X
LTx,11,39848,1,red,N,X,A,red,N,X
LTx,11,39863,1,red,N,X,A,red,N,X
LTx,11,39879,1,red,N,X,A,red,N,X
LTx,11,39893,1,red,N,X,A,red,N,X
LTx,11,39920,1,red,N,X,A,red,N,X
LTx,11,39948,1,red,N,X,A,red,N,X
LTx,11,39967,121,red,N,X,H,red,N,X
LTx,11,40114,1,red,N,X,A,red,N,X
LTx,11,40130,1,red,N,X,A,red,N,X
LTx,11,40142,1,red,N,X,A,red,N,X
LTx,11,40151,1,red,N,X,A,red,N,X
LTx,11,40241,33,red,N,X,H,red,N,X
LTx,11,40345,1,red,N,X,A,red,N,X
LTx,11,40360,1,red,N,X,A,red,N,X
LTx,11,40398,1,red,N,X,A,red,N,X
LTx,11,40406,1,red,N,X,A,red,N,X
LTx,11,40496,1,red,N,X,A,red,N,X
LTx,11,40509,1,red,N,X,A,red,N,X
LTx,11,40521,1,red,N,X,A,red,N,X
LTx,11,40577,1,red,N,X,A,red,N,X
LTx,11,40592,1,red,N,X,A,red,N,X
LTx,11,40598,1,red,N,X,A,red,N,X
LTx,11,40611,1,red,N,X,A,red,N,X
LTx,11,40621,1,red,N,X,A,red,N,X
LTx,11,40629,123,red,N,X,H,red,N,X
LTx,11,40768,1,red,N,X,A,red,N,X
LTx,11,40781,1,red,N,X,A,red,N,X
LTx,11,40793,1,red,N,X,A,red,N,X
LTx,11,40937,1,red,N,X,A,red,N,X
LTx,11,40949,1,red,N,X,A,red,N,X
LTx,11,40957,1,red,N,X,A,red,N,X
LTx,11,40963,347,red,N,X,H,red,N,X
LTx,11,41320,183,red,N,X,R,red,N,X
LTx,11,41561,1,red,N,X,A,red,N,X
LTx,11,41571,16,red,N,X,H,red,N,X
LTx,11,41594,1,red,N,X,A,red,N,X
LTx,11,41607,79,red,N,X,H,red,N,X
LTx,11,42024,1,red,N,X,A,red,N,X
LTx,11,42036,96,red,N,X,H,red,N,X
LTx,11,42142,1,red,N,X,A,red,N,X
LTx,11,42290,1,red,N,X,A,red,N,X
LTx,11,42299,1,red,N,X,A,red,N,X
LTx,11,42307,305,red,N,X,H,red,N,X
LTx,11,42718,117,red,N,X,H,red,N,X
LTx,11,42914,1,red,N,X,A,red,N,X
LTx,11,42973,1,red,N,X,A,red,N,X
LTx,11,42987,1,red,N,X,A,red,N,X
LTx,11,42999,1,red,N,X,A,red,N,X
LTx,11,43055,1,red,N,X,A,red,N,X
LTx,11,43067,1,red,N,X,A,red,N,X
LTx,11,43081,1,red,N,X,A,red,N,X
LTx,11,43096,1,red,N,X,A,red,N,X
LTx,11,43110,1,red,N,X,A,red,N,X
LTx,11,43124,1,red,N,X,A,red,N,X
LTx,11,43137,1,red,N,X,A,red,N,X
LTx,11,43189,1,red,N,X,A,red,N,X
LTx,11,43200,1,red,N,X,A,red,N,X
LTx,11,43208,1,red,N,X,A,red,N,X
LTx,11,43214,1,red,N,X,A,red,N,X
LTx,11,43224,1,red,N,X,A,red,N,X
LTx,11,43242,1,red,N,X,A,red,N,X
LTx,11,43251,1,red,N,X,A,red,N,X
LTx,11,43258,1,red,N,X,A,red,N,X
LTx,11,43267,1,red,N,X,A,red,N,X
LTx,11,43280,1,red,N,X,A,red,N,X
LTx,11,43289,1,red,N,X,A,red,N,X
LTx,11,43298,1,red,N,X,A,red,N,X
LTx,11,44713,290,red,N,X,H,red,N,X
LTx,11,45003,1,red,N,X,A,red,N,X
LTx,11,45012,1,red,N,X,A,red,N,X
LTx,11,45020,1,red,N,X,A,red,N,X
LTx,11,45031,1,red,N,X,A,red,N,X
LTx,11,45041,1,red,N,X,A,red,N,X
LTx,11,45073,1,red,N,X,A,red,N,X
LTx,11,45085,1,red,N,X,A,red,N,X
LTx,11,45097,1,red,N,X,A,red,N,X
LTx,11,45110,1,red,N,X,A,red,N,X
LTx,11,45113,49,red,N,X,H,red,N,X
LTx,11,45182,1,red,N,X,A,red,N,X
LTx,11,45191,1,red,N,X,A,red,N,X
LTx,11,45205,1,red,N,X,A,red,N,X
LTx,11,45216,1,red,N,X,A,red,N,X
LTx,11,45221,29,red,N,X,H,red,N,X
LTx,11,45263,56,red,N,X,H,red,N,X
LTx,11,45334,98,red,N,X,H,red,N,X
LTx,11,45474,1,red,N,X,A,red,N,X
LTx,11,45488,1,red,N,X,A,red,N,X
LTx,11,45499,1,red,N,X,A,red,N,X
LTx,11,45510,1,red,N,X,A,red,N,X
LTx,11,45563,1,red,N,X,A,red,N,X
LTx,11,45578,1,red,N,X,A,red,N,X
LTx,11,45595,1,red,N,X,A,red,N,X
LTx,11,45743,1,red,N,X,A,red,N,X
LTx,11,45754,1,red,N,X,A,red,N,X
LTx,11,45768,1,red,N,X,A,red,N,X
LTx,11,45772,223,red,N,X,H,red,N,X
LTx,11,46009,25,red,N,X,H,red,N,X
LTx,11,46057,1,red,N,X,A,red,N,X
LTx,11,46067,1,red,N,X,A,red,N,X
LTx,11,46077,1,red,N,X,A,red,N,X
LTx,11,46217,1,red,N,X,A,red,N,X
LTx,11,46242,1,red,N,X,A,red,N,X
LTx,11,46255,1,red,N,X,A,red,N,X
LTx,11,46275,1,red,N,X,A,red,N,X
LTx,11,46311,1,red,N,X,A,red,N,X
LTx,11,46332,1,red,N,X,A,red,N,X
LTx,11,46339,1,red,N,X,A,red,N,X
LTx,11,46349,1,red,N,X,A,red,N,X
LTx,11,46363,1,red,N,X,A,red,N,X
LTx,11,46375,54,red,N,X,H,red,N,X
LTx,11,46562,1,red,N,X,A,red,N,X
LTx,11,46575,1,red,N,X,A,red,N,X
LTx,11,46599,1,red,N,X,A,red,N,X
LTx,11,46610,1,red,N,X,A,red,N,X
LTx,11,46624,1,red,N,X,A,red,N,X
LTx,11,46636,1,red,N,X,A,red,N,X
LTx,11,46647,1,red,N,X,A,red,N,X
LTx,11,46659,1,red,N,X,A,red,N,X
LTx,11,46683,1,red,N,X,A,red,N,X
LTx,11,46696,1,red,N,X,A,red,N,X
LTx,11,46713,1,red,N,X,A,red,N,X
LTx,11,46743,1,red,N,X,A,red,N,X
LTx,11,46757,1,red,N,X,A,red,N,X
LTx,11,46782,515,red,N,X,H,red,N,X
LTx,11,47348,1,red,N,X,A,red,N,X
LTx,11,47359,1,red,N,X,A,red,N,X
LTx,11,47372,1,red,N,X,A,red,N,X
LTx,11,47385,1,red,N,X,A,red,N,X
LTx,11,47404,1,red,N,X,A,red,N,X
LTx,11,49156,73,red,N,X,H,red,N,X
LTx,11,49246,2,red,N,X,H,red,N,X
LTx,11,49265,6,red,N,X,H,red,N,X
LTx,11,49365,1,red,N,X,A,red,N,X
LTx,11,49376,1,red,N,X,A,red,N,X
LTx,11,49384,115,red,N,X,H,red,N,X
LTx,11,49736,79,red,N,X,H,red,N,X
LTx,11,50721,23,red,N,X,H,red,N,X
LTx,11,50960,1,red,N,X,A,red,N,X
LTx,11,51024,1,red,N,X,A,red,N,X
LTx,11,51041,1,red,N,X,A,red,N,X
LTx,11,51057,1,red,N,X,A,red,N,X
LTx,11,51071,1,red,N,X,A,red,N,X
LTx,11,51078,49,red,N,X,H,red,N,X
LTx,11,51194,20,red,N,X,H,red,N,X
LTx,11,51252,1,red,N,X,A,red,N,X
LTx,11,51327,1,red,N,X,A,red,N,X
LTx,11,51337,1,red,N,X,A,red,N,X
LTx,11,51400,1,red,N,X,A,red,N,X
LTx,11,51410,63,red,N,X,H,red,N,X
LTx,11,51684,1,red,N,X,A,red,N,X
LTx,11,51701,1,red,N,X,A,red,N,X
LTx,11,51722,1,red,N,X,A,red,N,X
LTx,11,51732,56,red,N,X,H,red,N,X
LTx,11,51837,1,red,N,X,A,red,N,X
LTx,11,51849,1,red,N,X,A,red,N,X
LTx,11,51861,1,red,N,X,A,red,N,X
LTx,11,51913,1,red,N,X,A,red,N,X
LTx,11,51923,1,red,N,X,A,red,N,X
LTx,11,51938,1,red,N,X,A,red,N,X
LTx,11,51950,1,red,N,X,A,red,N,X
LTx,11,52075,1,red,N,X,A,red,N,X
LTx,11,52087,1,red,N,X,A,red,N,X
LTx,11,52099,1,red,N,X,A,red,N,X
LTx,11,52111,1,red,N,X,A,red,N,X
LTx,11,52124,1,red,N,X,A,red,N,X
LTx,11,52137,1,red,N,X,A,red,N,X
LTx,11,52150,1,red,N,X,A,red,N,X
LTx,11,52162,1,red,N,X,A,red,N,X
LTx,11,52204,1,red,N,X,A,red,N,X
LTx,11,52217,1,red,N,X,A,red,N,X
LTx,11,52228,1,red,N,X,A,red,N,X
LTx,11,52240,1,red,N,X,A,red,N,X
LTx,11,52255,1,red,N,X,A,red,N,X
LTx,11,52281,1,red,N,X,A,red,N,X
LTx,11,52292,1,red,N,X,A,red,N,X
LTx,11,52304,1,red,N,X,A,red,N,X
LTx,11,52313,210,red,N,X,H,red,N,X
LTx,11,52734,1,red,N,X,A,red,N,X
LTx,11,52752,1,red,N,X,A,red,N,X
LTx,11,52766,1,red,N,X,A,red,N,X
LTx,11,52776,1,red,N,X,A,red,N,X
LTx,11,52792,1,red,N,X,A,red,N,X
LTx,11,52809,1,red,N,X,A,red,N,X
LTx,11,52815,1,red,N,X,A,red,N,X
LTx,11,52825,1,red,N,X,A,red,N,X
LTx,11,52839,1,red,N,X,A,red,N,X
LTx,11,52862,1,red,N,X,A,red,N,X
LTx,11,52875,1,red,N,X,A,red,N,X
LTx,11,52892,1,red,N,X,A,red,N,X
LTx,11,53142,1,red,N,X,A,red,N,X
LTx,11,53153,1,red,N,X,A,red,N,X
LTx,11,53165,1,red,N,X,A,red,N,X
LTx,11,53176,1,red,N,X,A,red,N,X
LTx,11,53189,1,red,N,X,A,red,N,X
LTx,11,53201,1,red,N,X,A,red,N,X
LTx,11,53214,1,red,N,X,A,red,N,X
LTx,11,53225,1,red,N,X,A,red,N,X
LTx,11,53239,1,red,N,X,A,red,N,X
LTx,11,53249,1,red,N,X,A,red,N,X
LTx,11,53321,1,red,N,X,A,red,N,X
LTx,11,53333,1,red,N,X,A,red,N,X
LTx,11,53351,1,red,N,X,A,red,N,X
LTx,11,53365,1,red,N,X,A,red,N,X
LTx,11,53383,1,red,N,X,A,red,N,X
LTx,11,53404,1,red,N,X,A,red,N,X
LTx,11,53434,1,red,N,X,A,red,N,X
LTx,11,53436,244,red,N,X,H,red,N,X
LTx,11,53741,1,red,N,X,A,red,N,X
LTx,11,53772,231,red,N,X,H,red,N,X
LTx,11,54704,1,red,N,X,A,red,N,X
LTx,11,54717,1,red,N,X,A,red,N,X
LTx,11,54732,1,red,N,X,A,red,N,X
LTx,11,54745,1,red,N,X,A,red,N,X
LTx,11,54763,1,red,N,X,A,red,N,X
LTx,11,54841,1,red,N,X,A,red,N,X
LTx,11,54853,1,red,N,X,A,red,N,X
LTx,11,55036,1,red,N,X,A,red,N,X
LTx,11,55046,1,red,N,X,A,red,N,X
LTx,11,55057,1,red,N,X,A,red,N,X
LTx,11,55070,1,red,N,X,A,red,N,X
LTx,11,55084,1,red,N,X,A,red,N,X
LTx,11,55126,1,red,N,X,A,red,N,X
LTx,11,55165,1,red,N,X,A,red,N,X
LTx,11,55179,1,red,N,X,A,red,N,X
LTx,11,55193,1,red,N,X,A,red,N,X
LTx,11,55221,1,red,N,X,A,red,N,X
LTx,11,55233,1,red,N,X,A,red,N,X
LTx,11,55236,48,red,N,X,H,red,N,X
LTx,11,55313,40,red,N,X,H,red,N,X
LTx,11,55994,1,red,N,X,A,red,N,X
LTx,11,56006,1,red,N,X,A,red,N,X
LTx,11,56017,1,red,N,X,A,red,N,X
LTx,11,56030,1,red,N,X,A,red,N,X
LTx,11,56037,1,red,N,X,A,red,N,X
LTx,11,56103,1,red,N,X,A,red,N,X
LTx,11,56145,63,red,N,X,H,red,N,X
LTx,11,56235,1,red,N,X,A,red,N,X
LTx,11,56307,37,red,N,X,H,red,N,X
LTx,11,56406,1,red,N,X,A,red,N,X
LTx,11,56417,1,red,N,X,A,red,N,X
LTx,11,56428,1,red,N,X,A,red,N,X
LTx,11,56441,1,red,N,X,A,red,N,X
LTx,11,56455,1,red,N,X,A,red,N,X
LTx,11,56469,1,red,N,X,A,red,N,X
LTx,11,56561,41,red,N,X,H,red,N,X
LTx,11,56823,1,red,N,X,A,red,N,X
LTx,11,56835,1,red,N,X,A,red,N,X
LTx,11,56849,1,red,N,X,A,red,N,X
LTx,11,56861,1,red,N,X,A,red,N,X
LTx,11,56873,1,red,N,X,A,red,N,X
LTx,11,56885,1,red,N,X,A,red,N,X
LTx,11,56897,1,red,N,X,A,red,N,X
LTx,11,56909,1,red,N,X,A,red,N,X
LTx,11,56922,1,red,N,X,A,red,N,X
LTx,11,56935,1,red,N,X,A,red,N,X
LTx,11,56946,1,red,N,X,A,red,N,X
LTx,11,56959,1,red,N,X,A,red,N,X
LTx,11,57044,1,red,N,X,A,red,N,X
LTx,11,57057,1,red,N,X,A,red,N,X
LTx,11,57214,1,red,N,X,A,red,N,X
LTx,11,57228,1,red,N,X,A,red,N,X
LTx,11,57239,1,red,N,X,A,red,N,X
LTx,11,57250,1,red,N,X,A,red,N,X
LTx,11,57262,1,red,N,X,A,red,N,X
LTx,11,57274,1,red,N,X,A,red,N,X
LTx,11,57286,1,red,N,X,A,red,N,X
LTx,11,57297,1,red,N,X,A,red,N,X
LTx,11,57309,1,red,N,X,A,red,N,X
LTx,11,57322,1,red,N,X,A,red,N,X
LTx,11,57333,1,red,N,X,A,red,N,X
LTx,11,57344,1,red,N,X,A,red,N,X
LTx,11,57357,1,red,N,X,A,red,N,X
LTx,11,57372,1,red,N,X,A,red,N,X
LTx,11,57385,1,red,N,X,A,red,N,X
LTx,11,57398,1,red,N,X,A,red,N,X
LTx,11,57411,1,red,N,X,A,red,N,X
LTx,11,57422,1,red,N,X,A,red,N,X
LTx,11,57438,1,red,N,X,A,red,N,X
LTx,11,57454,1,red,N,X,A,red,N,X
LTx,11,57507,1,red,N,X,A,red,N,X
LTx,11,57520,1,red,N,X,A,red,N,X
LTx,11,57535,1,red,N,X,A,red,N,X
LTx,11,57549,1,red,N,X,A,red,N,X
LTx,11,57562,1,red,N,X,A,red,N,X
LTx,11,57575,1,red,N,X,A,red,N,X
LTx,11,57610,1,red,N,X,A,red,N,X
LTx,11,57624,1,red,N,X,A,red,N,X
LTx,11,57637,1,red,N,X,A,red,N,X
LTx,11,57648,1,red,N,X,A,red,N,X
LTx,11,57660,1,red,N,X,A,red,N,X
LTx,11,57672,1,red,N,X,A,red,N,X
LTx,11,57907,1,red,N,X,A,red,N,X
LTx,11,57921,1,red,N,X,A,red,N,X
LTx,11,57936,1,red,N,X,A,red,N,X
LTx,11,57950,1,red,N,X,A,red,N,X
LTx,11,57962,1,red,N,X,A,red,N,X
LTx,11,57977,1,red,N,X,A,red,N,X
LTx,11,57989,1,red,N,X,A,red,N,X
LTx,11,58000,1,red,N,X,A,red,N,X
LTx,11,58015,1,red,N,X,A,red,N,X
LTx,11,58031,1,red,N,X,A,red,N,X
LTx,11,58046,1,red,N,X,A,red,N,X
LTx,11,58061,1,red,N,X,A,red,N,X
LTx,11,58086,1,red,N,X,A,red,N,X
LTx,11,58108,1,red,N,X,A,red,N,X
LTx,11,58129,1,red,N,X,A,red,N,X
LTx,11,58146,1,red,N,X,A,red,N,X
LTx,11,58166,1,red,N,X,A,red,N,X
LTx,11,58177,1,red,N,X,A,red,N,X
LTx,11,58194,1,red,N,X,A,red,N,X
LTx,11,58213,1,red,N,X,A,red,N,X
LTx,11,58233,1,red,N,X,A,red,N,X
LTx,11,58249,1,red,N,X,A,red,N,X
LTx,11,58264,1,red,N,X,A,red,N,X
LTx,11,58280,1,red,N,X,A,red,N,X
LTx,11,58296,1,red,N,X,A,red,N,X
LTx,11,58319,1,red,N,X,A,red,N,X
LTx,11,58329,1,red,N,X,A,red,N,X
LTx,11,58348,1,red,N,X,A,red,N,X
LTx,11,58405,150,red,N,X,H,red,N,X
LTx,11,58698,1,red,N,X,A,red,N,X
LTx,11,58708,1,red,N,X,A,red,N,X
LTx,11,58712,51,red,N,X,H,red,N,X
LTx,11,58847,1,red,N,X,A,red,N,X
LTx,11,58861,1,red,N,X,A,red,N,X
LTx,11,58873,1,red,N,X,A,red,N,X
LTx,11,58879,9,red,N,X,H,red,N,X
LTx,11,58933,1,red,N,X,A,red,N,X
LTx,11,58990,1,red,N,X,A,red,N,X
LTx,11,59007,1,red,N,X,A,red,N,X
LTx,11,59025,1,red,N,X,A,red,N,X
LTx,11,59041,1,red,N,X,A,red,N,X
LTx,11,59056,1,red,N,X,A,red,N,X
LTx,11,59063,1,red,N,X,A,red,N,X
LTx,11,59070,1,red,N,X,A,red,N,X
LTx,11,59102,1,red,N,X,A,red,N,X
LTx,11,59117,1,red,N,X,A,red,N,X
LTx,11,59132,107,red,N,X,H,red,N,X
LTx,11,59252,1,red,N,X,A,red,N,X
LTx,11,59264,1,red,N,X,A,red,N,X
LTx,11,59288,1,red,N,X,A,red,N,X
LTx,11,59383,1,red,N,X,A,red,N,X
LTx,11,59391,625,red,N,X,H,red,N,X
LTx,11,60146,1,red,N,X,A,red,N,X
LTx,11,60158,1,red,N,X,A,red,N,X
LTx,11,60172,1,red,N,X,A,red,N,X
LTx,11,60186,1,red,N,X,A,red,N,X
LTx,11,60199,1,red,N,X,A,red,N,X
LTx,11,60212,1,red,N,X,A,red,N,X
LTx,11,60226,1,red,N,X,A,red,N,X
LTx,11,60239,1,red,N,X,A,red,N,X
LTx,11,60251,1,red,N,X,A,red,N,X
LTx,11,60256,97,red,N,X,H,red,N,X
LTx,11,60536,349,red,N,X,H,red,N,X
LTx,11,61296,1,red,N,X,A,red,N,X
LTx,11,61311,1,red,N,X,A,red,N,X
LTx,11,61360,1,red,N,X,A,red,N,X
LTx,11,61377,1,red,N,X,A,red,N,X
LTx,11,61487,1,red,N,X,A,red,N,X
LTx,11,61499,1,red,N,X,A,red,N,X
LTx,11,61512,1,red,N,X,A,red,N,X
LTx,11,61525,1,red,N,X,A,red,N,X
LTx,11,61536,1,red,N,X,A,red,N,X
LTx,11,61778,1,red,N,X,A,red,N,X
LTx,11,61795,1,red,N,X,A,red,N,X
LTx,11,61800,416,red,N,X,H,red,N,X
LTx,11,62226,1,red,N,X,A,red,N,X
LTx,11,62234,1,red,N,X,A,red,N,X
LTx,11,62243,9,red,N,X,H,red,N,X
LTx,11,62301,1,red,N,X,A,red,N,X
LTx,11,62312,1,red,N,X,A,red,N,X
LTx,11,62322,53,red,N,X,H,red,N,X
LTx,11,63204,1,red,N,X,A,red,N,X
LTx,11,63217,1,red,N,X,A,red,N,X
LTx,11,63229,1,red,N,X,A,red,N,X
LTx,11,63237,1,red,N,X,A,red,N,X
LTx,11,63247,1,red,N,X,A,red,N,X
LTx,11,63257,1,red,N,X,A,red,N,X
LTx,11,63265,1,red,N,X,A,red,N,X
LTx,11,63276,1,red,N,X,A,red,N,X
LTx,11,63293,1,red,N,X,A,red,N,X
LTx,11,63310,1,red,N,X,A,red,N,X
LTx,11,63325,1,red,N,X,A,red,N,X
LTx,11,63332,99,red,N,X,H,red,N,X
LTx,11,63464,118,red,N,X,H,red,N,X
LTx,11,63636,6,red,N,X,H,red,N,X
LTx,11,63669,331,red,N,X,H,red,N,X
LTx,11,64148,143,red,N,X,H,red,N,X
LTx,11,64418,111,red,N,X,H,red,N,X
LTx,11,64636,1,red,N,X,A,red,N,X
LTx,11,64657,1,red,N,X,A,red,N,X
LTx,11,64676,1,red,N,X,A,red,N,X
LTx,11,64728,1,red,N,X,A,red,N,X
LTx,11,64744,1,red,N,X,A,red,N,X
LTx,11,64758,1,red,N,X,A,red,N,X
LTx,11,64786,1,red,N,X,A,red,N,X
LTx,11,64799,1,red,N,X,A,red,N,X
LTx,11,64805,1,red,N,X,A,red,N,X
LTx,11,64870,44,red,N,X,H,red,N,X
LTx,11,68050,1,red,N,X,A,red,N,X
LTx,11,68080,1,red,N,X,A,red,N,X
LTx,11,68187,1,red,N,X,A,red,N,X
LTx,11,68198,1,red,N,X,A,red,N,X
LTx,11,68212,1,red,N,X,A,red,N,X
LTx,11,68224,1,red,N,X,A,red,N,X
LTx,11,68237,1,red,N,X,A,red,N,X
LTx,11,68250,1,red,N,X,A,red,N,X
LTx,11,68320,1,red,N,X,A,red,N,X
LTx,11,68332,1,red,N,X,A,red,N,X
LTx,11,68345,1,red,N,X,A,red,N,X
LTx,11,68358,1,red,N,X,A,red,N,X
LTx,11,68623,1,red,N,X,A,red,N,X
LTx,11,68634,1,red,N,X,A,red,N,X
LTx,11,68647,1,red,N,X,A,red,N,X
LTx,11,68661,1,red,N,X,A,red,N,X
LTx,11,68673,1,red,N,X,A,red,N,X
LTx,11,68685,1,red,N,X,A,red,N,X
LTx,11,68700,1,red,N,X,A,red,N,X
LTx,11,68713,26,red,N,X,H,red,N,X
LTx,11,68833,1,red,N,X,A,red,N,X
LTx,11,68842,1,red,N,X,A,red,N,X
LTx,11,68882,1,red,N,X,A,red,N,X
LTx,11,68896,1,red,N,X,A,red,N,X
LTx,11,68909,1,red,N,X,A,red,N,X
LTx,11,69045,1,red,N,X,A,red,N,X
LTx,11,69072,1,red,N,X,A,red,N,X
LTx,11,69149,216,red,N,X,H,red,N,X
LTx,11,69524,1,red,N,X,A,red,N,X
LTx,11,69543,1,red,N,X,A,red,N,X
LTx,11,69555,1,red,N,X,A,red,N,X
LTx,11,69575,1,red,N,X,A,red,N,X
LTx,11,69585,1,red,N,X,A,red,N,X
LTx,11,69608,1,red,N,X,A,red,N,X
LTx,11,69634,1,red,N,X,A,red,N,X
LTx,11,69647,1,red,N,X,A,red,N,X
LTx,11,69723,1,red,N,X,A,red,N,X
LTx,11,69735,1,red,N,X,A,red,N,X
LTx,11,69747,1,red,N,X,A,red,N,X
LTx,11,69760,1,red,N,X,A,red,N,X
LTx,11,69773,1,red,N,X,A,red,N,X
LTx,11,69808,1,red,N,X,A,red,N,X
LTx,11,69917,1,red,N,X,A,red,N,X
LTx,11,69930,1,red,N,X,A,red,N,X
LTx,11,69941,1,red,N,X,A,red,N,X
LTx,11,69954,1,red,N,X,A,red,N,X
LTx,11,69965,1,red,N,X,A,red,N,X
LTx,11,69975,1,red,N,X,A,red,N,X
LTx,11,70017,1,red,N,X,A,red,N,X
LTx,11,70038,1,red,N,X,A,red,N,X
LTx,11,70106,1,red,N,X,A,red,N,X
LTx,11,70120,1,red,N,X,A,red,N,X
LTx,11,70124,222,red,N,X,H,red,N,X
LTx,11,70996,1,red,N,X,A,red,N,X
LTx,11,71008,1,red,N,X,A,red,N,X
LTx,11,71020,1,red,N,X,A,red,N,X
LTx,11,71032,1,red,N,X,A,red,N,X
LTx,11,71043,1,red,N,X,A,red,N,X
LTx,11,71055,1,red,N,X,A,red,N,X
LTx,11,71068,1,red,N,X,A,red,N,X
LTx,11,71079,1,red,N,X,A,red,N,X
LTx,11,71090,1,red,N,X,A,red,N,X
LTx,11,71102,1,red,N,X,A,red,N,X
LTx,11,71116,1,red,N,X,A,red,N,X
LTx,11,71138,1,red,N,X,A,red,N,X
LTx,11,71157,1,red,N,X,A,red,N,X
LTx,11,71169,1,red,N,X,A,red,N,X
LTx,11,71181,1,red,N,X,A,red,N,X
LTx,11,71193,1,red,N,X,A,red,N,X
LTx,11,71204,1,red,N,X,A,red,N,X
LTx,11,71217,1,red,N,X,A,red,N,X
LTx,11,71230,1,red,N,X,A,red,N,X
LTx,11,71244,1,red,N,X,A,red,N,X
LTx,11,71342,1,red,N,X,A,red,N,X
LTx,11,71354,1,red,N,X,A,red,N,X
LTx,11,71366,1,red,N,X,A,red,N,X
LTx,11,71379,1,red,N,X,A,red,N,X
LTx,11,71393,1,red,N,X,A,red,N,X
LTx,11,71405,1,red,N,X,A,red,N,X
LTx,11,71421,1,red,N,X,A,red,N,X
LTx,11,71434,1,red,N,X,A,red,N,X
LTx,11,71447,1,red,N,X,A,red,N,X
LTx,11,71459,1,red,N,X,A,red,N,X
LTx,11,71471,1,red,N,X,A,red,N,X
LTx,11,71483,1,red,N,X,A,red,N,X
LTx,11,71496,1,red,N,X,A,red,N,X
LTx,11,71523,1,red,N,X,A,red,N,X
LTx,11,71538,1,red,N,X,A,red,N,X
LTx,11,71552,1,red,N,X,A,red,N,X
LTx,11,71569,1,red,N,X,A,red,N,X
LTx,11,71584,1,red,N,X,A,red,N,X
LTx,11,71592,131,red,N,X,H,red,N,X
LTx,11,72091,1,red,N,X,A,red,N,X
LTx,11,72106,1,red,N,X,A,red,N,X
LTx,11,72120,1,red,N,X,A,red,N,X
LTx,11,72134,1,red,N,X,A,red,N,X
LTx,11,72148,1,red,N,X,A,red,N,X
LTx,11,72162,1,red,N,X,A,red,N,X
LTx,11,72175,1,red,N,X,A,red,N,X
LTx,11,72187,1,red,N,X,A,red,N,X
LTx,11,72226,1,red,N,X,A,red,N,X
LTx,11,72240,1,red,N,X,A,red,N,X
LTx,11,72253,1,red,N,X,A,red,N,X
LTx,11,72380,1,red,N,X,A,red,N,X
LTx,11,72392,1,red,N,X,A,red,N,X
LTx,11,72406,1,red,N,X,A,red,N,X
LTx,11,72419,1,red,N,X,A,red,N,X
LTx,11,72433,1,red,N,X,A,red,N,X
LTx,11,72448,1,red,N,X,A,red,N,X
LTx,11,72462,1,red,N,X,A,red,N,X
LTx,11,72478,1,red,N,X,A,red,N,X
LTx,11,72496,1,red,N,X,A,red,N,X
LTx,11,72511,1,red,N,X,A,red,N,X
LTx,11,72526,1,red,N,X,A,red,N,X
LTx,11,72541,1,red,N,X,A,red,N,X
LTx,11,72594,1,red,N,X,A,red,N,X
LTx,11,72621,1,red,N,X,A,red,N,X
LTx,11,72634,1,red,N,X,A,red,N,X
LTx,11,72647,1,red,N,X,A,red,N,X
LTx,11,72660,1,red,N,X,A,red,N,X
LTx,11,72834,1,red,N,X,A,red,N,X
LTx,11,72849,1,red,N,X,A,red,N,X
LTx,11,72865,662,red,N,X,H,red,N,X
LTx,11,73596,135,red,N,X,H,red,N,X
LTx,11,73784,5,red,N,X,H,red,N,X
LTx,11,73811,240,red,N,X,H,red,N,X
LTx,11,77564,1,red,N,X,A,red,N,X
LTx,11,77588,1,red,N,X,A,red,N,X
LTx,11,77615,1,red,N,X,A,red,N,X
LTx,11,77627,1,red,N,X,A,red,N,X
LTx,11,77641,1,red,N,X,A,red,N,X
LTx,11,77668,1,red,N,X,A,red,N,X
LTx,11,77684,1,red,N,X,A,red,N,X
LTx,11,77711,1,red,N,X,A,red,N,X
LTx,11,77739,1,red,N,X,A,red,N,X
LTx,11,77751,1,red,N,X,A,red,N,X
LTx,11,77765,1,red,N,X,A,red,N,X
LTx,11,77777,1,red,N,X,A,red,N,X
LTx,11,77791,1,red,N,X,A,red,N,X
LTx,11,77805,1,red,N,X,A,red,N,X
LTx,11,77820,1,red,N,X,A,red,N,X
LTx,11,77831,1,red,N,X,A,red,N,X
LTx,11,78147,1,red,N,X,A,red,N,X
LTx,11,78197,41,red,N,X,H,red,N,X
LTx,11,78265,1,red,N,X,A,red,N,X
LTx,11,78276,1,red,N,X,A,red,N,X
LTx,11,78289,1,red,N,X,A,red,N,X
LTx,11,78302,297,red,N,X,H,red,N,X
LTx,11,78675,1,red,N,X,A,red,N,X
LTx,11,78689,1,red,N,X,A,red,N,X
LTx,11,78701,1,red,N,X,A,red,N,X
LTx,11,78714,1,red,N,X,A,red,N,X
LTx,11,78722,156,red,N,X,H,red,N,X
LTx,11,78938,1,red,N,X,A,red,N,X
LTx,11,78948,1,red,N,X,A,red,N,X
LTx,11,78958,223,red,N,X,H,red,N,X
LTx,11,79224,11,red,N,X,H,red,N,X
LTx,11,79390,1,red,N,X,A,red,N,X
LTx,11,79408,1,red,N,X,A,red,N,X
LTx,11,79429,1,red,N,X,A,red,N,X
LTx,11,79439,1,red,N,X,A,red,N,X
LTx,11,79530,1,red,N,X,A,red,N,X
LTx,11,79572,1,red,N,X,A,red,N,X
LTx,11,79592,1,red,N,X,A,red,N,X
LTx,11,79608,1,red,N,X,A,red,N,X
LTx,11,79633,1,red,N,X,A,red,N,X
LTx,11,79650,1,red,N,X,A,red,N,X
LTx,11,79701,1,red,N,X,A,red,N,X
LTx,11,79714,1,red,N,X,A,red,N,X
LTx,11,79728,1,red,N,X,A,red,N,X
LTx,11,79741,1,red,N,X,A,red,N,X
LTx,11,79756,1,red,N,X,A,red,N,X
LTx,11,79771,1,red,N,X,A,red,N,X
LTx,11,79788,1,red,N,X,A,red,N,X
LTx,11,79804,1,red,N,X,A,red,N,X
LTx,11,79834,1,red,N,X,A,red,N,X
LTx,11,79847,1,red,N,X,A,red,N,X
LTx,11,79860,1,red,N,X,A,red,N,X
LTx,11,79883,1,red,N,X,A,red,N,X
LTx,11,79894,1,red,N,X,A,red,N,X
LTx,11,79905,102,red,N,X,H,red,N,X
LTx,11,80018,8,red,N,X,H,red,N,X
LTx,11,80314,1,red,N,X,A,red,N,X
LTx,11,80328,1,red,N,X,A,red,N,X
LTx,11,80351,1,red,N,X,A,red,N,X
LTx,11,80366,1,red,N,X,A,red,N,X
LTx,11,80370,82,red,N,X,H,red,N,X
LTx,11,80460,24,red,N,X,H,red,N,X
LTx,11,80500,1,red,N,X,A,red,N,X
LTx,11,80525,1,red,N,X,A,red,N,X
LTx,11,80546,1,red,N,X,A,red,N,X
LTx,11,80560,1,red,N,X,A,red,N,X
LTx,11,80574,1,red,N,X,A,red,N,X
LTx,11,80586,1,red,N,X,A,red,N,X
LTx,11,80598,1,red,N,X,A,red,N,X
LTx,11,80610,1,red,N,X,A,red,N,X
LTx,11,80614,19,red,N,X,H,red,N,X
LTx,11,80675,392,red,N,X,H,red,N,X
LTx,11,81083,61,red,N,X,H,red,N,X
LTx,11,81234,24,red,N,X,H,red,N,X
LTx,11,81467,265,red,N,X,H,red,N,X
LTx,11,85,1,purple,N,X,A,purple,N,X
LTx,11,95,1,purple,N,X,A,purple,N,X
LTx,11,103,1,purple,N,X,A,purple,N,X
LTx,11,107,211,purple,N,X,H,purple,N,X
LTx,11,348,1,purple,N,X,A,purple,N,X
LTx,11,358,1,purple,N,X,A,purple,N,X
LTx,11,371,1,purple,N,X,A,purple,N,X
LTx,11,556,1,purple,N,X,A,purple,N,X
LTx,11,571,1,purple,N,X,A,purple,N,X
LTx,11,585,1,purple,N,X,A,purple,N,X
LTx,11,681,1,purple,N,X,A,purple,N,X
LTx,11,693,1,purple,N,X,A,purple,N,X
LTx,11,709,1,purple,N,X,A,purple,N,X
LTx,11,715,96,purple,N,X,H,purple,N,X
LTx,11,954,1,purple,N,X,A,purple,N,X
LTx,11,966,1,purple,N,X,A,purple,N,X
LTx,11,980,1,purple,N,X,A,purple,N,X
LTx,11,994,1,purple,N,X,A,purple,N,X
LTx,11,1000,1,purple,N,X,A,purple,N,X
LTx,11,1239,1,purple,N,X,A,purple,N,X
LTx,11,1252,1,purple,N,X,A,purple,N,X
LTx,11,1266,1,purple,N,X,A,purple,N,X
LTx,11,1280,1,purple,N,X,A,purple,N,X
LTx,11,1295,1,purple,N,X,A,purple,N,X
LTx,11,1308,1,purple,N,X,A,purple,N,X
LTx,11,1984,1,purple,N,X,A,purple,N,X
LTx,11,3078,86,purple,N,X,H,purple,N,X
LTx,11,4123,62,purple,N,X,H,purple,N,X
LTx,11,5218,63,purple,N,X,H,purple,N,X
LTx,11,5878,1,purple,N,X,A,purple,N,X
LTx,11,5883,324,purple,N,X,H,purple,N,X
LTx,11,6306,345,purple,N,X,H,purple,N,X
LTx,11,6678,1,purple,N,X,A,purple,N,X
LTx,11,6688,72,purple,N,X,H,purple,N,X
LTx,11,7868,25,purple,N,X,H,purple,N,X
LTx,11,8004,56,purple,N,X,H,purple,N,X
LTx,11,8283,48,purple,N,X,H,purple,N,X
LTx,11,8847,73,purple,N,X,H,purple,N,X
LTx,11,8975,70,purple,N,X,H,purple,N,X
LTx,11,10522,79,purple,N,X,H,purple,N,X
LTx,11,10624,1,purple,N,X,A,purple,N,X
LTx,11,10640,1,purple,N,X,A,purple,N,X
LTx,11,10642,54,purple,N,X,H,purple,N,X
LTx,11,10748,81,purple,N,X,H,purple,N,X
LTx,11,14455,79,purple,N,X,H,purple,N,X
LTx,11,14720,125,purple,N,X,H,purple,N,X
LTx,11,14901,29,purple,N,X,H,purple,N,X
LTx,11,14948,72,purple,N,X,H,purple,N,X
LTx,11,15201,24,purple,N,X,H,purple,N,X
LTx,11,17061,468,purple,N,X,H,purple,N,X
LTx,11,23244,106,purple,N,X,H,purple,N,X
LTx,11,23395,64,purple,N,X,H,purple,N,X
LTx,11,23516,253,purple,N,X,H,purple,N,X
LTx,11,23880,66,purple,N,X,H,purple,N,X
LTx,11,24628,195,purple,N,X,H,purple,N,X
LTx,11,24951,7,purple,N,X,H,purple,N,X
LTx,11,24985,30,purple,N,X,H,purple,N,X
LTx,11,25049,282,purple,N,X,H,purple,N,X
LTx,11,26376,91,purple,N,X,H,purple,N,X
LTx,11,26534,59,purple,N,X,H,purple,N,X
LTx,11,27017,199,purple,N,X,H,purple,N,X
LTx,11,27258,115,purple,N,X,H,purple,N,X
LTx,11,27462,44,purple,N,X,H,purple,N,X
LTx,11,27572,1,purple,N,X,A,purple,N,X
LTx,11,27583,1,purple,N,X,A,purple,N,X
LTx,11,27589,57,purple,N,X,H,purple,N,X
LTx,11,28192,17,purple,N,X,H,purple,N,X
LTx,11,28225,171,purple,N,X,H,purple,N,X
LTx,11,29092,64,purple,N,X,H,purple,N,X
LTx,11,29175,64,purple,N,X,H,purple,N,X
LTx,11,29402,168,purple,N,X,R,purple,N,X
LTx,11,29911,175,purple,N,X,H,purple,N,X
LTx,11,30547,69,purple,N,X,H,purple,N,X
LTx,11,33527,73,purple,N,X,H,purple,N,X
LTx,11,34281,1,purple,N,X,A,purple,N,X
LTx,11,34301,1,purple,N,X,A,purple,N,X
LTx,11,34306,191,purple,N,X,H,purple,N,X
LTx,11,34899,1,purple,N,X,A,purple,N,X
LTx,11,34910,1,purple,N,X,A,purple,N,X
LTx,11,34918,1,purple,N,X,A,purple,N,X
LTx,11,34923,150,purple,N,X,H,purple,N,X
LTx,11,35136,313,purple,N,X,H,purple,N,X
LTx,11,35760,82,purple,N,X,H,purple,N,X
LTx,11,35884,1,purple,N,X,A,purple,N,X
LTx,11,35894,1,purple,N,X,A,purple,N,X
LTx,11,35903,9,purple,N,X,H,purple,N,X
LTx,11,35983,14,purple,N,X,H,purple,N,X
LTx,11,36229,54,purple,N,X,H,purple,N,X
LTx,11,36312,9,purple,N,X,H,purple,N,X
LTx,11,36392,357,purple,N,X,H,purple,N,X
LTx,11,38912,107,purple,N,X,H,purple,N,X
LTx,11,39219,1,purple,N,X,A,purple,N,X
LTx,11,39232,296,purple,N,X,H,purple,N,X
LTx,11,39533,162,purple,N,X,R,purple,N,X
LTx,11,40293,1,purple,N,X,A,purple,N,X
LTx,11,40307,1,purple,N,X,A,purple,N,X
LTx,11,40320,1,purple,N,X,A,purple,N,X
LTx,11,40374,1,purple,N,X,A,purple,N,X
LTx,11,40387,1,purple,N,X,A,purple,N,X
LTx,11,40400,1,purple,N,X,A,purple,N,X
LTx,11,40458,1,purple,N,X,A,purple,N,X
LTx,11,40470,1,purple,N,X,A,purple,N,X
LTx,11,40550,223,purple,N,X,H,purple,N,X
LTx,11,41490,1,purple,N,X,A,purple,N,X
LTx,11,41505,1,purple,N,X,A,purple,N,X
LTx,11,41522,1,purple,N,X,A,purple,N,X
LTx,11,42075,118,purple,N,X,H,purple,N,X
LTx,11,42252,103,purple,N,X,H,purple,N,X
LTx,11,43164,14,purple,N,X,H,purple,N,X
LTx,11,43185,164,purple,N,X,H,purple,N,X
LTx,11,43464,311,purple,N,X,H,purple,N,X
LTx,11,43846,20,purple,N,X,H,purple,N,X
LTx,11,44751,1,purple,N,X,A,purple,N,X
LTx,11,44769,1,purple,N,X,A,purple,N,X
LTx,11,44781,1,purple,N,X,A,purple,N,X
LTx,11,44788,1,purple,N,X,A,purple,N,X
LTx,11,44810,18,purple,N,X,H,purple,N,X
LTx,11,44846,63,purple,N,X,H,purple,N,X
LTx,11,45483,1,purple,N,X,A,purple,N,X
LTx,11,45496,107,purple,N,X,H,purple,N,X
LTx,11,47313,171,purple,N,X,H,purple,N,X
LTx,11,49074,51,purple,N,X,H,purple,N,X
LTx,11,49189,20,purple,N,X,H,purple,N,X
LTx,11,49738,890,purple,N,X,H,purple,N,X
LTx,11,50776,27,purple,N,X,H,purple,N,X
LTx,11,50927,1,purple,N,X,A,purple,N,X
LTx,11,50944,540,purple,N,X,H,purple,N,X
LTx,11,51555,161,purple,N,X,H,purple,N,X
LTx,11,51829,554,purple,N,X,H,purple,N,X
LTx,11,52545,30,purple,N,X,H,purple,N,X
LTx,11,53096,38,purple,N,X,H,purple,N,X
LTx,11,53346,68,purple,N,X,H,purple,N,X
LTx,11,53513,49,purple,N,X,H,purple,N,X
LTx,11,55408,109,purple,N,X,H,purple,N,X
LTx,11,55860,127,purple,N,X,H,purple,N,X
LTx,11,56606,27,purple,N,X,H,purple,N,X
LTx,11,57472,199,purple,N,X,H,purple,N,X
LTx,11,57688,181,purple,N,X,H,purple,N,X
LTx,11,58284,157,purple,N,X,H,purple,N,X
LTx,11,62109,173,purple,N,X,H,purple,N,X
LTx,11,63690,270,purple,N,X,H,purple,N,X
LTx,11,66173,48,purple,N,X,H,purple,N,X
LTx,11,66323,72,purple,N,X,H,purple,N,X
LTx,11,66496,186,purple,N,X,H,purple,N,X
LTx,11,67001,55,purple,N,X,H,purple,N,X
LTx,11,67677,1,purple,N,X,A,purple,N,X
LTx,11,67687,1,purple,N,X,A,purple,N,X
LTx,11,67850,90,purple,N,X,H,purple,N,X
LTx,11,68472,1,purple,N,X,A,purple,N,X
LTx,11,68486,1,purple,N,X,A,purple,N,X
LTx,11,68499,1,purple,N,X,A,purple,N,X
LTx,11,68512,1,purple,N,X,A,purple,N,X
LTx,11,68525,1,purple,N,X,A,purple,N,X
LTx,11,68564,1,purple,N,X,A,purple,N,X
LTx,11,68577,1,purple,N,X,A,purple,N,X
LTx,11,68592,1,purple,N,X,A,purple,N,X
LTx,11,68627,1,purple,N,X,A,purple,N,X
LTx,11,68633,28,purple,N,X,H,purple,N,X
LTx,11,68669,1,purple,N,X,A,purple,N,X
LTx,11,68754,1,purple,N,X,A,purple,N,X
LTx,11,68766,1,purple,N,X,A,purple,N,X
LTx,11,68771,178,purple,N,X,H,purple,N,X
LTx,11,68959,190,purple,N,X,R,purple,N,X
LTx,11,69241,1,purple,N,X,A,purple,N,X
LTx,11,69255,1,purple,N,X,A,purple,N,X
LTx,11,69268,1,purple,N,X,A,purple,N,X
LTx,11,69310,11,purple,N,X,H,purple,N,X
LTx,11,70924,1,purple,N,X,A,purple,N,X
LTx,11,71192,1,purple,N,X,A,purple,N,X
LTx,11,71235,1,purple,N,X,A,purple,N,X
LTx,11,71243,49,purple,N,X,H,purple,N,X
LTx,11,71579,346,purple,N,X,H,purple,N,X
LTx,11,73723,1,purple,N,X,A,purple,N,X
LTx,11,73740,1,purple,N,X,A,purple,N,X
LTx,11,73755,1,purple,N,X,A,purple,N,X
LTx,11,73769,1,purple,N,X,A,purple,N,X
LTx,11,73783,1,purple,N,X,A,purple,N,X
LTx,11,73798,1,purple,N,X,A,purple,N,X
LTx,11,73822,1,purple,N,X,A,purple,N,X
LTx,11,73956,1,purple,N,X,A,purple,N,X
LTx,11,73971,1,purple,N,X,A,purple,N,X
LTx,11,73989,1,purple,N,X,A,purple,N,X
LTx,11,74003,1,purple,N,X,A,purple,N,X
LTx,11,74037,1,purple,N,X,A,purple,N,X
LTx,11,74053,1,purple,N,X,A,purple,N,X
LTx,11,74171,1,purple,N,X,A,purple,N,X
LTx,11,74183,1,purple,N,X,A,purple,N,X
LTx,11,74195,1,purple,N,X,A,purple,N,X
LTx,11,74208,1,purple,N,X,A,purple,N,X
LTx,11,74220,1,purple,N,X,A,purple,N,X
LTx,11,77359,1,purple,N,X,A,purple,N,X
LTx,11,77373,1,purple,N,X,A,purple,N,X
LTx,11,77387,1,purple,N,X,A,purple,N,X
LTx,11,77400,1,purple,N,X,A,purple,N,X
LTx,11,77413,1,purple,N,X,A,purple,N,X
LTx,11,77425,1,purple,N,X,A,purple,N,X
LTx,11,77481,1,purple,N,X,A,purple,N,X
LTx,11,77496,1,purple,N,X,A,purple,N,X
LTx,11,77508,1,purple,N,X,A,purple,N,X
LTx,11,77522,1,purple,N,X,A,purple,N,X
LTx,11,77534,1,purple,N,X,A,purple,N,X
LTx,11,77552,1,purple,N,X,A,purple,N,X
LTx,11,77773,232,purple,N,X,H,purple,N,X
LTx,11,78512,1,purple,N,X,A,purple,N,X
LTx,11,78526,1,purple,N,X,A,purple,N,X
LTx,11,78540,1,purple,N,X,A,purple,N,X
LTx,11,78553,1,purple,N,X,A,purple,N,X
LTx,11,78568,1,purple,N,X,A,purple,N,X
LTx,11,78581,1,purple,N,X,A,purple,N,X
LTx,11,78594,1,purple,N,X,A,purple,N,X
LTx,11,78660,15,purple,N,X,H,purple,N,X
LTx,11,78955,1,purple,N,X,A,purple,N,X
LTx,11,78973,1,purple,N,X,A,purple,N,X
LTx,11,78989,1,purple,N,X,A,purple,N,X
LTx,11,79008,1,purple,N,X,A,purple,N,X
LTx,11,79066,25,purple,N,X,H,purple,N,X
LTx,11,79162,1,purple,N,X,A,purple,N,X
LTx,11,79177,1,purple,N,X,A,purple,N,X
LTx,11,79192,1,purple,N,X,A,purple,N,X
LTx,11,79206,1,purple,N,X,A,purple,N,X
LTx,11,79222,110,purple,N,X,H,purple,N,X
LTx,11,79708,1,purple,N,X,A,purple,N,X
LTx,11,79722,1,purple,N,X,A,purple,N,X
LTx,11,79736,1,purple,N,X,A,purple,N,X
LTx,11,79750,1,purple,N,X,A,purple,N,X
LTx,11,79765,1,purple,N,X,A,purple,N,X
LTx,11,79778,1,purple,N,X,A,purple,N,X
LTx,11,79790,1,purple,N,X,A,purple,N,X
LTx,11,79803,1,purple,N,X,A,purple,N,X
LTx,11,79816,1,purple,N,X,A,purple,N,X
LTx,11,79831,1,purple,N,X,A,purple,N,X
LTx,11,79896,1,purple,N,X,A,purple,N,X
LTx,11,79910,1,purple,N,X,A,purple,N,X
LTx,11,79923,1,purple,N,X,A,purple,N,X
LTx,11,80117,1,purple,N,X,A,purple,N,X
LTx,11,80132,1,purple,N,X,A,purple,N,X
LTx,11,80147,1,purple,N,X,A,purple,N,X
LTx,11,80164,1,purple,N,X,A,purple,N,X
LTx,11,80289,285,purple,N,X,H,purple,N,X
LTx,11,80700,62,purple,N,X,H,purple,N,X
LTx,11,56,1,blue,N,X,A,blue,N,X
LTx,11,66,1,blue,N,X,A,blue,N,X
LTx,11,135,1,blue,N,X,A,blue,N,X
LTx,11,146,1,blue,N,X,A,blue,N,X
LTx,11,160,1,blue,N,X,A,blue,N,X
LTx,11,173,1,blue,N,X,A,blue,N,X
LTx,11,184,1,blue,N,X,A,blue,N,X
LTx,11,197,1,blue,N,X,A,blue,N,X
LTx,11,211,1,blue,N,X,A,blue,N,X
LTx,11,223,1,blue,N,X,A,blue,N,X
LTx,11,238,1,blue,N,X,A,blue,N,X
LTx,11,288,1,blue,N,X,A,blue,N,X
LTx,11,311,1,blue,N,X,A,blue,N,X
LTx,11,326,1,blue,N,X,A,blue,N,X
LTx,11,379,1,blue,N,X,A,blue,N,X
LTx,11,393,1,blue,N,X,A,blue,N,X
LTx,11,406,1,blue,N,X,A,blue,N,X
LTx,11,419,1,blue,N,X,A,blue,N,X
LTx,11,668,1,blue,N,X,A,blue,N,X
LTx,11,681,1,blue,N,X,A,blue,N,X
LTx,11,692,1,blue,N,X,A,blue,N,X
LTx,11,703,1,blue,N,X,A,blue,N,X
LTx,11,715,1,blue,N,X,A,blue,N,X
LTx,11,733,1,blue,N,X,A,blue,N,X
LTx,11,743,1,blue,N,X,A,blue,N,X
LTx,11,762,1,blue,N,X,A,blue,N,X
LTx,11,780,1,blue,N,X,A,blue,N,X
LTx,11,795,1,blue,N,X,A,blue,N,X
LTx,11,807,1,blue,N,X,A,blue,N,X
LTx,11,828,1,blue,N,X,A,blue,N,X
LTx,11,841,1,blue,N,X,A,blue,N,X
LTx,11,861,1,blue,N,X,A,blue,N,X
LTx,11,868,1,blue,N,X,A,blue,N,X
LTx,11,877,1,blue,N,X,A,blue,N,X
LTx,11,887,1,blue,N,X,A,blue,N,X
LTx,11,903,1,blue,N,X,A,blue,N,X
LTx,11,922,1,blue,N,X,A,blue,N,X
LTx,11,945,1,blue,N,X,A,blue,N,X
LTx,11,958,1,blue,N,X,A,blue,N,X
LTx,11,974,1,blue,N,X,A,blue,N,X
LTx,11,1068,1,blue,N,X,A,blue,N,X
LTx,11,1079,1,blue,N,X,A,blue,N,X
LTx,11,1093,1,blue,N,X,A,blue,N,X
LTx,11,1108,1,blue,N,X,A,blue,N,X
LTx,11,1409,1,blue,N,X,A,blue,N,X
LTx,11,1420,1,blue,N,X,A,blue,N,X
LTx,11,1434,1,blue,N,X,A,blue,N,X
LTx,11,1447,1,blue,N,X,A,blue,N,X
LTx,11,1539,1,blue,N,X,A,blue,N,X
LTx,11,1552,1,blue,N,X,A,blue,N,X
LTx,11,1568,1,blue,N,X,A,blue,N,X
LTx,11,1584,1,blue,N,X,A,blue,N,X
LTx,11,1598,1,blue,N,X,A,blue,N,X
LTx,11,1678,1,blue,N,X,A,blue,N,X
LTx,11,1693,1,blue,N,X,A,blue,N,X
LTx,11,1706,1,blue,N,X,A,blue,N,X
LTx,11,1796,1,blue,N,X,A,blue,N,X
LTx,11,1937,101,blue,N,X,H,blue,N,X
LTx,11,2103,139,blue,N,X,H,blue,N,X
LTx,11,2272,1,blue,N,X,A,blue,N,X
LTx,11,5522,26,blue,N,X,H,blue,N,X
LTx,11,6597,1,blue,N,X,A,blue,N,X
LTx,11,6606,469,blue,N,X,H,blue,N,X
LTx,11,7223,128,blue,N,X,H,blue,N,X
LTx,11,8455,147,blue,N,X,H,blue,N,X
LTx,11,9095,132,blue,N,X,H,blue,N,X
LTx,11,10401,411,blue,N,X,H,blue,N,X
LTx,11,10837,69,blue,N,X,H,blue,N,X
LTx,11,11029,53,blue,N,X,H,blue,N,X
LTx,11,11101,169,blue,N,X,H,blue,N,X
LTx,11,11273,171,blue,N,X,R,blue,N,X
LTx,11,13651,1,blue,N,X,A,blue,N,X
LTx,11,13988,149,blue,N,X,H,blue,N,X
LTx,11,27204,1,blue,N,X,A,blue,N,X
LTx,11,27227,175,blue,N,X,H,blue,N,X
LTx,11,27944,235,blue,N,X,H,blue,N,X
LTx,11,28309,83,blue,N,X,H,blue,N,X
LTx,11,29886,52,blue,N,X,H,blue,N,X
LTx,11,38844,1,blue,N,X,A,blue,N,X
LTx,11,40069,1,blue,N,X,A,blue,N,X
LTx,11,40081,111,blue,N,X,H,blue,N,X
LTx,11,42222,74,blue,N,X,H,blue,N,X
LTx,11,43394,7,blue,N,X,H,blue,N,X
LTx,11,46013,1,blue,N,X,A,blue,N,X
LTx,11,46031,1,blue,N,X,A,blue,N,X
LTx,11,46044,1,blue,N,X,A,blue,N,X
LTx,11,47080,50,blue,N,X,H,blue,N,X
LTx,11,47160,52,blue,N,X,H,blue,N,X
LTx,11,47402,745,blue,N,X,H,blue,N,X
LTx,11,48267,211,blue,N,X,H,blue,N,X
LTx,11,50847,1,blue,N,X,A,blue,N,X
LTx,11,50862,214,blue,N,X,H,blue,N,X
LTx,11,51128,71,blue,N,X,H,blue,N,X
LTx,11,51233,20,blue,N,X,H,blue,N,X
LTx,11,51717,100,blue,N,X,H,blue,N,X
LTx,11,51820,136,blue,N,X,R,blue,N,X
LTx,11,53459,58,blue,N,X,H,blue,N,X
LTx,11,55536,255,blue,N,X,H,blue,N,X
LTx,11,61716,226,blue,N,X,H,blue,N,X
LTx,11,65356,1,blue,N,X,A,blue,N,X
LTx,11,67445,562,blue,N,X,H,blue,N,X
LTx,11,69106,72,blue,N,X,H,blue,N,X
LTx,11,69707,154,blue,N,X,H,blue,N,X
LTx,11,77900,1,blue,N,X,A,blue,N,X
LTx,11,77916,1,blue,N,X,A,blue,N,X
LTx,11,77931,1,blue,N,X,A,blue,N,X
LTx,11,78477,64,blue,N,X,H,blue,N,X
LTx,11,79002,36,blue,N,X,H,blue,N,X
LTx,11,79593,66,blue,N,X,H,blue,N,X
LTx,11,80128,22,blue,N,X,H,blue,N,X
LTx,11,80236,228,blue,N,X,H,blue,N,X
LTx,11,99,1,green,N,X,A,green,N,X
LTx,11,113,1,green,N,X,A,green,N,X
LTx,11,123,1,green,N,X,A,green,N,X
LTx,11,135,1,green,N,X,A,green,N,X
LTx,11,149,1,green,N,X,A,green,N,X
LTx,11,161,1,green,N,X,A,green,N,X
LTx,11,174,1,green,N,X,A,green,N,X
LTx,11,185,1,green,N,X,A,green,N,X
LTx,11,197,1,green,N,X,A,green,N,X
LTx,11,209,1,green,N,X,A,green,N,X
LTx,11,242,1,green,N,X,A,green,N,X
LTx,11,254,1,green,N,X,A,green,N,X
LTx,11,269,1,green,N,X,A,green,N,X
LTx,11,291,1,green,N,X,A,green,N,X
LTx,11,309,1,green,N,X,A,green,N,X
LTx,11,323,1,green,N,X,A,green,N,X
LTx,11,583,1,green,N,X,A,green,N,X
LTx,11,594,1,green,N,X,A,green,N,X
LTx,11,606,1,green,N,X,A,green,N,X
LTx,11,619,1,green,N,X,A,green,N,X
LTx,11,631,1,green,N,X,A,green,N,X
LTx,11,643,1,green,N,X,A,green,N,X
LTx,11,654,1,green,N,X,A,green,N,X
LTx,11,665,1,green,N,X,A,green,N,X
LTx,11,676,1,green,N,X,A,green,N,X
LTx,11,689,1,green,N,X,A,green,N,X
LTx,11,697,1,green,N,X,A,green,N,X
LTx,11,707,1,green,N,X,A,green,N,X
LTx,11,718,1,green,N,X,A,green,N,X
LTx,11,730,1,green,N,X,A,green,N,X
LTx,11,743,1,green,N,X,A,green,N,X
LTx,11,755,1,green,N,X,A,green,N,X
LTx,11,768,1,green,N,X,A,green,N,X
LTx,11,781,1,green,N,X,A,green,N,X
LTx,11,795,1,green,N,X,A,green,N,X
LTx,11,811,1,green,N,X,A,green,N,X
LTx,11,824,1,green,N,X,A,green,N,X
LTx,11,836,1,green,N,X,A,green,N,X
LTx,11,872,1,green,N,X,A,green,N,X
LTx,11,886,1,green,N,X,A,green,N,X
LTx,11,899,1,green,N,X,A,green,N,X
LTx,11,1145,1,green,N,X,A,green,N,X
LTx,11,1160,1,green,N,X,A,green,N,X
LTx,11,1176,1,green,N,X,A,green,N,X
LTx,11,1190,1,green,N,X,A,green,N,X
LTx,11,1205,1,green,N,X,A,green,N,X
LTx,11,1220,1,green,N,X,A,green,N,X
LTx,11,1234,1,green,N,X,A,green,N,X
LTx,11,1247,1,green,N,X,A,green,N,X
LTx,11,1300,1,green,N,X,A,green,N,X
LTx,11,1314,1,green,N,X,A,green,N,X
LTx,11,1329,1,green,N,X,A,green,N,X
LTx,11,1346,1,green,N,X,A,green,N,X
LTx,11,1361,1,green,N,X,A,green,N,X
LTx,11,1512,1,green,N,X,A,green,N,X
LTx,11,1527,1,green,N,X,A,green,N,X
LTx,11,1541,1,green,N,X,A,green,N,X
LTx,11,1557,1,green,N,X,A,green,N,X
LTx,11,1574,1,green,N,X,A,green,N,X
LTx,11,1589,1,green,N,X,A,green,N,X
LTx,11,1751,286,green,N,X,H,green,N,X
LTx,11,2746,1,green,N,X,A,green,N,X
LTx,11,2762,1,green,N,X,A,green,N,X
LTx,11,3773,56,green,N,X,H,green,N,X
LTx,11,3938,1,green,N,X,A,green,N,X
LTx,11,3952,1,green,N,X,A,green,N,X
LTx,11,3962,25,green,N,X,H,green,N,X
LTx,11,4374,97,green,N,X,H,green,N,X
LTx,11,4692,1,green,N,X,A,green,N,X
LTx,11,4720,1,green,N,X,A,green,N,X
LTx,11,4856,20,green,N,X,H,green,N,X
LTx,11,5097,223,green,N,X,H,green,N,X
LTx,11,6438,1,green,N,X,A,green,N,X
LTx,11,6451,1,green,N,X,A,green,N,X
LTx,11,6471,1,green,N,X,A,green,N,X
LTx,11,6672,1,green,N,X,A,green,N,X
LTx,11,6693,1,green,N,X,A,green,N,X
LTx,11,6721,1,green,N,X,A,green,N,X
LTx,11,6748,1,green,N,X,A,green,N,X
LTx,11,6762,1,green,N,X,A,green,N,X
LTx,11,6767,186,green,N,X,H,green,N,X
LTx,11,7447,1,green,N,X,A,green,N,X
LTx,11,7479,53,green,N,X,H,green,N,X
LTx,11,7721,1,green,N,X,A,green,N,X
LTx,11,7733,74,green,N,X,H,green,N,X
LTx,11,8274,1,green,N,X,A,green,N,X
LTx,11,8287,1,green,N,X,A,green,N,X
LTx,11,8296,1,green,N,X,A,green,N,X
LTx,11,8317,1,green,N,X,A,green,N,X
LTx,11,8329,1,green,N,X,A,green,N,X
LTx,11,8346,1,green,N,X,A,green,N,X
LTx,11,8355,1,green,N,X,A,green,N,X
LTx,11,8375,1,green,N,X,A,green,N,X
LTx,11,8392,1,green,N,X,A,green,N,X
LTx,11,8402,1,green,N,X,A,green,N,X
LTx,11,8405,10,green,N,X,H,green,N,X
LTx,11,8415,1,green,N,X,A,green,N,X
LTx,11,8443,1,green,N,X,A,green,N,X
LTx,11,8453,1,green,N,X,A,green,N,X
LTx,11,8496,147,green,N,X,H,green,N,X
LTx,11,9109,1,green,N,X,A,green,N,X
LTx,11,9123,1,green,N,X,A,green,N,X
LTx,11,9137,1,green,N,X,A,green,N,X
LTx,11,9151,1,green,N,X,A,green,N,X
LTx,11,9164,1,green,N,X,A,green,N,X
LTx,11,9176,1,green,N,X,A,green,N,X
LTx,11,9718,1,green,N,X,A,green,N,X
LTx,11,9731,1,green,N,X,A,green,N,X
LTx,11,9743,1,green,N,X,A,green,N,X
LTx,11,9779,12,green,N,X,H,green,N,X
LTx,11,11710,1,green,N,X,A,green,N,X
LTx,11,11724,1,green,N,X,A,green,N,X
LTx,11,11737,1,green,N,X,A,green,N,X
LTx,11,11747,1,green,N,X,A,green,N,X
LTx,11,11756,1,green,N,X,A,green,N,X
LTx,11,11874,1,green,N,X,A,green,N,X
LTx,11,11883,122,green,N,X,H,green,N,X
LTx,11,12196,1,green,N,X,A,green,N,X
LTx,11,12203,1,green,N,X,A,green,N,X
LTx,11,12213,1,green,N,X,A,green,N,X
LTx,11,13082,1,green,N,X,A,green,N,X
LTx,11,13095,1,green,N,X,A,green,N,X
LTx,11,13107,1,green,N,X,A,green,N,X
LTx,11,13115,1,green,N,X,A,green,N,X
LTx,11,13169,1,green,N,X,A,green,N,X
LTx,11,13180,1,green,N,X,A,green,N,X
LTx,11,13304,1,green,N,X,A,green,N,X
LTx,11,13316,1,green,N,X,A,green,N,X
LTx,11,13330,1,green,N,X,A,green,N,X
LTx,11,13340,1,green,N,X,A,green,N,X
LTx,11,13387,1,green,N,X,A,green,N,X
LTx,11,13396,1,green,N,X,A,green,N,X
LTx,11,13405,1,green,N,X,A,green,N,X
LTx,11,13413,1,green,N,X,A,green,N,X
LTx,11,13629,1,green,N,X,A,green,N,X
LTx,11,13638,1,green,N,X,A,green,N,X
LTx,11,13651,1,green,N,X,A,green,N,X
LTx,11,13663,1,green,N,X,A,green,N,X
LTx,11,13672,39,green,N,X,H,green,N,X
LTx,11,13857,130,green,N,X,H,green,N,X
LTx,11,14036,105,green,N,X,H,green,N,X
LTx,11,14145,89,green,N,X,R,green,N,X
LTx,11,14528,95,green,N,X,H,green,N,X
LTx,11,15312,1,green,N,X,A,green,N,X
LTx,11,15329,1,green,N,X,A,green,N,X
LTx,11,15343,1,green,N,X,A,green,N,X
LTx,11,15357,1,green,N,X,A,green,N,X
LTx,11,15437,159,green,N,X,H,green,N,X
LTx,11,16925,1,green,N,X,A,green,N,X
LTx,11,16951,1,green,N,X,A,green,N,X
LTx,11,17035,1,green,N,X,A,green,N,X
LTx,11,17047,1,green,N,X,A,green,N,X
LTx,11,17059,1,green,N,X,A,green,N,X
LTx,11,17072,1,green,N,X,A,green,N,X
LTx,11,17086,1,green,N,X,A,green,N,X
LTx,11,22060,1,green,N,X,A,green,N,X
LTx,11,22077,1,green,N,X,A,green,N,X
LTx,11,22094,1,green,N,X,A,green,N,X
LTx,11,22115,1,green,N,X,A,green,N,X
LTx,11,22132,1,green,N,X,A,green,N,X
LTx,11,26616,1,green,N,X,A,green,N,X
LTx,11,26633,1,green,N,X,A,green,N,X
LTx,11,26643,1,green,N,X,A,green,N,X
LTx,11,26897,1,green,N,X,A,green,N,X
LTx,11,26909,1,green,N,X,A,green,N,X
LTx,11,28083,1,green,N,X,A,green,N,X
LTx,11,28111,1,green,N,X,A,green,N,X
LTx,11,28121,1,green,N,X,A,green,N,X
LTx,11,28122,42,green,N,X,H,green,N,X
LTx,11,28546,1,green,N,X,A,green,N,X
LTx,11,28599,56,green,N,X,H,green,N,X
LTx,11,28687,21,green,N,X,H,green,N,X
LTx,11,30308,1,green,N,X,A,green,N,X
LTx,11,30325,1,green,N,X,A,green,N,X
LTx,11,30335,1,green,N,X,A,green,N,X
LTx,11,30336,17,green,N,X,H,green,N,X
LTx,11,30430,31,green,N,X,H,green,N,X
LTx,11,30520,1,green,N,X,A,green,N,X
LTx,11,30525,127,green,N,X,H,green,N,X
LTx,11,30687,37,green,N,X,H,green,N,X
LTx,11,36654,1,green,N,X,A,green,N,X
LTx,11,36976,1,green,N,X,A,green,N,X
LTx,11,36987,65,green,N,X,H,green,N,X
LTx,11,37083,197,green,N,X,H,green,N,X
LTx,11,37418,86,green,N,X,H,green,N,X
LTx,11,37507,164,green,N,X,R,green,N,X
LTx,11,37720,45,green,N,X,H,green,N,X
LTx,11,44499,1,green,N,X,A,green,N,X
LTx,11,44527,24,green,N,X,H,green,N,X
LTx,11,44739,321,green,N,X,H,green,N,X
LTx,11,54697,1,green,N,X,A,green,N,X
LTx,11,54704,41,green,N,X,H,green,N,X
LTx,11,55582,152,green,N,X,H,green,N,X
LTx,11,55952,42,green,N,X,H,green,N,X
LTx,11,56443,1,green,N,X,A,green,N,X
LTx,11,56470,1,green,N,X,A,green,N,X
LTx,11,56477,51,green,N,X,H,green,N,X
LTx,11,62377,32,green,N,X,H,green,N,X
LTx,11,62683,86,green,N,X,H,green,N,X
LTx,11,62862,96,green,N,X,H,green,N,X
LTx,11,64420,154,green,N,X,H,green,N,X
LTx,11,65756,76,green,N,X,H,green,N,X
LTx,11,67056,1,green,N,X,A,green,N,X
LTx,11,67068,1,green,N,X,A,green,N,X
LTx,11,67072,1,green,N,X,A,green,N,X
LTx,11,67073,140,green,N,X,H,green,N,X
LTx,11,70649,207,green,N,X,H,green,N,X
LTx,11,16887,18,yellow,T,X,T,green,N,X
LTx,11,47481,911,yellow,T,X,T,red,N,X
LTx,11,48437,216,yellow,T,X,T,red,N,X
LTx,11,48676,151,yellow,T,X,T,red,N,X
LTx,11,48863,109,yellow,T,X,T,red,N,X
LTx,11,20480,658,orange,R,L,T,red,N,X
LTx,11,23606,495,orange,R,L,T,red,N,X
LTx,11,24439,26,orange,R,L,T,red,N,X
LTx,11,49856,682,red,N,X,T,blue,N,X
LTx,11,54067,347,red,N,X,T,green,N,X
LTx,11,65023,27,red,N,X,T,green,N,X
LTx,11,65088,373,red,N,X,T,green,N,X
LTx,11,74109,345,red,N,X,T,yellow,T,X
LTx,11,74465,695,red,N,X,T,purple,N,X
LTx,11,75240,549,red,N,X,T,purple,N,X
LTx,11,75972,1081,red,N,X,T,purple,N,X
