LL,5,508,43,yellow,N,X,S,yellow,N,X
LL,5,1228,80,yellow,N,X,S,yellow,N,X
LL,5,1637,35,yellow,N,X,S,yellow,N,X
LL,5,2343,65,yellow,N,X,G,purple,N,X
LL,5,2455,19,yellow,N,X,S,yellow,N,X
LL,5,3126,281,yellow,N,X,G,purple,N,X
LL,5,4389,149,yellow,N,X,G,blue,G,L
LL,5,4861,68,yellow,N,X,S,yellow,N,X
LL,5,4990,37,yellow,N,X,S,yellow,N,X
LL,5,5031,49,yellow,N,X,S,yellow,N,X
LL,5,5486,56,yellow,N,X,S,yellow,N,X
LL,5,9924,18,yellow,N,X,S,yellow,N,X
LL,5,10029,51,yellow,N,X,S,yellow,N,X
LL,5,18189,817,yellow,N,X,G,purple,N,X
LL,5,19049,13,yellow,N,X,G,green,N,X
LL,5,19361,1105,yellow,N,X,G,purple,N,X
LL,5,23544,803,yellow,N,X,G,green,N,X
LL,5,24711,18,yellow,N,X,S,yellow,N,X
LL,5,24959,82,yellow,N,X,S,yellow,N,X
LL,5,25078,624,yellow,N,X,G,purple,N,X
LL,5,25779,589,yellow,N,X,G,green,N,X
LL,5,26390,1225,yellow,N,X,G,purple,N,X
LL,5,27631,119,yellow,N,X,G,green,N,X
LL,5,1070,135,orange,N,X,G,yellow,N,X
LL,5,3018,15,orange,N,X,S,orange,N,X
LL,5,3229,52,orange,N,X,S,orange,N,X
LL,5,3764,9,orange,N,X,S,orange,N,X
LL,5,3958,101,orange,N,X,G,purple,N,X
LL,5,4108,255,orange,N,X,G,purple,N,X
LL,5,4488,47,orange,N,X,S,orange,N,X
LL,5,5048,27,orange,N,X,S,orange,N,X
LL,5,11506,173,orange,N,X,G,purple,N,X
LL,5,12284,32,orange,N,X,S,orange,N,X
LL,5,12392,41,orange,N,X,S,orange,N,X
LL,5,12836,45,orange,N,X,G,blue,G,L
LL,5,13569,5,orange,N,X,S,orange,N,X
LL,5,13766,23,orange,N,X,G,purple,N,X
LL,5,15150,13,orange,N,X,S,orange,N,X
LL,5,15496,51,orange,N,X,S,orange,N,X
LL,5,15764,77,orange,N,X,G,blue,G,L
LL,5,16671,23,orange,N,X,S,orange,N,X
LL,5,17307,15,orange,N,X,S,orange,N,X
LL,5,17565,17,orange,N,X,S,orange,N,X
LL,5,17791,52,orange,N,X,G,yellow,N,X
LL,5,17977,38,orange,N,X,G,purple,N,X
LL,5,19899,158,orange,N,X,G,purple,N,X
LL,5,20086,123,orange,N,X,G,green,N,X
LL,5,20241,449,orange,N,X,G,purple,N,X
LL,5,20775,604,orange,N,X,G,green,N,X
LL,5,21504,884,orange,N,X,G,green,N,X
LL,5,23742,19,orange,N,X,S,orange,N,X
LL,5,34,9,red,R,L,G,yellow,N,X
LL,5,166,10,red,R,L,S,red,R,L
LL,5,260,117,red,R,L,G,purple,N,X
LL,5,495,13,red,R,L,S,red,R,L
LL,5,602,413,red,R,L,G,yellow,N,X
LL,5,1054,10,red,R,L,S,red,R,L
LL,5,1209,18,red,R,L,S,red,R,L
LL,5,1530,52,red,R,L,S,red,R,L
LL,5,4002,84,red,R,L,S,red,R,L
LL,5,4519,137,red,R,L,G,yellow,N,X
LL,5,4697,150,red,R,L,G,yellow,N,X
LL,5,4970,101,red,R,L,G,purple,N,X
LL,5,5440,72,red,R,L,S,red,R,L
LL,5,5804,28,red,R,L,S,red,R,L
LL,5,6770,405,red,R,L,G,blue,G,L
LL,5,7317,577,red,R,L,G,yellow,N,X
LL,5,8161,6,red,R,L,S,red,R,L
LL,5,8288,1077,red,R,L,G,yellow,N,X
LL,5,9998,15,red,R,L,S,red,R,L
LL,5,11656,9,red,R,L,S,red,R,L
LL,5,11906,716,red,R,L,G,yellow,N,X
LL,5,13148,14,red,R,L,S,red,R,L
LL,5,14457,8,red,R,L,S,red,R,L
LL,5,15428,16,red,R,L,S,red,R,L
LL,5,15583,15,red,R,L,S,red,R,L
LL,5,15771,417,red,R,L,G,yellow,N,X
LL,5,16218,143,red,R,L,G,purple,N,X
LL,5,17819,23,red,R,L,S,red,R,L
LL,5,17948,63,red,R,L,S,red,R,L
LL,5,18210,29,red,R,L,S,red,R,L
LL,5,23077,10,red,R,L,S,red,R,L
LL,5,23171,77,red,R,L,S,red,R,L
LL,5,26034,33,red,R,L,S,red,R,L
LL,5,14991,24,purple,N,X,S,purple,N,X
LL,5,15305,117,purple,N,X,G,yellow,N,X
LL,5,105,68,blue,G,L,S,blue,G,L
LL,5,965,31,blue,G,L,S,blue,G,L
LL,5,2222,668,blue,G,L,G,purple,N,X
LL,5,3461,245,blue,G,L,G,purple,N,X
LL,5,3924,49,blue,G,L,G,yellow,N,X
LL,5,4060,8,blue,G,L,S,blue,G,L
LL,5,7931,16,blue,G,L,S,blue,G,L
LL,5,15497,12,blue,G,L,S,blue,G,L
LL,5,15680,494,blue,G,L,G,purple,N,X
LL,5,21790,30,blue,G,L,S,blue,G,L
LL,5,21832,52,blue,G,L,S,blue,G,L
LL,5,27467,18,blue,G,L,S,blue,G,L
LL,5,27636,114,blue,G,L,G,green,N,X
LL,5,147,9,green,N,X,G,purple,N,X
LL,5,235,29,green,N,X,S,green,N,X
LL,5,9899,13,green,N,X,S,green,N,X
LL,5,10406,230,green,N,X,G,purple,N,X
LL,5,10764,5,green,N,X,S,green,N,X
LL,5,10870,23,green,N,X,S,green,N,X
LL,5,15270,50,green,N,X,S,green,N,X
LL,5,158,1,yellow,N,X,A,yellow,N,X
LL,5,179,1,yellow,N,X,A,yellow,N,X
LL,5,196,1,yellow,N,X,A,yellow,N,X
LL,5,225,1,yellow,N,X,A,yellow,N,X
LL,5,252,1,yellow,N,X,A,yellow,N,X
LL,5,1307,80,yellow,N,X,H,yellow,N,X
LL,5,1477,44,yellow,N,X,H,yellow,N,X
LL,5,1578,50,yellow,N,X,H,yellow,N,X
LL,5,1731,41,yellow,N,X,H,yellow,N,X
LL,5,1772,162,yellow,N,X,R,yellow,N,X
LL,5,2057,206,yellow,N,X,H,yellow,N,X
LL,5,2492,1,yellow,N,X,A,yellow,N,X
LL,5,2572,116,yellow,N,X,H,yellow,N,X
LL,5,2781,1,yellow,N,X,A,yellow,N,X
LL,5,4326,1,yellow,N,X,A,yellow,N,X
LL,5,4343,1,yellow,N,X,A,yellow,N,X
LL,5,4381,1,yellow,N,X,A,yellow,N,X
LL,5,4988,1,yellow,N,X,A,yellow,N,X
LL,5,5135,1,yellow,N,X,A,yellow,N,X
LL,5,5149,1,yellow,N,X,A,yellow,N,X
LL,5,5178,1,yellow,N,X,A,yellow,N,X
LL,5,5190,40,yellow,N,X,H,yellow,N,X
LL,5,5230,165,yellow,N,X,R,yellow,N,X
LL,5,5489,1,yellow,N,X,A,yellow,N,X
LL,5,5736,1,yellow,N,X,A,yellow,N,X
LL,5,5745,302,yellow,N,X,H,yellow,N,X
LL,5,6047,165,yellow,N,X,R,yellow,N,X
LL,5,10104,1,yellow,N,X,A,yellow,N,X
LL,5,15018,1,yellow,N,X,A,yellow,N,X
LL,5,15032,1,yellow,N,X,A,yellow,N,X
LL,5,15046,1,yellow,N,X,A,yellow,N,X
LL,5,19071,280,yellow,N,X,H,yellow,N,X
LL,5,22702,42,yellow,N,X,H,yellow,N,X
LL,5,22826,450,yellow,N,X,H,yellow,N,X
LL,5,23276,163,yellow,N,X,R,yellow,N,X
LL,5,24411,261,yellow,N,X,H,yellow,N,X
LL,5,24747,36,yellow,N,X,H,yellow,N,X
LL,5,24783,23,yellow,N,X,O,yellow,N,X
LL,5,24807,26,yellow,N,X,H,yellow,N,X
LL,5,24833,41,yellow,N,X,O,yellow,N,X
LL,5,24874,1,yellow,N,X,A,yellow,N,X
LL,5,24875,85,yellow,N,X,H,yellow,N,X
LL,5,0,137,orange,N,X,H,orange,N,X
LL,5,468,1,orange,N,X,A,orange,N,X
LL,5,483,1,orange,N,X,A,orange,N,X
LL,5,528,1,orange,N,X,A,orange,N,X
LL,5,540,1,orange,N,X,A,orange,N,X
LL,5,553,1,orange,N,X,A,orange,N,X
LL,5,571,1,orange,N,X,A,orange,N,X
LL,5,590,1,orange,N,X,A,orange,N,X
LL,5,610,1,orange,N,X,A,orange,N,X
LL,5,624,1,orange,N,X,A,orange,N,X
LL,5,664,1,orange,N,X,A,orange,N,X
LL,5,676,1,orange,N,X,A,orange,N,X
LL,5,688,1,orange,N,X,A,orange,N,X
LL,5,701,1,orange,N,X,A,orange,N,X
LL,5,714,1,orange,N,X,A,orange,N,X
LL,5,728,1,orange,N,X,A,orange,N,X
LL,5,749,1,orange,N,X,A,orange,N,X
LL,5,766,1,orange,N,X,A,orange,N,X
LL,5,796,1,orange,N,X,A,orange,N,X
LL,5,861,1,orange,N,X,A,orange,N,X
LL,5,893,1,orange,N,X,A,orange,N,X
LL,5,925,2,orange,N,X,A,orange,N,X
LL,5,962,1,orange,N,X,A,orange,N,X
LL,5,998,1,orange,N,X,A,orange,N,X
LL,5,1016,1,orange,N,X,A,orange,N,X
LL,5,1758,1,orange,N,X,A,orange,N,X
LL,5,1770,1,orange,N,X,A,orange,N,X
LL,5,1790,1,orange,N,X,A,orange,N,X
LL,5,1805,1,orange,N,X,A,orange,N,X
LL,5,1828,1,orange,N,X,A,orange,N,X
LL,5,1848,1,orange,N,X,A,orange,N,X
LL,5,1871,1,orange,N,X,A,orange,N,X
LL,5,1888,1,orange,N,X,A,orange,N,X
LL,5,1904,1,orange,N,X,A,orange,N,X
LL,5,1929,1,orange,N,X,A,orange,N,X
LL,5,1941,1,orange,N,X,A,orange,N,X
LL,5,1959,1,orange,N,X,A,orange,N,X
LL,5,2003,1,orange,N,X,A,orange,N,X
LL,5,2017,1,orange,N,X,A,orange,N,X
LL,5,2032,1,orange,N,X,A,orange,N,X
LL,5,2073,1,orange,N,X,A,orange,N,X
LL,5,2086,1,orange,N,X,A,orange,N,X
LL,5,2102,1,orange,N,X,A,orange,N,X
LL,5,2116,1,orange,N,X,A,orange,N,X
LL,5,2133,1,orange,N,X,A,orange,N,X
LL,5,2147,1,orange,N,X,A,orange,N,X
LL,5,2172,1,orange,N,X,A,orange,N,X
LL,5,2189,1,orange,N,X,A,orange,N,X
LL,5,2201,1,orange,N,X,A,orange,N,X
LL,5,2226,1,orange,N,X,A,orange,N,X
LL,5,2351,1,orange,N,X,A,orange,N,X
LL,5,2366,1,orange,N,X,A,orange,N,X
LL,5,2637,1,orange,N,X,A,orange,N,X
LL,5,2653,1,orange,N,X,A,orange,N,X
LL,5,2691,1,orange,N,X,A,orange,N,X
LL,5,2710,1,orange,N,X,A,orange,N,X
LL,5,2724,1,orange,N,X,A,orange,N,X
LL,5,2740,1,orange,N,X,A,orange,N,X
LL,5,2757,1,orange,N,X,A,orange,N,X
LL,5,2779,1,orange,N,X,A,orange,N,X
LL,5,2793,1,orange,N,X,A,orange,N,X
LL,5,2816,1,orange,N,X,A,orange,N,X
LL,5,2835,1,orange,N,X,A,orange,N,X
LL,5,2949,1,orange,N,X,A,orange,N,X
LL,5,2962,1,orange,N,X,A,orange,N,X
LL,5,2975,1,orange,N,X,A,orange,N,X
LL,5,2986,1,orange,N,X,A,orange,N,X
LL,5,3016,1,orange,N,X,A,orange,N,X
LL,5,3207,1,orange,N,X,A,orange,N,X
LL,5,3219,1,orange,N,X,A,orange,N,X
LL,5,3235,1,orange,N,X,A,orange,N,X
LL,5,3251,1,orange,N,X,A,orange,N,X
LL,5,3291,1,orange,N,X,A,orange,N,X
LL,5,3306,184,orange,N,X,H,orange,N,X
LL,5,3490,136,orange,N,X,R,orange,N,X
LL,5,3682,1,orange,N,X,A,orange,N,X
LL,5,3695,1,orange,N,X,A,orange,N,X
LL,5,3713,1,orange,N,X,A,orange,N,X
LL,5,3743,1,orange,N,X,A,orange,N,X
LL,5,3773,1,orange,N,X,A,orange,N,X
LL,5,3781,1,orange,N,X,A,orange,N,X
LL,5,4472,1,orange,N,X,A,orange,N,X
LL,5,4581,1,orange,N,X,H,orange,N,X
LL,5,4582,1,orange,N,X,A,orange,N,X
LL,5,4605,1,orange,N,X,A,orange,N,X
LL,5,4623,1,orange,N,X,A,orange,N,X
LL,5,4642,1,orange,N,X,A,orange,N,X
LL,5,4662,1,orange,N,X,A,orange,N,X
LL,5,4687,1,orange,N,X,A,orange,N,X
LL,5,4706,1,orange,N,X,A,orange,N,X
LL,5,4727,1,orange,N,X,A,orange,N,X
LL,5,4753,280,orange,N,X,H,orange,N,X
LL,5,5033,1,orange,N,X,A,orange,N,X
LL,5,11304,1,orange,N,X,A,orange,N,X
LL,5,11320,1,orange,N,X,A,orange,N,X
LL,5,11336,1,orange,N,X,A,orange,N,X
LL,5,11359,54,orange,N,X,H,orange,N,X
LL,5,11413,1,orange,N,X,A,orange,N,X
LL,5,11780,1,orange,N,X,A,orange,N,X
LL,5,11858,355,orange,N,X,H,orange,N,X
LL,5,12377,1,orange,N,X,A,orange,N,X
LL,5,12439,9,orange,N,X,H,orange,N,X
LL,5,12448,1,orange,N,X,A,orange,N,X
LL,5,12835,1,orange,N,X,A,orange,N,X
LL,5,13511,1,orange,N,X,A,orange,N,X
LL,5,13529,1,orange,N,X,A,orange,N,X
LL,5,13541,1,orange,N,X,A,orange,N,X
LL,5,13556,1,orange,N,X,A,orange,N,X
LL,5,13587,1,orange,N,X,A,orange,N,X
LL,5,13622,1,orange,N,X,A,orange,N,X
LL,5,13693,1,orange,N,X,A,orange,N,X
LL,5,13709,1,orange,N,X,A,orange,N,X
LL,5,13722,1,orange,N,X,A,orange,N,X
LL,5,13736,1,orange,N,X,A,orange,N,X
LL,5,14111,1,orange,N,X,A,orange,N,X
LL,5,14126,1,orange,N,X,A,orange,N,X
LL,5,14141,1,orange,N,X,A,orange,N,X
LL,5,14187,1,orange,N,X,A,orange,N,X
LL,5,14203,1,orange,N,X,A,orange,N,X
LL,5,14228,1,orange,N,X,A,orange,N,X
LL,5,14246,1,orange,N,X,A,orange,N,X
LL,5,14294,1,orange,N,X,A,orange,N,X
LL,5,14308,1,orange,N,X,A,orange,N,X
LL,5,14324,1,orange,N,X,A,orange,N,X
LL,5,14386,1,orange,N,X,A,orange,N,X
LL,5,14477,1,orange,N,X,A,orange,N,X
LL,5,14490,1,orange,N,X,A,orange,N,X
LL,5,14501,1,orange,N,X,A,orange,N,X
LL,5,14513,1,orange,N,X,A,orange,N,X
LL,5,14524,1,orange,N,X,A,orange,N,X
LL,5,14535,1,orange,N,X,A,orange,N,X
LL,5,14547,1,orange,N,X,A,orange,N,X
LL,5,14557,1,orange,N,X,A,orange,N,X
LL,5,14568,1,orange,N,X,A,orange,N,X
LL,5,14578,1,orange,N,X,A,orange,N,X
LL,5,14592,1,orange,N,X,A,orange,N,X
LL,5,14604,1,orange,N,X,A,orange,N,X
LL,5,14615,1,orange,N,X,A,orange,N,X
LL,5,14627,1,orange,N,X,A,orange,N,X
LL,5,14639,1,orange,N,X,A,orange,N,X
LL,5,14652,1,orange,N,X,A,orange,N,X
LL,5,14664,1,orange,N,X,A,orange,N,X
LL,5,14676,1,orange,N,X,A,orange,N,X
LL,5,14688,1,orange,N,X,A,orange,N,X
LL,5,14700,1,orange,N,X,A,orange,N,X
LL,5,14711,1,orange,N,X,A,orange,N,X
LL,5,14725,1,orange,N,X,A,orange,N,X
LL,5,14760,1,orange,N,X,A,orange,N,X
LL,5,14771,1,orange,N,X,A,orange,N,X
LL,5,14853,1,orange,N,X,A,orange,N,X
LL,5,14864,1,orange,N,X,A,orange,N,X
LL,5,14874,1,orange,N,X,A,orange,N,X
LL,5,14886,1,orange,N,X,A,orange,N,X
LL,5,14905,23,orange,N,X,H,orange,N,X
LL,5,14928,1,orange,N,X,A,orange,N,X
LL,5,14942,1,orange,N,X,A,orange,N,X
LL,5,14964,1,orange,N,X,A,orange,N,X
LL,5,14977,1,orange,N,X,A,orange,N,X
LL,5,14989,1,orange,N,X,A,orange,N,X
LL,5,15065,1,orange,N,X,A,orange,N,X
LL,5,15077,1,orange,N,X,A,orange,N,X
LL,5,15139,1,orange,N,X,A,orange,N,X
LL,5,15169,1,orange,N,X,A,orange,N,X
LL,5,15477,1,orange,N,X,A,orange,N,X
LL,5,15486,1,orange,N,X,A,orange,N,X
LL,5,15560,1,orange,N,X,A,orange,N,X
LL,5,15582,1,orange,N,X,A,orange,N,X
LL,5,15626,1,orange,N,X,A,orange,N,X
LL,5,15680,1,orange,N,X,A,orange,N,X
LL,5,15702,1,orange,N,X,A,orange,N,X
LL,5,15720,1,orange,N,X,A,orange,N,X
LL,5,16189,1,orange,N,X,A,orange,N,X
LL,5,16206,1,orange,N,X,A,orange,N,X
LL,5,16233,1,orange,N,X,A,orange,N,X
LL,5,16245,1,orange,N,X,A,orange,N,X
LL,5,16257,1,orange,N,X,A,orange,N,X
LL,5,16268,1,orange,N,X,A,orange,N,X
LL,5,16285,1,orange,N,X,A,orange,N,X
LL,5,16298,1,orange,N,X,A,orange,N,X
LL,5,16313,1,orange,N,X,A,orange,N,X
LL,5,16326,1,orange,N,X,A,orange,N,X
LL,5,16340,1,orange,N,X,A,orange,N,X
LL,5,16355,1,orange,N,X,A,orange,N,X
LL,5,16369,1,orange,N,X,A,orange,N,X
LL,5,16383,1,orange,N,X,A,orange,N,X
LL,5,16395,1,orange,N,X,A,orange,N,X
LL,5,16406,1,orange,N,X,A,orange,N,X
LL,5,16420,1,orange,N,X,A,orange,N,X
LL,5,16433,1,orange,N,X,A,orange,N,X
LL,5,16446,1,orange,N,X,A,orange,N,X
LL,5,16459,1,orange,N,X,A,orange,N,X
LL,5,16473,1,orange,N,X,A,orange,N,X
LL,5,16490,1,orange,N,X,A,orange,N,X
LL,5,16502,1,orange,N,X,A,orange,N,X
LL,5,16516,1,orange,N,X,A,orange,N,X
LL,5,16530,1,orange,N,X,A,orange,N,X
LL,5,16545,1,orange,N,X,A,orange,N,X
LL,5,16588,1,orange,N,X,A,orange,N,X
LL,5,16604,1,orange,N,X,A,orange,N,X
LL,5,16619,1,orange,N,X,A,orange,N,X
LL,5,16634,1,orange,N,X,A,orange,N,X
LL,5,16706,1,orange,N,X,A,orange,N,X
LL,5,16730,1,orange,N,X,A,orange,N,X
LL,5,16745,1,orange,N,X,A,orange,N,X
LL,5,16758,337,orange,N,X,H,orange,N,X
LL,5,17095,1,orange,N,X,A,orange,N,X
LL,5,17125,1,orange,N,X,A,orange,N,X
LL,5,17148,113,orange,N,X,H,orange,N,X
LL,5,17324,234,orange,N,X,H,orange,N,X
LL,5,18250,1,orange,N,X,A,orange,N,X
LL,5,18272,1,orange,N,X,A,orange,N,X
LL,5,18317,1,orange,N,X,A,orange,N,X
LL,5,18333,1,orange,N,X,A,orange,N,X
LL,5,18348,1,orange,N,X,A,orange,N,X
LL,5,18367,115,orange,N,X,H,orange,N,X
LL,5,19229,1,orange,N,X,A,orange,N,X
LL,5,19252,1,orange,N,X,A,orange,N,X
LL,5,19267,1,orange,N,X,A,orange,N,X
LL,5,19289,221,orange,N,X,H,orange,N,X
LL,5,19622,1,orange,N,X,A,orange,N,X
LL,5,19643,1,orange,N,X,A,orange,N,X
LL,5,19669,1,orange,N,X,A,orange,N,X
LL,5,19682,156,orange,N,X,H,orange,N,X
LL,5,19838,1,orange,N,X,A,orange,N,X
LL,5,21451,1,orange,N,X,A,orange,N,X
LL,5,21466,11,orange,N,X,H,orange,N,X
LL,5,22532,1,orange,N,X,A,orange,N,X
LL,5,22545,1,orange,N,X,A,orange,N,X
LL,5,22560,1,orange,N,X,A,orange,N,X
LL,5,22965,1,orange,N,X,A,orange,N,X
LL,5,22978,1,orange,N,X,A,orange,N,X
LL,5,22990,1,orange,N,X,A,orange,N,X
LL,5,23003,1,orange,N,X,A,orange,N,X
LL,5,23031,1,orange,N,X,A,orange,N,X
LL,5,23065,1,orange,N,X,A,orange,N,X
LL,5,23076,1,orange,N,X,A,orange,N,X
LL,5,23142,1,orange,N,X,A,orange,N,X
LL,5,23163,1,orange,N,X,A,orange,N,X
LL,5,23181,1,orange,N,X,A,orange,N,X
LL,5,23201,1,orange,N,X,A,orange,N,X
LL,5,23219,1,orange,N,X,A,orange,N,X
LL,5,23366,1,orange,N,X,A,orange,N,X
LL,5,23460,1,orange,N,X,A,orange,N,X
LL,5,23487,1,orange,N,X,A,orange,N,X
LL,5,23502,1,orange,N,X,A,orange,N,X
LL,5,23514,1,orange,N,X,A,orange,N,X
LL,5,23526,1,orange,N,X,A,orange,N,X
LL,5,23539,1,orange,N,X,A,orange,N,X
LL,5,23550,1,orange,N,X,A,orange,N,X
LL,5,23608,1,orange,N,X,A,orange,N,X
LL,5,23619,1,orange,N,X,A,orange,N,X
LL,5,23637,1,orange,N,X,A,orange,N,X
LL,5,23794,114,orange,N,X,H,orange,N,X
LL,5,24971,1,orange,N,X,A,orange,N,X
LL,5,24999,1,orange,N,X,A,orange,N,X
LL,5,25031,1,orange,N,X,A,orange,N,X
LL,5,25048,1,orange,N,X,A,orange,N,X
LL,5,25063,1,orange,N,X,A,orange,N,X
LL,5,25080,1,orange,N,X,A,orange,N,X
LL,5,25106,1,orange,N,X,A,orange,N,X
LL,5,25129,1,orange,N,X,A,orange,N,X
LL,5,25216,185,orange,N,X,H,orange,N,X
LL,5,27403,1,orange,N,X,A,orange,N,X
LL,5,27414,1,orange,N,X,A,orange,N,X
LL,5,27428,1,orange,N,X,A,orange,N,X
LL,5,27442,1,orange,N,X,A,orange,N,X
LL,5,27451,42,orange,N,X,H,orange,N,X
LL,5,84,1,red,R,L,A,red,R,L
LL,5,93,1,red,R,L,A,red,R,L
LL,5,104,1,red,R,L,A,red,R,L
LL,5,113,1,red,R,L,A,red,R,L
LL,5,176,1,red,R,L,A,red,R,L
LL,5,191,1,red,R,L,A,red,R,L
LL,5,204,1,red,R,L,A,red,R,L
LL,5,227,1,red,R,L,A,red,R,L
LL,5,241,1,red,R,L,A,red,R,L
LL,5,459,1,red,R,L,A,red,R,L
LL,5,473,1,red,R,L,A,red,R,L
LL,5,494,1,red,R,L,A,red,R,L
LL,5,520,1,red,R,L,A,red,R,L
LL,5,1068,1,red,R,L,A,red,R,L
LL,5,1079,1,red,R,L,A,red,R,L
LL,5,1090,1,red,R,L,A,red,R,L
LL,5,1110,23,red,R,L,H,red,R,L
LL,5,1327,1,red,R,L,A,red,R,L
LL,5,1340,1,red,R,L,A,red,R,L
LL,5,1354,1,red,R,L,A,red,R,L
LL,5,1369,1,red,R,L,A,red,R,L
LL,5,1387,1,red,R,L,A,red,R,L
LL,5,1402,1,red,R,L,A,red,R,L
LL,5,1434,1,red,R,L,A,red,R,L
LL,5,1447,1,red,R,L,A,red,R,L
LL,5,1461,1,red,R,L,A,red,R,L
LL,5,1475,1,red,R,L,A,red,R,L
LL,5,1489,1,red,R,L,A,red,R,L
LL,5,1503,1,red,R,L,A,red,R,L
LL,5,1516,1,red,R,L,A,red,R,L
LL,5,1591,1,red,R,L,A,red,R,L
LL,5,1602,270,red,R,L,H,red,R,L
LL,5,2236,1,red,R,L,A,red,R,L
LL,5,2260,1,red,R,L,A,red,R,L
LL,5,2274,1,red,R,L,A,red,R,L
LL,5,2290,1,red,R,L,A,red,R,L
LL,5,2310,1,red,R,L,A,red,R,L
LL,5,2326,1,red,R,L,A,red,R,L
LL,5,2340,1,red,R,L,A,red,R,L
LL,5,2380,1,red,R,L,A,red,R,L
LL,5,2391,1,red,R,L,A,red,R,L
LL,5,2403,1,red,R,L,A,red,R,L
LL,5,2418,1,red,R,L,A,red,R,L
LL,5,2432,1,red,R,L,A,red,R,L
LL,5,2451,1,red,R,L,A,red,R,L
LL,5,2471,1,red,R,L,A,red,R,L
LL,5,2494,1,red,R,L,A,red,R,L
LL,5,2646,1,red,R,L,A,red,R,L
LL,5,2679,1,red,R,L,A,red,R,L
LL,5,2694,1,red,R,L,A,red,R,L
LL,5,2724,1,red,R,L,A,red,R,L
LL,5,2862,1,red,R,L,A,red,R,L
LL,5,2873,1,red,R,L,A,red,R,L
LL,5,2884,1,red,R,L,A,red,R,L
LL,5,2897,1,red,R,L,A,red,R,L
LL,5,2909,1,red,R,L,A,red,R,L
LL,5,2922,1,red,R,L,A,red,R,L
LL,5,2935,1,red,R,L,A,red,R,L
LL,5,2948,1,red,R,L,A,red,R,L
LL,5,2962,1,red,R,L,A,red,R,L
LL,5,2978,1,red,R,L,A,red,R,L
LL,5,2992,1,red,R,L,A,red,R,L
LL,5,3004,1,red,R,L,A,red,R,L
LL,5,3017,1,red,R,L,A,red,R,L
LL,5,3031,1,red,R,L,A,red,R,L
LL,5,3050,1,red,R,L,A,red,R,L
LL,5,3064,1,red,R,L,A,red,R,L
LL,5,3078,1,red,R,L,A,red,R,L
LL,5,3202,1,red,R,L,A,red,R,L
LL,5,3236,1,red,R,L,A,red,R,L
LL,5,3247,1,red,R,L,A,red,R,L
LL,5,3258,1,red,R,L,A,red,R,L
LL,5,3269,1,red,R,L,A,red,R,L
LL,5,3281,1,red,R,L,A,red,R,L
LL,5,3292,1,red,R,L,A,red,R,L
LL,5,3305,1,red,R,L,A,red,R,L
LL,5,3317,1,red,R,L,A,red,R,L
LL,5,3329,1,red,R,L,A,red,R,L
LL,5,3343,1,red,R,L,A,red,R,L
LL,5,3357,1,red,R,L,A,red,R,L
LL,5,3369,1,red,R,L,A,red,R,L
LL,5,3383,1,red,R,L,A,red,R,L
LL,5,3398,1,red,R,L,A,red,R,L
LL,5,3409,1,red,R,L,A,red,R,L
LL,5,3423,1,red,R,L,A,red,R,L
LL,5,3436,1,red,R,L,A,red,R,L
LL,5,3450,1,red,R,L,A,red,R,L
LL,5,3463,1,red,R,L,A,red,R,L
LL,5,3477,1,red,R,L,A,red,R,L
LL,5,3489,1,red,R,L,A,red,R,L
LL,5,3503,1,red,R,L,A,red,R,L
LL,5,3518,1,red,R,L,A,red,R,L
LL,5,3529,1,red,R,L,A,red,R,L
LL,5,3543,1,red,R,L,A,red,R,L
LL,5,3556,1,red,R,L,A,red,R,L
LL,5,3569,1,red,R,L,A,red,R,L
LL,5,3582,1,red,R,L,A,red,R,L
LL,5,3596,1,red,R,L,A,red,R,L
LL,5,3608,1,red,R,L,A,red,R,L
LL,5,3623,1,red,R,L,A,red,R,L
LL,5,3636,1,red,R,L,A,red,R,L
LL,5,3649,1,red,R,L,A,red,R,L
LL,5,3650,30,red,R,L,H,red,R,L
LL,5,3680,125,red,R,L,R,red,R,L
LL,5,3859,1,red,R,L,A,red,R,L
LL,5,3876,1,red,R,L,A,red,R,L
LL,5,3895,1,red,R,L,A,red,R,L
LL,5,3919,1,red,R,L,A,red,R,L
LL,5,3947,1,red,R,L,A,red,R,L
LL,5,4088,1,red,R,L,A,red,R,L
LL,5,4117,1,red,R,L,A,red,R,L
LL,5,4960,1,red,R,L,A,red,R,L
LL,5,4974,1,red,R,L,A,red,R,L
LL,5,5242,1,red,R,L,A,red,R,L
LL,5,5376,1,red,R,L,A,red,R,L
LL,5,5386,1,red,R,L,A,red,R,L
LL,5,5398,1,red,R,L,A,red,R,L
LL,5,5413,1,red,R,L,A,red,R,L
LL,5,5428,1,red,R,L,A,red,R,L
LL,5,5536,1,red,R,L,A,red,R,L
LL,5,5550,1,red,R,L,A,red,R,L
LL,5,5572,1,red,R,L,A,red,R,L
LL,5,5593,1,red,R,L,A,red,R,L
LL,5,5610,1,red,R,L,A,red,R,L
LL,5,5624,1,red,R,L,A,red,R,L
LL,5,5748,1,red,R,L,A,red,R,L
LL,5,5760,1,red,R,L,A,red,R,L
LL,5,5771,1,red,R,L,A,red,R,L
LL,5,5785,1,red,R,L,A,red,R,L
LL,5,5835,1,red,R,L,A,red,R,L
LL,5,5878,1,red,R,L,A,red,R,L
LL,5,5896,1,red,R,L,A,red,R,L
LL,5,5932,278,red,R,L,H,red,R,L
LL,5,7293,1,red,R,L,A,red,R,L
LL,5,7988,1,red,R,L,A,red,R,L
LL,5,8004,1,red,R,L,A,red,R,L
LL,5,8100,1,red,R,L,A,red,R,L
LL,5,8112,1,red,R,L,A,red,R,L
LL,5,8181,1,red,R,L,A,red,R,L
LL,5,8213,1,red,R,L,A,red,R,L
LL,5,8231,1,red,R,L,A,red,R,L
LL,5,8244,1,red,R,L,A,red,R,L
LL,5,8254,1,red,R,L,H,red,R,L
LL,5,8255,1,red,R,L,A,red,R,L
LL,5,9461,1,red,R,L,A,red,R,L
LL,5,9473,1,red,R,L,A,red,R,L
LL,5,9494,1,red,R,L,A,red,R,L
LL,5,9565,1,red,R,L,A,red,R,L
LL,5,9873,1,red,R,L,A,red,R,L
LL,5,9884,1,red,R,L,A,red,R,L
LL,5,9904,1,red,R,L,A,red,R,L
LL,5,9941,1,red,R,L,A,red,R,L
LL,5,9955,1,red,R,L,A,red,R,L
LL,5,9978,1,red,R,L,A,red,R,L
LL,5,10020,1,red,R,L,A,red,R,L
LL,5,10033,1,red,R,L,A,red,R,L
LL,5,10043,131,red,R,L,H,red,R,L
LL,5,10174,1,red,R,L,A,red,R,L
LL,5,10477,1,red,R,L,A,red,R,L
LL,5,10489,1,red,R,L,A,red,R,L
LL,5,10509,1,red,R,L,A,red,R,L
LL,5,10544,1,red,R,L,A,red,R,L
LL,5,10558,1,red,R,L,A,red,R,L
LL,5,10579,1,red,R,L,A,red,R,L
LL,5,10596,1,red,R,L,A,red,R,L
LL,5,10612,1,red,R,L,A,red,R,L
LL,5,10627,1,red,R,L,A,red,R,L
LL,5,10728,1,red,R,L,A,red,R,L
LL,5,10986,1,red,R,L,A,red,R,L
LL,5,10997,1,red,R,L,A,red,R,L
LL,5,11008,1,red,R,L,A,red,R,L
LL,5,11023,1,red,R,L,A,red,R,L
LL,5,11034,1,red,R,L,A,red,R,L
LL,5,11046,1,red,R,L,A,red,R,L
LL,5,11059,1,red,R,L,A,red,R,L
LL,5,11193,1,red,R,L,A,red,R,L
LL,5,11209,1,red,R,L,A,red,R,L
LL,5,11244,1,red,R,L,A,red,R,L
LL,5,11274,1,red,R,L,A,red,R,L
LL,5,11293,1,red,R,L,A,red,R,L
LL,5,11324,1,red,R,L,A,red,R,L
LL,5,11342,1,red,R,L,A,red,R,L
LL,5,11358,1,red,R,L,A,red,R,L
LL,5,11373,1,red,R,L,A,red,R,L
LL,5,11387,1,red,R,L,A,red,R,L
LL,5,11403,1,red,R,L,A,red,R,L
LL,5,11418,1,red,R,L,A,red,R,L
LL,5,11432,1,red,R,L,A,red,R,L
LL,5,11448,1,red,R,L,A,red,R,L
LL,5,11468,1,red,R,L,A,red,R,L
LL,5,11482,1,red,R,L,A,red,R,L
LL,5,11495,20,red,R,L,H,red,R,L
LL,5,11515,1,red,R,L,A,red,R,L
LL,5,11673,1,red,R,L,A,red,R,L
LL,5,11705,1,red,R,L,A,red,R,L
LL,5,11738,1,red,R,L,A,red,R,L
LL,5,11762,110,red,R,L,H,red,R,L
LL,5,11872,1,red,R,L,A,red,R,L
LL,5,12706,1,red,R,L,A,red,R,L
LL,5,12718,1,red,R,L,A,red,R,L
LL,5,12738,1,red,R,L,A,red,R,L
LL,5,12753,1,red,R,L,A,red,R,L
LL,5,12940,1,red,R,L,A,red,R,L
LL,5,12952,1,red,R,L,A,red,R,L
LL,5,12963,1,red,R,L,A,red,R,L
LL,5,12975,1,red,R,L,A,red,R,L
LL,5,12987,1,red,R,L,A,red,R,L
LL,5,12999,1,red,R,L,A,red,R,L
LL,5,13012,1,red,R,L,A,red,R,L
LL,5,13024,1,red,R,L,A,red,R,L
LL,5,13061,1,red,R,L,A,red,R,L
LL,5,13071,1,red,R,L,A,red,R,L
LL,5,13095,1,red,R,L,A,red,R,L
LL,5,13161,1,red,R,L,A,red,R,L
LL,5,13196,1,red,R,L,A,red,R,L
LL,5,13224,1,red,R,L,A,red,R,L
LL,5,13573,1,red,R,L,A,red,R,L
LL,5,13581,1,red,R,L,A,red,R,L
LL,5,13592,1,red,R,L,A,red,R,L
LL,5,13603,1,red,R,L,A,red,R,L
LL,5,13614,1,red,R,L,A,red,R,L
LL,5,13626,1,red,R,L,A,red,R,L
LL,5,13638,1,red,R,L,A,red,R,L
LL,5,13650,1,red,R,L,A,red,R,L
LL,5,13662,1,red,R,L,A,red,R,L
LL,5,13674,1,red,R,L,A,red,R,L
LL,5,13685,1,red,R,L,A,red,R,L
LL,5,13697,1,red,R,L,A,red,R,L
LL,5,13708,1,red,R,L,A,red,R,L
LL,5,13721,1,red,R,L,A,red,R,L
LL,5,13732,1,red,R,L,A,red,R,L
LL,5,13863,1,red,R,L,A,red,R,L
LL,5,13898,1,red,R,L,A,red,R,L
LL,5,13996,1,red,R,L,A,red,R,L
LL,5,14005,1,red,R,L,A,red,R,L
LL,5,14016,1,red,R,L,A,red,R,L
LL,5,14027,1,red,R,L,A,red,R,L
LL,5,14038,1,red,R,L,A,red,R,L
LL,5,14050,1,red,R,L,A,red,R,L
LL,5,14152,1,red,R,L,A,red,R,L
LL,5,14160,1,red,R,L,A,red,R,L
LL,5,14171,1,red,R,L,A,red,R,L
LL,5,14183,1,red,R,L,A,red,R,L
LL,5,14194,1,red,R,L,A,red,R,L
LL,5,14206,1,red,R,L,A,red,R,L
LL,5,14217,1,red,R,L,A,red,R,L
LL,5,14229,1,red,R,L,A,red,R,L
LL,5,14324,1,red,R,L,A,red,R,L
LL,5,14335,1,red,R,L,A,red,R,L
LL,5,14346,1,red,R,L,A,red,R,L
LL,5,14357,1,red,R,L,A,red,R,L
LL,5,14368,1,red,R,L,A,red,R,L
LL,5,14381,1,red,R,L,A,red,R,L
LL,5,14393,1,red,R,L,A,red,R,L
LL,5,14404,1,red,R,L,A,red,R,L
LL,5,14506,1,red,R,L,A,red,R,L
LL,5,14521,1,red,R,L,A,red,R,L
LL,5,14648,1,red,R,L,A,red,R,L
LL,5,14709,1,red,R,L,A,red,R,L
LL,5,14778,1,red,R,L,A,red,R,L
LL,5,14787,1,red,R,L,A,red,R,L
LL,5,14851,1,red,R,L,A,red,R,L
LL,5,14863,1,red,R,L,A,red,R,L
LL,5,14884,1,red,R,L,A,red,R,L
LL,5,14895,1,red,R,L,A,red,R,L
LL,5,14911,1,red,R,L,A,red,R,L
LL,5,14925,1,red,R,L,A,red,R,L
LL,5,14944,1,red,R,L,A,red,R,L
LL,5,14995,1,red,R,L,A,red,R,L
LL,5,15009,1,red,R,L,A,red,R,L
LL,5,15026,1,red,R,L,A,red,R,L
LL,5,15042,1,red,R,L,A,red,R,L
LL,5,15062,1,red,R,L,A,red,R,L
LL,5,15085,1,red,R,L,A,red,R,L
LL,5,15192,1,red,R,L,A,red,R,L
LL,5,15209,1,red,R,L,A,red,R,L
LL,5,15257,1,red,R,L,A,red,R,L
LL,5,15277,1,red,R,L,A,red,R,L
LL,5,15297,1,red,R,L,A,red,R,L
LL,5,15318,1,red,R,L,A,red,R,L
LL,5,15342,1,red,R,L,A,red,R,L
LL,5,15444,1,red,R,L,A,red,R,L
LL,5,15489,1,red,R,L,A,red,R,L
LL,5,15503,1,red,R,L,A,red,R,L
LL,5,15517,16,red,R,L,H,red,R,L
LL,5,15533,1,red,R,L,A,red,R,L
LL,5,16458,1,red,R,L,A,red,R,L
LL,5,16469,1,red,R,L,A,red,R,L
LL,5,16754,1,red,R,L,A,red,R,L
LL,5,16770,1,red,R,L,A,red,R,L
LL,5,16782,1,red,R,L,A,red,R,L
LL,5,16814,1,red,R,L,A,red,R,L
LL,5,16830,1,red,R,L,A,red,R,L
LL,5,16871,1,red,R,L,A,red,R,L
LL,5,16886,1,red,R,L,A,red,R,L
LL,5,16899,1,red,R,L,A,red,R,L
LL,5,16913,1,red,R,L,A,red,R,L
LL,5,17059,1,red,R,L,A,red,R,L
LL,5,17073,1,red,R,L,A,red,R,L
LL,5,17086,1,red,R,L,A,red,R,L
LL,5,17102,1,red,R,L,A,red,R,L
LL,5,17118,1,red,R,L,A,red,R,L
LL,5,17155,1,red,R,L,A,red,R,L
LL,5,17174,1,red,R,L,A,red,R,L
LL,5,17250,1,red,R,L,A,red,R,L
LL,5,17263,1,red,R,L,A,red,R,L
LL,5,17281,1,red,R,L,A,red,R,L
LL,5,17295,1,red,R,L,A,red,R,L
LL,5,17330,1,red,R,L,A,red,R,L
LL,5,17343,1,red,R,L,A,red,R,L
LL,5,17433,1,red,R,L,A,red,R,L
LL,5,17539,1,red,R,L,A,red,R,L
LL,5,17678,1,red,R,L,A,red,R,L
LL,5,17690,1,red,R,L,A,red,R,L
LL,5,17703,1,red,R,L,A,red,R,L
LL,5,17715,1,red,R,L,A,red,R,L
LL,5,17728,1,red,R,L,A,red,R,L
LL,5,17741,1,red,R,L,A,red,R,L
LL,5,17758,1,red,R,L,A,red,R,L
LL,5,17770,1,red,R,L,A,red,R,L
LL,5,17785,1,red,R,L,A,red,R,L
LL,5,17851,1,red,R,L,A,red,R,L
LL,5,17901,1,red,R,L,A,red,R,L
LL,5,17912,1,red,R,L,A,red,R,L
LL,5,18031,1,red,R,L,A,red,R,L
LL,5,18343,1,red,R,L,A,red,R,L
LL,5,18374,1,red,R,L,A,red,R,L
LL,5,18460,1,red,R,L,A,red,R,L
LL,5,18472,1,red,R,L,A,red,R,L
LL,5,18483,1,red,R,L,A,red,R,L
LL,5,18496,1,red,R,L,A,red,R,L
LL,5,18508,1,red,R,L,A,red,R,L
LL,5,18521,1,red,R,L,A,red,R,L
LL,5,18603,1,red,R,L,A,red,R,L
LL,5,18620,1,red,R,L,A,red,R,L
LL,5,18631,1,red,R,L,A,red,R,L
LL,5,18642,1,red,R,L,A,red,R,L
LL,5,18683,1,red,R,L,A,red,R,L
LL,5,18699,1,red,R,L,A,red,R,L
LL,5,18711,1,red,R,L,A,red,R,L
LL,5,18788,1,red,R,L,A,red,R,L
LL,5,18799,1,red,R,L,A,red,R,L
LL,5,18808,1,red,R,L,A,red,R,L
LL,5,18817,1,red,R,L,A,red,R,L
LL,5,18827,1,red,R,L,A,red,R,L
LL,5,18844,1,red,R,L,A,red,R,L
LL,5,18855,1,red,R,L,A,red,R,L
LL,5,18867,1,red,R,L,A,red,R,L
LL,5,18878,1,red,R,L,A,red,R,L
LL,5,18892,1,red,R,L,A,red,R,L
LL,5,18915,1,red,R,L,A,red,R,L
LL,5,18924,1,red,R,L,A,red,R,L
LL,5,18936,1,red,R,L,A,red,R,L
LL,5,18948,1,red,R,L,A,red,R,L
LL,5,18961,1,red,R,L,A,red,R,L
LL,5,18973,1,red,R,L,A,red,R,L
LL,5,18986,1,red,R,L,A,red,R,L
LL,5,19001,1,red,R,L,A,red,R,L
LL,5,19013,1,red,R,L,A,red,R,L
LL,5,19027,1,red,R,L,A,red,R,L
LL,5,19040,1,red,R,L,A,red,R,L
LL,5,19055,1,red,R,L,A,red,R,L
LL,5,19069,1,red,R,L,A,red,R,L
LL,5,19083,1,red,R,L,A,red,R,L
LL,5,19097,1,red,R,L,A,red,R,L
LL,5,19110,1,red,R,L,A,red,R,L
LL,5,19124,1,red,R,L,A,red,R,L
LL,5,19137,1,red,R,L,A,red,R,L
LL,5,19151,1,red,R,L,A,red,R,L
LL,5,19165,1,red,R,L,A,red,R,L
LL,5,19178,1,red,R,L,A,red,R,L
LL,5,19192,1,red,R,L,A,red,R,L
LL,5,19207,1,red,R,L,A,red,R,L
LL,5,19219,1,red,R,L,A,red,R,L
LL,5,19234,1,red,R,L,A,red,R,L
LL,5,19247,1,red,R,L,A,red,R,L
LL,5,19261,1,red,R,L,A,red,R,L
LL,5,19276,1,red,R,L,A,red,R,L
LL,5,19288,1,red,R,L,A,red,R,L
LL,5,19302,1,red,R,L,A,red,R,L
LL,5,19317,1,red,R,L,A,red,R,L
LL,5,19329,1,red,R,L,A,red,R,L
LL,5,19345,1,red,R,L,A,red,R,L
LL,5,19359,1,red,R,L,A,red,R,L
LL,5,19373,1,red,R,L,A,red,R,L
LL,5,19386,1,red,R,L,A,red,R,L
LL,5,19399,1,red,R,L,A,red,R,L
LL,5,19415,1,red,R,L,A,red,R,L
LL,5,19428,1,red,R,L,A,red,R,L
LL,5,19441,1,red,R,L,A,red,R,L
LL,5,19454,1,red,R,L,A,red,R,L
LL,5,19468,1,red,R,L,A,red,R,L
LL,5,19480,1,red,R,L,A,red,R,L
LL,5,19494,1,red,R,L,A,red,R,L
LL,5,19507,1,red,R,L,A,red,R,L
LL,5,19522,1,red,R,L,A,red,R,L
LL,5,19534,1,red,R,L,A,red,R,L
LL,5,19548,1,red,R,L,A,red,R,L
LL,5,19561,1,red,R,L,A,red,R,L
LL,5,19574,1,red,R,L,A,red,R,L
LL,5,19587,1,red,R,L,A,red,R,L
LL,5,19600,1,red,R,L,A,red,R,L
LL,5,19613,1,red,R,L,A,red,R,L
LL,5,19626,1,red,R,L,A,red,R,L
LL,5,19642,1,red,R,L,A,red,R,L
LL,5,19654,1,red,R,L,A,red,R,L
LL,5,19668,1,red,R,L,A,red,R,L
LL,5,19681,1,red,R,L,A,red,R,L
LL,5,19694,1,red,R,L,A,red,R,L
LL,5,19708,1,red,R,L,A,red,R,L
LL,5,19722,1,red,R,L,A,red,R,L
LL,5,19736,1,red,R,L,A,red,R,L
LL,5,19752,1,red,R,L,A,red,R,L
LL,5,19764,1,red,R,L,A,red,R,L
LL,5,19779,1,red,R,L,A,red,R,L
LL,5,19793,1,red,R,L,A,red,R,L
LL,5,19807,1,red,R,L,A,red,R,L
LL,5,19822,1,red,R,L,A,red,R,L
LL,5,20071,1,red,R,L,A,red,R,L
LL,5,20090,1,red,R,L,A,red,R,L
LL,5,20103,1,red,R,L,A,red,R,L
LL,5,20120,1,red,R,L,A,red,R,L
LL,5,20136,1,red,R,L,A,red,R,L
LL,5,20150,1,red,R,L,A,red,R,L
LL,5,20168,1,red,R,L,A,red,R,L
LL,5,20182,1,red,R,L,A,red,R,L
LL,5,20196,1,red,R,L,A,red,R,L
LL,5,20210,1,red,R,L,A,red,R,L
LL,5,20225,1,red,R,L,A,red,R,L
LL,5,20237,1,red,R,L,A,red,R,L
LL,5,20249,1,red,R,L,A,red,R,L
LL,5,20265,1,red,R,L,A,red,R,L
LL,5,20278,1,red,R,L,A,red,R,L
LL,5,20292,1,red,R,L,A,red,R,L
LL,5,20305,1,red,R,L,A,red,R,L
LL,5,20317,1,red,R,L,A,red,R,L
LL,5,20330,1,red,R,L,A,red,R,L
LL,5,20343,1,red,R,L,A,red,R,L
LL,5,20357,1,red,R,L,A,red,R,L
LL,5,20372,1,red,R,L,A,red,R,L
LL,5,20384,1,red,R,L,A,red,R,L
LL,5,20398,1,red,R,L,A,red,R,L
LL,5,20411,1,red,R,L,A,red,R,L
LL,5,20425,1,red,R,L,A,red,R,L
LL,5,20441,1,red,R,L,A,red,R,L
LL,5,20455,1,red,R,L,A,red,R,L
LL,5,20467,1,red,R,L,A,red,R,L
LL,5,20481,1,red,R,L,A,red,R,L
LL,5,20496,1,red,R,L,A,red,R,L
LL,5,20508,1,red,R,L,A,red,R,L
LL,5,20522,1,red,R,L,A,red,R,L
LL,5,20534,1,red,R,L,A,red,R,L
LL,5,20546,1,red,R,L,A,red,R,L
LL,5,20559,1,red,R,L,A,red,R,L
LL,5,20572,1,red,R,L,A,red,R,L
LL,5,20587,1,red,R,L,A,red,R,L
LL,5,20599,1,red,R,L,A,red,R,L
LL,5,20613,1,red,R,L,A,red,R,L
LL,5,20627,1,red,R,L,A,red,R,L
LL,5,20641,1,red,R,L,A,red,R,L
LL,5,20655,1,red,R,L,A,red,R,L
LL,5,20671,1,red,R,L,A,red,R,L
LL,5,20685,1,red,R,L,A,red,R,L
LL,5,20698,1,red,R,L,A,red,R,L
LL,5,20712,1,red,R,L,A,red,R,L
LL,5,20725,1,red,R,L,A,red,R,L
LL,5,20739,1,red,R,L,A,red,R,L
LL,5,20873,1,red,R,L,A,red,R,L
LL,5,20944,1,red,R,L,A,red,R,L
LL,5,20954,1,red,R,L,A,red,R,L
LL,5,20965,1,red,R,L,A,red,R,L
LL,5,20976,1,red,R,L,A,red,R,L
LL,5,20989,1,red,R,L,A,red,R,L
LL,5,20999,1,red,R,L,A,red,R,L
LL,5,21014,1,red,R,L,A,red,R,L
LL,5,21027,1,red,R,L,A,red,R,L
LL,5,21038,1,red,R,L,A,red,R,L
LL,5,21053,1,red,R,L,A,red,R,L
LL,5,21067,1,red,R,L,A,red,R,L
LL,5,21078,1,red,R,L,A,red,R,L
LL,5,21091,1,red,R,L,A,red,R,L
LL,5,21111,1,red,R,L,A,red,R,L
LL,5,21125,1,red,R,L,A,red,R,L
LL,5,21135,1,red,R,L,A,red,R,L
LL,5,21147,1,red,R,L,A,red,R,L
LL,5,21160,1,red,R,L,A,red,R,L
LL,5,21175,1,red,R,L,A,red,R,L
LL,5,21187,1,red,R,L,A,red,R,L
LL,5,21201,1,red,R,L,A,red,R,L
LL,5,21214,1,red,R,L,A,red,R,L
LL,5,21227,1,red,R,L,A,red,R,L
LL,5,21240,1,red,R,L,A,red,R,L
LL,5,21254,1,red,R,L,A,red,R,L
LL,5,21267,1,red,R,L,A,red,R,L
LL,5,21282,1,red,R,L,A,red,R,L
LL,5,21295,1,red,R,L,A,red,R,L
LL,5,21308,1,red,R,L,A,red,R,L
LL,5,21322,1,red,R,L,A,red,R,L
LL,5,21337,1,red,R,L,A,red,R,L
LL,5,21351,1,red,R,L,A,red,R,L
LL,5,21366,1,red,R,L,A,red,R,L
LL,5,21378,1,red,R,L,A,red,R,L
LL,5,21392,1,red,R,L,A,red,R,L
LL,5,21406,1,red,R,L,A,red,R,L
LL,5,21420,1,red,R,L,A,red,R,L
LL,5,21434,1,red,R,L,A,red,R,L
LL,5,21450,1,red,R,L,A,red,R,L
LL,5,21462,1,red,R,L,A,red,R,L
LL,5,21475,1,red,R,L,A,red,R,L
LL,5,21487,1,red,R,L,A,red,R,L
LL,5,21500,1,red,R,L,A,red,R,L
LL,5,21514,1,red,R,L,A,red,R,L
LL,5,21534,1,red,R,L,A,red,R,L
LL,5,21543,1,red,R,L,A,red,R,L
LL,5,21563,1,red,R,L,A,red,R,L
LL,5,21576,1,red,R,L,A,red,R,L
LL,5,21594,1,red,R,L,A,red,R,L
LL,5,21606,1,red,R,L,A,red,R,L
LL,5,21619,1,red,R,L,A,red,R,L
LL,5,21633,1,red,R,L,A,red,R,L
LL,5,21648,1,red,R,L,A,red,R,L
LL,5,21662,1,red,R,L,A,red,R,L
LL,5,21686,1,red,R,L,A,red,R,L
LL,5,21699,1,red,R,L,A,red,R,L
LL,5,21710,1,red,R,L,A,red,R,L
LL,5,21738,1,red,R,L,A,red,R,L
LL,5,21768,1,red,R,L,A,red,R,L
LL,5,21781,1,red,R,L,A,red,R,L
LL,5,21805,1,red,R,L,A,red,R,L
LL,5,21818,1,red,R,L,A,red,R,L
LL,5,21832,1,red,R,L,A,red,R,L
LL,5,21846,1,red,R,L,A,red,R,L
LL,5,21885,1,red,R,L,A,red,R,L
LL,5,22122,1,red,R,L,A,red,R,L
LL,5,22134,1,red,R,L,A,red,R,L
LL,5,22178,1,red,R,L,A,red,R,L
LL,5,22189,1,red,R,L,A,red,R,L
LL,5,22201,1,red,R,L,A,red,R,L
LL,5,22213,1,red,R,L,A,red,R,L
LL,5,22227,1,red,R,L,A,red,R,L
LL,5,22242,1,red,R,L,A,red,R,L
LL,5,22255,1,red,R,L,A,red,R,L
LL,5,22268,1,red,R,L,A,red,R,L
LL,5,22281,1,red,R,L,A,red,R,L
LL,5,22293,1,red,R,L,A,red,R,L
LL,5,22306,1,red,R,L,A,red,R,L
LL,5,22319,1,red,R,L,A,red,R,L
LL,5,22332,1,red,R,L,A,red,R,L
LL,5,22351,1,red,R,L,A,red,R,L
LL,5,22365,1,red,R,L,A,red,R,L
LL,5,22378,1,red,R,L,A,red,R,L
LL,5,22393,1,red,R,L,A,red,R,L
LL,5,22406,1,red,R,L,A,red,R,L
LL,5,22424,1,red,R,L,A,red,R,L
LL,5,22436,1,red,R,L,A,red,R,L
LL,5,22450,1,red,R,L,A,red,R,L
LL,5,22464,1,red,R,L,A,red,R,L
LL,5,22476,1,red,R,L,A,red,R,L
LL,5,22490,1,red,R,L,A,red,R,L
LL,5,22503,1,red,R,L,A,red,R,L
LL,5,22517,1,red,R,L,A,red,R,L
LL,5,22532,1,red,R,L,A,red,R,L
LL,5,22545,1,red,R,L,A,red,R,L
LL,5,22556,1,red,R,L,A,red,R,L
LL,5,22572,1,red,R,L,A,red,R,L
LL,5,22586,1,red,R,L,A,red,R,L
LL,5,22598,1,red,R,L,A,red,R,L
LL,5,22612,1,red,R,L,A,red,R,L
LL,5,22627,1,red,R,L,A,red,R,L
LL,5,22639,1,red,R,L,A,red,R,L
LL,5,22653,1,red,R,L,A,red,R,L
LL,5,22666,1,red,R,L,A,red,R,L
LL,5,22679,1,red,R,L,A,red,R,L
LL,5,22692,1,red,R,L,A,red,R,L
LL,5,22706,1,red,R,L,A,red,R,L
LL,5,22720,1,red,R,L,A,red,R,L
LL,5,22735,1,red,R,L,A,red,R,L
LL,5,22860,1,red,R,L,A,red,R,L
LL,5,22881,1,red,R,L,A,red,R,L
LL,5,22896,1,red,R,L,A,red,R,L
LL,5,22909,1,red,R,L,A,red,R,L
LL,5,22926,1,red,R,L,A,red,R,L
LL,5,22949,1,red,R,L,A,red,R,L
LL,5,22965,1,red,R,L,A,red,R,L
LL,5,22986,1,red,R,L,A,red,R,L
LL,5,23001,1,red,R,L,A,red,R,L
LL,5,23016,1,red,R,L,A,red,R,L
LL,5,23036,1,red,R,L,A,red,R,L
LL,5,23106,1,red,R,L,A,red,R,L
LL,5,23120,1,red,R,L,A,red,R,L
LL,5,23140,1,red,R,L,A,red,R,L
LL,5,23154,1,red,R,L,A,red,R,L
LL,5,23171,1,red,R,L,A,red,R,L
LL,5,23196,1,red,R,L,A,red,R,L
LL,5,23289,1,red,R,L,A,red,R,L
LL,5,23806,1,red,R,L,A,red,R,L
LL,5,23866,1,red,R,L,A,red,R,L
LL,5,23898,1,red,R,L,A,red,R,L
LL,5,23988,1,red,R,L,A,red,R,L
LL,5,23999,1,red,R,L,A,red,R,L
LL,5,24014,1,red,R,L,A,red,R,L
LL,5,24059,1,red,R,L,A,red,R,L
LL,5,24069,1,red,R,L,A,red,R,L
LL,5,24082,1,red,R,L,A,red,R,L
LL,5,24094,1,red,R,L,A,red,R,L
LL,5,24133,1,red,R,L,A,red,R,L
LL,5,24145,1,red,R,L,A,red,R,L
LL,5,24157,1,red,R,L,A,red,R,L
LL,5,24170,1,red,R,L,A,red,R,L
LL,5,24183,1,red,R,L,A,red,R,L
LL,5,24196,1,red,R,L,A,red,R,L
LL,5,24224,1,red,R,L,A,red,R,L
LL,5,24236,1,red,R,L,A,red,R,L
LL,5,24248,1,red,R,L,A,red,R,L
LL,5,24289,1,red,R,L,A,red,R,L
LL,5,24302,1,red,R,L,A,red,R,L
LL,5,24317,1,red,R,L,A,red,R,L
LL,5,24348,1,red,R,L,A,red,R,L
LL,5,24455,1,red,R,L,A,red,R,L
LL,5,24465,1,red,R,L,A,red,R,L
LL,5,24478,1,red,R,L,A,red,R,L
LL,5,24491,1,red,R,L,A,red,R,L
LL,5,24505,1,red,R,L,A,red,R,L
LL,5,24517,1,red,R,L,A,red,R,L
LL,5,24530,1,red,R,L,A,red,R,L
LL,5,24542,1,red,R,L,A,red,R,L
LL,5,24554,1,red,R,L,A,red,R,L
LL,5,24568,1,red,R,L,A,red,R,L
LL,5,24580,1,red,R,L,A,red,R,L
LL,5,24593,1,red,R,L,A,red,R,L
LL,5,24608,1,red,R,L,A,red,R,L
LL,5,24620,1,red,R,L,A,red,R,L
LL,5,24634,1,red,R,L,A,red,R,L
LL,5,24648,1,red,R,L,A,red,R,L
LL,5,24661,1,red,R,L,A,red,R,L
LL,5,24675,1,red,R,L,A,red,R,L
LL,5,24685,1,red,R,L,A,red,R,L
LL,5,24699,1,red,R,L,A,red,R,L
LL,5,24713,1,red,R,L,A,red,R,L
LL,5,24728,1,red,R,L,A,red,R,L
LL,5,24743,1,red,R,L,A,red,R,L
LL,5,24757,1,red,R,L,A,red,R,L
LL,5,24773,1,red,R,L,A,red,R,L
LL,5,24785,1,red,R,L,A,red,R,L
LL,5,24799,1,red,R,L,A,red,R,L
LL,5,24812,1,red,R,L,A,red,R,L
LL,5,24827,1,red,R,L,A,red,R,L
LL,5,24840,1,red,R,L,A,red,R,L
LL,5,24853,1,red,R,L,A,red,R,L
LL,5,24867,1,red,R,L,A,red,R,L
LL,5,24893,1,red,R,L,A,red,R,L
LL,5,24908,1,red,R,L,A,red,R,L
LL,5,24929,1,red,R,L,A,red,R,L
LL,5,24943,1,red,R,L,A,red,R,L
LL,5,24957,1,red,R,L,A,red,R,L
LL,5,24972,1,red,R,L,A,red,R,L
LL,5,24985,1,red,R,L,A,red,R,L
LL,5,25000,1,red,R,L,A,red,R,L
LL,5,25015,1,red,R,L,A,red,R,L
LL,5,25031,1,red,R,L,A,red,R,L
LL,5,25044,1,red,R,L,A,red,R,L
LL,5,25069,1,red,R,L,A,red,R,L
LL,5,25094,1,red,R,L,A,red,R,L
LL,5,25108,1,red,R,L,A,red,R,L
LL,5,25119,1,red,R,L,A,red,R,L
LL,5,25130,1,red,R,L,A,red,R,L
LL,5,25144,1,red,R,L,A,red,R,L
LL,5,25156,1,red,R,L,A,red,R,L
LL,5,25187,1,red,R,L,A,red,R,L
LL,5,25214,1,red,R,L,A,red,R,L
LL,5,25226,1,red,R,L,A,red,R,L
LL,5,25238,1,red,R,L,A,red,R,L
LL,5,25253,1,red,R,L,A,red,R,L
LL,5,25266,1,red,R,L,A,red,R,L
LL,5,25278,1,red,R,L,A,red,R,L
LL,5,25294,1,red,R,L,A,red,R,L
LL,5,25304,1,red,R,L,A,red,R,L
LL,5,25320,1,red,R,L,A,red,R,L
LL,5,25332,1,red,R,L,A,red,R,L
LL,5,25449,1,red,R,L,A,red,R,L
LL,5,25460,1,red,R,L,A,red,R,L
LL,5,25494,1,red,R,L,A,red,R,L
LL,5,25505,1,red,R,L,A,red,R,L
LL,5,25541,1,red,R,L,A,red,R,L
LL,5,25553,1,red,R,L,A,red,R,L
LL,5,25567,1,red,R,L,A,red,R,L
LL,5,25579,1,red,R,L,A,red,R,L
LL,5,25593,1,red,R,L,A,red,R,L
LL,5,25605,1,red,R,L,A,red,R,L
LL,5,25621,1,red,R,L,A,red,R,L
LL,5,25633,1,red,R,L,A,red,R,L
LL,5,25645,1,red,R,L,A,red,R,L
LL,5,25659,1,red,R,L,A,red,R,L
LL,5,25673,1,red,R,L,A,red,R,L
LL,5,25687,1,red,R,L,A,red,R,L
LL,5,25701,1,red,R,L,A,red,R,L
LL,5,25715,1,red,R,L,A,red,R,L
LL,5,25753,1,red,R,L,A,red,R,L
LL,5,25769,1,red,R,L,A,red,R,L
LL,5,25781,1,red,R,L,A,red,R,L
LL,5,25865,1,red,R,L,A,red,R,L
LL,5,25878,1,red,R,L,A,red,R,L
LL,5,25890,1,red,R,L,A,red,R,L
LL,5,25908,1,red,R,L,A,red,R,L
LL,5,25922,1,red,R,L,A,red,R,L
LL,5,25936,1,red,R,L,A,red,R,L
LL,5,25948,1,red,R,L,A,red,R,L
LL,5,25962,1,red,R,L,A,red,R,L
LL,5,25973,1,red,R,L,A,red,R,L
LL,5,25994,1,red,R,L,A,red,R,L
LL,5,26009,1,red,R,L,A,red,R,L
LL,5,26067,1,red,R,L,A,red,R,L
LL,5,26078,1,red,R,L,A,red,R,L
LL,5,26095,1,red,R,L,A,red,R,L
LL,5,26114,97,red,R,L,H,red,R,L
LL,5,26211,1,red,R,L,A,red,R,L
LL,5,26272,1,red,R,L,A,red,R,L
LL,5,26294,1,red,R,L,A,red,R,L
LL,5,26306,1,red,R,L,A,red,R,L
LL,5,26355,1,red,R,L,A,red,R,L
LL,5,27236,1,red,R,L,A,red,R,L
LL,5,27252,1,red,R,L,A,red,R,L
LL,5,27269,1,red,R,L,A,red,R,L
LL,5,27293,1,red,R,L,A,red,R,L
LL,5,27318,1,red,R,L,A,red,R,L
LL,5,27334,1,red,R,L,A,red,R,L
LL,5,27364,1,red,R,L,A,red,R,L
LL,5,27397,1,red,R,L,A,red,R,L
LL,5,27420,1,red,R,L,A,red,R,L
LL,5,27444,1,red,R,L,A,red,R,L
LL,5,27467,1,red,R,L,A,red,R,L
LL,5,27484,1,red,R,L,A,red,R,L
LL,5,27501,1,red,R,L,A,red,R,L
LL,5,27533,1,red,R,L,A,red,R,L
LL,5,27561,1,red,R,L,A,red,R,L
LL,5,27580,1,red,R,L,A,red,R,L
LL,5,27602,1,red,R,L,A,red,R,L
LL,5,27621,1,red,R,L,A,red,R,L
LL,5,27663,1,red,R,L,A,red,R,L
LL,5,27681,1,red,R,L,A,red,R,L
LL,5,27713,1,red,R,L,A,red,R,L
LL,5,27733,1,red,R,L,A,red,R,L
LL,5,27752,1,red,R,L,A,red,R,L
LL,5,5014,1,purple,N,X,A,purple,N,X
LL,5,5175,1,purple,N,X,A,purple,N,X
LL,5,5211,1,purple,N,X,A,purple,N,X
LL,5,5253,1,purple,N,X,A,purple,N,X
LL,5,14558,1,purple,N,X,A,purple,N,X
LL,5,14575,1,purple,N,X,A,purple,N,X
LL,5,14608,1,purple,N,X,A,purple,N,X
LL,5,14661,1,purple,N,X,A,purple,N,X
LL,5,14702,1,purple,N,X,A,purple,N,X
LL,5,14718,1,purple,N,X,A,purple,N,X
LL,5,14744,1,purple,N,X,A,purple,N,X
LL,5,14765,1,purple,N,X,A,purple,N,X
LL,5,14783,118,purple,N,X,H,purple,N,X
LL,5,15037,1,purple,N,X,A,purple,N,X
LL,5,15085,1,purple,N,X,A,purple,N,X
LL,5,15099,1,purple,N,X,A,purple,N,X
LL,5,15119,21,purple,N,X,H,purple,N,X
LL,5,15140,154,purple,N,X,R,purple,N,X
LL,5,21521,29,purple,N,X,H,purple,N,X
LL,5,21550,1,purple,N,X,A,purple,N,X
LL,5,21576,1,purple,N,X,A,purple,N,X
LL,5,21608,1,purple,N,X,A,purple,N,X
LL,5,21644,1,purple,N,X,A,purple,N,X
LL,5,21659,238,purple,N,X,H,purple,N,X
LL,5,21897,1,purple,N,X,A,purple,N,X
LL,5,4,1,blue,G,L,A,blue,G,L
LL,5,21,70,blue,G,L,H,blue,G,L
LL,5,93,1,blue,G,L,A,blue,G,L
LL,5,274,1,blue,G,L,A,blue,G,L
LL,5,305,1,blue,G,L,A,blue,G,L
LL,5,311,114,blue,G,L,R,blue,G,L
LL,5,944,1,blue,G,L,A,blue,G,L
LL,5,1017,191,blue,G,L,H,blue,G,L
LL,5,2966,244,blue,G,L,H,blue,G,L
LL,5,3210,1,blue,G,L,A,blue,G,L
LL,5,3278,1,blue,G,L,A,blue,G,L
LL,5,3344,1,blue,G,L,A,blue,G,L
LL,5,3380,1,blue,G,L,A,blue,G,L
LL,5,3776,1,blue,G,L,A,blue,G,L
LL,5,7369,1,blue,G,L,A,blue,G,L
LL,5,7391,1,blue,G,L,A,blue,G,L
LL,5,7436,1,blue,G,L,A,blue,G,L
LL,5,7458,1,blue,G,L,A,blue,G,L
LL,5,7475,1,blue,G,L,A,blue,G,L
LL,5,7499,1,blue,G,L,A,blue,G,L
LL,5,7515,1,blue,G,L,A,blue,G,L
LL,5,7550,1,blue,G,L,A,blue,G,L
LL,5,8000,1,blue,G,L,A,blue,G,L
LL,5,8023,1,blue,G,L,A,blue,G,L
LL,5,8051,1,blue,G,L,A,blue,G,L
LL,5,8135,1,blue,G,L,A,blue,G,L
LL,5,10813,1,blue,G,L,A,blue,G,L
LL,5,10832,1,blue,G,L,A,blue,G,L
LL,5,14592,1,blue,G,L,A,blue,G,L
LL,5,14638,1,blue,G,L,A,blue,G,L
LL,5,14654,1,blue,G,L,A,blue,G,L
LL,5,14684,1,blue,G,L,A,blue,G,L
LL,5,15525,1,blue,G,L,A,blue,G,L
LL,5,15550,1,blue,G,L,A,blue,G,L
LL,5,15581,39,blue,G,L,H,blue,G,L
LL,5,16255,1,blue,G,L,A,blue,G,L
LL,5,16267,1,blue,G,L,A,blue,G,L
LL,5,16343,1,blue,G,L,A,blue,G,L
LL,5,16408,156,blue,G,L,H,blue,G,L
LL,5,16620,1,blue,G,L,A,blue,G,L
LL,5,21715,1,blue,G,L,A,blue,G,L
LL,5,21756,1,blue,G,L,A,blue,G,L
LL,5,21783,1,blue,G,L,A,blue,G,L
LL,5,21911,72,blue,G,L,H,blue,G,L
LL,5,21983,1,blue,G,L,A,blue,G,L
LL,5,26995,48,blue,G,L,H,blue,G,L
LL,5,27043,1,blue,G,L,A,blue,G,L
LL,5,27110,1,blue,G,L,A,blue,G,L
LL,5,27122,1,blue,G,L,A,blue,G,L
LL,5,27135,1,blue,G,L,A,blue,G,L
LL,5,27146,1,blue,G,L,A,blue,G,L
LL,5,27159,42,blue,G,L,H,blue,G,L
LL,5,27201,1,blue,G,L,A,blue,G,L
LL,5,27258,1,blue,G,L,A,blue,G,L
LL,5,27273,1,blue,G,L,A,blue,G,L
LL,5,27286,1,blue,G,L,A,blue,G,L
LL,5,27303,1,blue,G,L,A,blue,G,L
LL,5,27367,1,blue,G,L,A,blue,G,L
LL,5,27380,1,blue,G,L,A,blue,G,L
LL,5,27392,1,blue,G,L,A,blue,G,L
LL,5,27418,1,blue,G,L,A,blue,G,L
LL,5,27443,1,blue,G,L,A,blue,G,L
LL,5,27461,1,blue,G,L,A,blue,G,L
LL,5,27486,1,blue,G,L,A,blue,G,L
LL,5,27501,1,blue,G,L,A,blue,G,L
LL,5,27548,40,blue,G,L,H,blue,G,L
LL,5,4,120,green,N,X,H,green,N,X
LL,5,281,35,green,N,X,H,green,N,X
LL,5,316,1,green,N,X,A,green,N,X
LL,5,1702,1,green,N,X,A,green,N,X
LL,5,1740,1,green,N,X,A,green,N,X
LL,5,1778,1,green,N,X,A,green,N,X
LL,5,1792,1,green,N,X,A,green,N,X
LL,5,1822,83,green,N,X,H,green,N,X
LL,5,9672,177,green,N,X,H,green,N,X
LL,5,9849,1,green,N,X,A,green,N,X
LL,5,9923,244,green,N,X,H,green,N,X
LL,5,10167,132,green,N,X,R,green,N,X
LL,5,10800,1,green,N,X,A,green,N,X
LL,5,10819,1,green,N,X,A,green,N,X
LL,5,14996,19,green,N,X,H,green,N,X
LL,5,15086,141,green,N,X,H,green,N,X
LL,5,15343,1,green,N,X,A,green,N,X
LL,5,2910,28,yellow,N,X,T,blue,G,L
LL,5,7611,110,orange,N,X,T,blue,G,L
LL,5,18712,17,orange,N,X,T,blue,G,L
LL,5,6318,352,purple,N,X,T,red,R,L
LL,5,4267,182,blue,G,L,T,red,R,L
LL,5,23923,815,blue,G,L,T,orange,N,X
