HH,18,1465,42,yellow,N,X,S,yellow,N,X
HH,18,1927,109,yellow,N,X,S,yellow,N,X
HH,18,2074,153,yellow,N,X,G,red,N,X
HH,18,28697,706,yellow,N,X,G,purple,G,H
HH,18,29460,57,yellow,N,X,S,yellow,N,X
HH,18,29548,504,yellow,N,X,G,purple,G,H
HH,18,30171,50,yellow,N,X,G,purple,G,H
HH,18,30359,2790,yellow,N,X,G,purple,G,H
HH,18,33429,31,yellow,N,X,G,purple,G,H
HH,18,34437,410,yellow,N,X,G,green,N,X
HH,18,35796,2501,yellow,N,X,G,purple,G,H
HH,18,38373,145,yellow,N,X,S,yellow,N,X
HH,18,38837,80,yellow,N,X,S,yellow,N,X
HH,18,38941,2720,yellow,N,X,G,orange,R,H
HH,18,41854,1867,yellow,N,X,G,orange,R,H
HH,18,43902,272,yellow,N,X,G,orange,R,H
HH,18,44526,724,yellow,N,X,G,orange,R,H
HH,18,45335,700,yellow,N,X,G,green,N,X
HH,18,46073,102,yellow,N,X,G,orange,R,H
HH,18,46266,95,yellow,N,X,G,green,N,X
HH,18,47233,1113,yellow,N,X,G,purple,G,H
HH,18,48384,14,yellow,N,X,G,purple,G,H
HH,18,48567,21,yellow,N,X,S,yellow,N,X
HH,18,48752,24,yellow,N,X,S,yellow,N,X
HH,18,48977,625,yellow,N,X,G,purple,G,H
HH,18,49969,831,yellow,N,X,G,purple,G,H
HH,18,50925,13,yellow,N,X,S,yellow,N,X
HH,18,51083,19,yellow,N,X,S,yellow,N,X
HH,18,51148,45,yellow,N,X,G,green,N,X
HH,18,51284,90,yellow,N,X,S,yellow,N,X
HH,18,51705,479,yellow,N,X,G,green,N,X
HH,18,52369,392,yellow,N,X,G,green,N,X
HH,18,52840,310,yellow,N,X,G,blue,N,X
HH,18,56564,75,yellow,N,X,S,yellow,N,X
HH,18,65328,793,yellow,N,X,G,purple,G,H
HH,18,66384,42,yellow,N,X,S,yellow,N,X
HH,18,66592,19,yellow,N,X,S,yellow,N,X
HH,18,66677,53,yellow,N,X,S,yellow,N,X
HH,18,66966,55,yellow,N,X,S,yellow,N,X
HH,18,67344,21,yellow,N,X,G,green,N,X
HH,18,67729,355,yellow,N,X,G,green,N,X
HH,18,68151,652,yellow,N,X,G,green,N,X
HH,18,68803,4302,yellow,N,X,G,orange,R,H
HH,18,73379,638,yellow,N,X,G,orange,R,H
HH,18,74220,437,yellow,N,X,G,orange,R,H
HH,18,75705,1171,yellow,N,X,G,orange,R,H
HH,18,76876,66,yellow,N,X,S,yellow,N,X
HH,18,76942,357,yellow,N,X,G,orange,R,H
HH,18,77513,424,yellow,N,X,S,yellow,N,X
HH,18,77941,1518,yellow,N,X,G,orange,R,H
HH,18,79647,54,yellow,N,X,S,yellow,N,X
HH,18,80320,100,yellow,N,X,S,yellow,N,X
HH,18,81145,48,yellow,N,X,S,yellow,N,X
HH,18,3483,14,orange,R,H,S,orange,R,H
HH,18,22022,30,orange,R,H,S,orange,R,H
HH,18,25655,129,orange,R,H,S,orange,R,H
HH,18,47285,62,orange,R,H,S,orange,R,H
HH,18,50835,22,orange,R,H,S,orange,R,H
HH,18,50916,461,orange,R,H,S,orange,R,H
HH,18,55757,28,orange,R,H,S,orange,R,H
HH,18,55861,24,orange,R,H,S,orange,R,H
HH,18,57311,106,orange,R,H,S,orange,R,H
HH,18,57550,306,orange,R,H,S,orange,R,H
HH,18,57915,127,orange,R,H,S,orange,R,H
HH,18,1116,20,red,N,X,S,red,N,X
HH,18,1226,2274,red,N,X,G,purple,G,H
HH,18,3513,221,red,N,X,G,purple,G,H
HH,18,3969,369,red,N,X,G,blue,N,X
HH,18,4364,1782,red,N,X,G,orange,R,H
HH,18,6218,735,red,N,X,G,orange,R,H
HH,18,7556,3599,red,N,X,G,orange,R,H
HH,18,11272,1270,red,N,X,G,orange,R,H
HH,18,12626,563,red,N,X,G,orange,R,H
HH,18,13283,776,red,N,X,G,orange,R,H
HH,18,14864,32,red,N,X,S,red,N,X
HH,18,14910,854,red,N,X,G,orange,R,H
HH,18,15990,885,red,N,X,G,orange,R,H
HH,18,17044,654,red,N,X,G,orange,R,H
HH,18,17801,898,red,N,X,G,orange,R,H
HH,18,18813,410,red,N,X,G,orange,R,H
HH,18,19250,239,red,N,X,G,orange,R,H
HH,18,19735,700,red,N,X,G,orange,R,H
HH,18,20530,1003,red,N,X,G,orange,R,H
HH,18,22117,47,red,N,X,G,blue,N,X
HH,18,22212,33,red,N,X,S,red,N,X
HH,18,22459,2871,red,N,X,G,orange,R,H
HH,18,25711,986,red,N,X,G,purple,G,H
HH,18,27637,20,red,N,X,S,red,N,X
HH,18,27948,778,red,N,X,G,blue,N,X
HH,18,28734,420,red,N,X,G,orange,R,H
HH,18,29717,1256,red,N,X,G,purple,G,H
HH,18,31228,18,red,N,X,S,red,N,X
HH,18,31308,17,red,N,X,S,red,N,X
HH,18,31432,538,red,N,X,G,blue,N,X
HH,18,32169,557,red,N,X,G,blue,N,X
HH,18,32726,2157,red,N,X,G,orange,R,H
HH,18,35063,644,red,N,X,G,orange,R,H
HH,18,35775,250,red,N,X,G,orange,R,H
HH,18,36181,78,red,N,X,G,green,N,X
HH,18,36357,21,red,N,X,S,red,N,X
HH,18,36471,186,red,N,X,G,yellow,N,X
HH,18,36946,1475,red,N,X,G,orange,R,H
HH,18,38712,68,red,N,X,S,red,N,X
HH,18,38983,32,red,N,X,S,red,N,X
HH,18,39444,142,red,N,X,S,red,N,X
HH,18,40014,23,red,N,X,G,purple,G,H
HH,18,40099,1319,red,N,X,G,purple,G,H
HH,18,42564,11,red,N,X,S,red,N,X
HH,18,42665,16,red,N,X,S,red,N,X
HH,18,43051,66,red,N,X,S,red,N,X
HH,18,43251,27,red,N,X,S,red,N,X
HH,18,43393,62,red,N,X,S,red,N,X
HH,18,44333,539,red,N,X,G,orange,R,H
HH,18,44895,940,red,N,X,G,purple,G,H
HH,18,45983,6,red,N,X,S,red,N,X
HH,18,46106,371,red,N,X,G,orange,R,H
HH,18,46629,452,red,N,X,G,orange,R,H
HH,18,47176,9,red,N,X,S,red,N,X
HH,18,47349,361,red,N,X,G,orange,R,H
HH,18,48002,27,red,N,X,S,red,N,X
HH,18,48057,842,red,N,X,G,orange,R,H
HH,18,49080,13,red,N,X,S,red,N,X
HH,18,49179,495,red,N,X,G,orange,R,H
HH,18,49674,87,red,N,X,S,red,N,X
HH,18,49905,33,red,N,X,G,orange,R,H
HH,18,50028,171,red,N,X,S,red,N,X
HH,18,50634,85,red,N,X,S,red,N,X
HH,18,50952,104,red,N,X,S,red,N,X
HH,18,52511,49,red,N,X,S,red,N,X
HH,18,52599,26,red,N,X,G,yellow,N,X
HH,18,53241,141,red,N,X,G,yellow,N,X
HH,18,53400,808,red,N,X,G,orange,R,H
HH,18,54458,578,red,N,X,G,orange,R,H
HH,18,55206,18,red,N,X,S,red,N,X
HH,18,55274,17,red,N,X,S,red,N,X
HH,18,55414,94,red,N,X,G,green,N,X
HH,18,55649,19,red,N,X,S,red,N,X
HH,18,55695,21,red,N,X,S,red,N,X
HH,18,56972,41,red,N,X,S,red,N,X
HH,18,57079,110,red,N,X,S,red,N,X
HH,18,57425,35,red,N,X,S,red,N,X
HH,18,57482,73,red,N,X,S,red,N,X
HH,18,57768,95,red,N,X,G,purple,G,H
HH,18,58533,76,red,N,X,S,red,N,X
HH,18,59133,59,red,N,X,S,red,N,X
HH,18,59245,24,red,N,X,S,red,N,X
HH,18,59290,125,red,N,X,G,purple,G,H
HH,18,59479,2245,red,N,X,G,purple,G,H
HH,18,61796,347,red,N,X,G,purple,G,H
HH,18,62185,1164,red,N,X,G,purple,G,H
HH,18,64114,33,red,N,X,S,red,N,X
HH,18,64334,78,red,N,X,S,red,N,X
HH,18,65048,14,red,N,X,S,red,N,X
HH,18,67114,45,red,N,X,S,red,N,X
HH,18,67186,112,red,N,X,G,green,N,X
HH,18,67598,37,red,N,X,G,green,N,X
HH,18,68351,19,red,N,X,S,red,N,X
HH,18,68460,30,red,N,X,S,red,N,X
HH,18,68523,2183,red,N,X,G,orange,R,H
HH,18,70997,22,red,N,X,S,red,N,X
HH,18,71920,26,red,N,X,S,red,N,X
HH,18,72007,49,red,N,X,S,red,N,X
HH,18,72164,42,red,N,X,S,red,N,X
HH,18,73672,34,red,N,X,S,red,N,X
HH,18,73758,21,red,N,X,S,red,N,X
HH,18,73796,43,red,N,X,S,red,N,X
HH,18,73918,106,red,N,X,S,red,N,X
HH,18,74312,321,red,N,X,G,orange,R,H
HH,18,75266,28,red,N,X,S,red,N,X
HH,18,76743,28,red,N,X,S,red,N,X
HH,18,76989,22,red,N,X,S,red,N,X
HH,18,77374,25,red,N,X,S,red,N,X
HH,18,77682,21,red,N,X,G,orange,R,H
HH,18,78196,388,red,N,X,G,orange,R,H
HH,18,78934,21,red,N,X,S,red,N,X
HH,18,79306,856,red,N,X,G,orange,R,H
HH,18,80688,26,red,N,X,S,red,N,X
HH,18,81171,23,red,N,X,S,red,N,X
HH,18,81382,141,red,N,X,G,green,N,X
HH,18,7806,46,purple,G,H,S,purple,G,H
HH,18,13193,32,purple,G,H,S,purple,G,H
HH,18,19368,525,purple,G,H,S,purple,G,H
HH,18,19998,1912,purple,G,H,S,purple,G,H
HH,18,23159,1863,purple,G,H,S,purple,G,H
HH,18,26789,350,purple,G,H,S,purple,G,H
HH,18,27374,257,purple,G,H,S,purple,G,H
HH,18,27683,39,purple,G,H,S,purple,G,H
HH,18,38580,60,purple,G,H,S,purple,G,H
HH,18,39015,368,purple,G,H,G,red,N,X
HH,18,39472,164,purple,G,H,S,purple,G,H
HH,18,40063,135,purple,G,H,G,blue,N,X
HH,18,41626,34,purple,G,H,S,purple,G,H
HH,18,41815,206,purple,G,H,G,blue,N,X
HH,18,42275,37,purple,G,H,S,purple,G,H
HH,18,42336,641,purple,G,H,G,blue,N,X
HH,18,43177,187,purple,G,H,G,blue,N,X
HH,18,43380,1540,purple,G,H,G,orange,R,H
HH,18,45936,564,purple,G,H,G,orange,R,H
HH,18,46741,166,purple,G,H,G,yellow,N,X
HH,18,47407,447,purple,G,H,G,orange,R,H
HH,18,48495,26,purple,G,H,S,purple,G,H
HH,18,48881,88,purple,G,H,G,green,N,X
HH,18,50935,13,purple,G,H,S,purple,G,H
HH,18,50986,18,purple,G,H,S,purple,G,H
HH,18,51755,58,purple,G,H,S,purple,G,H
HH,18,51840,763,purple,G,H,G,orange,R,H
HH,18,53040,506,purple,G,H,G,green,N,X
HH,18,53560,294,purple,G,H,G,orange,R,H
HH,18,53965,61,purple,G,H,S,purple,G,H
HH,18,54032,632,purple,G,H,G,green,N,X
HH,18,55120,287,purple,G,H,G,orange,R,H
HH,18,55764,1073,purple,G,H,G,red,N,X
HH,18,57086,18,purple,G,H,S,purple,G,H
HH,18,57145,574,purple,G,H,G,green,N,X
HH,18,57933,14,purple,G,H,S,purple,G,H
HH,18,58432,904,purple,G,H,G,green,N,X
HH,18,63647,59,purple,G,H,G,red,N,X
HH,18,63734,144,purple,G,H,S,purple,G,H
HH,18,64239,551,purple,G,H,G,yellow,N,X
HH,18,64989,370,purple,G,H,G,green,N,X
HH,18,66271,55,purple,G,H,S,purple,G,H
HH,18,66430,17,purple,G,H,S,purple,G,H
HH,18,67178,18,purple,G,H,S,purple,G,H
HH,18,69193,14,purple,G,H,S,purple,G,H
HH,18,69244,29,purple,G,H,S,purple,G,H
HH,18,70222,13,purple,G,H,S,purple,G,H
HH,18,71982,38,purple,G,H,S,purple,G,H
HH,18,72077,473,purple,G,H,G,yellow,N,X
HH,18,72636,9,purple,G,H,S,purple,G,H
HH,18,72723,11,purple,G,H,S,purple,G,H
HH,18,72789,63,purple,G,H,S,purple,G,H
HH,18,72914,1181,purple,G,H,G,yellow,N,X
HH,18,74419,704,purple,G,H,G,yellow,N,X
HH,18,75363,34,purple,G,H,S,purple,G,H
HH,18,76061,14,purple,G,H,S,purple,G,H
HH,18,76471,15,purple,G,H,S,purple,G,H
HH,18,77365,28,purple,G,H,S,purple,G,H
HH,18,77938,20,purple,G,H,S,purple,G,H
HH,18,78017,29,purple,G,H,S,purple,G,H
HH,18,78442,98,purple,G,H,G,red,N,X
HH,18,78545,1216,purple,G,H,G,orange,R,H
HH,18,79872,36,purple,G,H,S,purple,G,H
HH,18,79958,13,purple,G,H,S,purple,G,H
HH,18,80195,191,purple,G,H,G,red,N,X
HH,18,81458,13,purple,G,H,S,purple,G,H
HH,18,81515,8,purple,G,H,S,purple,G,H
HH,18,1245,53,blue,N,X,G,purple,G,H
HH,18,1368,23,blue,N,X,G,purple,G,H
HH,18,2578,13,blue,N,X,S,blue,N,X
HH,18,3483,1424,blue,N,X,G,orange,R,H
HH,18,5172,406,blue,N,X,G,purple,G,H
HH,18,5600,1628,blue,N,X,G,purple,G,H
HH,18,7429,231,blue,N,X,G,purple,G,H
HH,18,7951,1349,blue,N,X,G,purple,G,H
HH,18,9372,208,blue,N,X,G,purple,G,H
HH,18,9646,739,blue,N,X,G,purple,G,H
HH,18,10541,1031,blue,N,X,G,purple,G,H
HH,18,11786,1269,blue,N,X,G,purple,G,H
HH,18,13602,146,blue,N,X,G,orange,R,H
HH,18,13806,774,blue,N,X,G,orange,R,H
HH,18,14920,2403,blue,N,X,G,purple,G,H
HH,18,17611,874,blue,N,X,G,purple,G,H
HH,18,18630,28,blue,N,X,S,blue,N,X
HH,18,20095,99,blue,N,X,S,blue,N,X
HH,18,20235,393,blue,N,X,G,orange,R,H
HH,18,21131,16,blue,N,X,S,blue,N,X
HH,18,25773,1910,blue,N,X,G,orange,R,H
HH,18,28801,1018,blue,N,X,G,orange,R,H
HH,18,30007,1525,blue,N,X,G,orange,R,H
HH,18,32850,1550,blue,N,X,G,orange,R,H
HH,18,36196,102,blue,N,X,S,blue,N,X
HH,18,36469,407,blue,N,X,G,orange,R,H
HH,18,46638,498,blue,N,X,G,orange,R,H
HH,18,71276,17,blue,N,X,S,blue,N,X
HH,18,75200,20,blue,N,X,S,blue,N,X
HH,18,1030,13,green,N,X,S,green,N,X
HH,18,1652,32,green,N,X,S,green,N,X
HH,18,2075,239,green,N,X,G,orange,R,H
HH,18,2856,1169,green,N,X,G,purple,G,H
HH,18,4147,226,green,N,X,G,purple,G,H
HH,18,4484,512,green,N,X,G,orange,R,H
HH,18,5198,499,green,N,X,G,purple,G,H
HH,18,5910,276,green,N,X,G,orange,R,H
HH,18,6617,118,green,N,X,G,blue,N,X
HH,18,7072,516,green,N,X,G,purple,G,H
HH,18,8564,133,green,N,X,G,orange,R,H
HH,18,12390,472,green,N,X,G,orange,R,H
HH,18,13721,257,green,N,X,G,orange,R,H
HH,18,15046,2476,green,N,X,G,orange,R,H
HH,18,17940,551,green,N,X,G,orange,R,H
HH,18,18520,592,green,N,X,G,orange,R,H
HH,18,22604,418,green,N,X,G,orange,R,H
HH,18,23077,95,green,N,X,G,orange,R,H
HH,18,27086,1100,green,N,X,G,orange,R,H
HH,18,28552,1185,green,N,X,G,orange,R,H
HH,18,30242,502,green,N,X,G,orange,R,H
HH,18,36269,513,green,N,X,G,orange,R,H
HH,18,50839,212,green,N,X,G,blue,N,X
HH,18,51132,80,green,N,X,G,blue,N,X
HH,18,55274,211,green,N,X,G,yellow,N,X
HH,18,55705,308,green,N,X,G,yellow,N,X
HH,18,56121,107,green,N,X,S,green,N,X
HH,18,56638,178,green,N,X,G,blue,N,X
HH,18,56830,111,green,N,X,G,red,N,X
HH,18,28,1,yellow,N,X,A,yellow,N,X
HH,18,135,1,yellow,N,X,A,yellow,N,X
HH,18,154,1,yellow,N,X,A,yellow,N,X
HH,18,176,1,yellow,N,X,A,yellow,N,X
HH,18,195,1,yellow,N,X,A,yellow,N,X
HH,18,258,1,yellow,N,X,A,yellow,N,X
HH,18,283,1,yellow,N,X,A,yellow,N,X
HH,18,302,1,yellow,N,X,A,yellow,N,X
HH,18,326,1,yellow,N,X,A,yellow,N,X
HH,18,350,1,yellow,N,X,A,yellow,N,X
HH,18,376,1,yellow,N,X,A,yellow,N,X
HH,18,400,1,yellow,N,X,A,yellow,N,X
HH,18,415,1,yellow,N,X,A,yellow,N,X
HH,18,443,1,yellow,N,X,A,yellow,N,X
HH,18,466,1,yellow,N,X,A,yellow,N,X
HH,18,490,1,yellow,N,X,A,yellow,N,X
HH,18,517,1,yellow,N,X,A,yellow,N,X
HH,18,537,1,yellow,N,X,A,yellow,N,X
HH,18,562,1,yellow,N,X,A,yellow,N,X
HH,18,583,1,yellow,N,X,A,yellow,N,X
HH,18,605,1,yellow,N,X,A,yellow,N,X
HH,18,626,1,yellow,N,X,A,yellow,N,X
HH,18,648,1,yellow,N,X,A,yellow,N,X
HH,18,679,35,yellow,N,X,H,yellow,N,X
HH,18,898,1,yellow,N,X,A,yellow,N,X
HH,18,923,1,yellow,N,X,A,yellow,N,X
HH,18,947,1,yellow,N,X,A,yellow,N,X
HH,18,1093,1,yellow,N,X,A,yellow,N,X
HH,18,1115,1,yellow,N,X,A,yellow,N,X
HH,18,1139,1,yellow,N,X,A,yellow,N,X
HH,18,1394,1,yellow,N,X,A,yellow,N,X
HH,18,1416,1,yellow,N,X,A,yellow,N,X
HH,18,1438,1,yellow,N,X,A,yellow,N,X
HH,18,1457,1,yellow,N,X,A,yellow,N,X
HH,18,1539,1,yellow,N,X,A,yellow,N,X
HH,18,1573,133,yellow,N,X,H,yellow,N,X
HH,18,1706,93,yellow,N,X,R,yellow,N,X
HH,18,1848,1,yellow,N,X,A,yellow,N,X
HH,18,1869,41,yellow,N,X,H,yellow,N,X
HH,18,2300,1,yellow,N,X,A,yellow,N,X
HH,18,2310,137,yellow,N,X,H,yellow,N,X
HH,18,2486,1,yellow,N,X,A,yellow,N,X
HH,18,2519,1,yellow,N,X,A,yellow,N,X
HH,18,2541,112,yellow,N,X,H,yellow,N,X
HH,18,2868,328,yellow,N,X,H,yellow,N,X
HH,18,3800,1,yellow,N,X,A,yellow,N,X
HH,18,3830,1,yellow,N,X,A,yellow,N,X
HH,18,12148,1,yellow,N,X,A,yellow,N,X
HH,18,12161,1,yellow,N,X,A,yellow,N,X
HH,18,12200,1,yellow,N,X,A,yellow,N,X
HH,18,12236,1,yellow,N,X,A,yellow,N,X
HH,18,12269,1,yellow,N,X,A,yellow,N,X
HH,18,12318,1,yellow,N,X,A,yellow,N,X
HH,18,12352,1,yellow,N,X,A,yellow,N,X
HH,18,12380,1,yellow,N,X,A,yellow,N,X
HH,18,12399,1,yellow,N,X,A,yellow,N,X
HH,18,12438,1,yellow,N,X,A,yellow,N,X
HH,18,12462,1,yellow,N,X,A,yellow,N,X
HH,18,12488,1,yellow,N,X,A,yellow,N,X
HH,18,12510,1509,yellow,N,X,H,yellow,N,X
HH,18,28609,1,yellow,N,X,A,yellow,N,X
HH,18,29420,1,yellow,N,X,A,yellow,N,X
HH,18,29438,1,yellow,N,X,A,yellow,N,X
HH,18,29450,1,yellow,N,X,A,yellow,N,X
HH,18,29522,1,yellow,N,X,A,yellow,N,X
HH,18,30067,92,yellow,N,X,H,yellow,N,X
HH,18,30263,1,yellow,N,X,A,yellow,N,X
HH,18,30285,1,yellow,N,X,A,yellow,N,X
HH,18,30308,1,yellow,N,X,A,yellow,N,X
HH,18,30310,41,yellow,N,X,H,yellow,N,X
HH,18,33229,1,yellow,N,X,A,yellow,N,X
HH,18,33243,1,yellow,N,X,A,yellow,N,X
HH,18,33258,1,yellow,N,X,A,yellow,N,X
HH,18,33273,113,yellow,N,X,H,yellow,N,X
HH,18,33572,1,yellow,N,X,A,yellow,N,X
HH,18,33603,1,yellow,N,X,A,yellow,N,X
HH,18,33624,136,yellow,N,X,H,yellow,N,X
HH,18,33876,1,yellow,N,X,A,yellow,N,X
HH,18,34939,1,yellow,N,X,A,yellow,N,X
HH,18,35425,171,yellow,N,X,H,yellow,N,X
HH,18,38324,1,yellow,N,X,A,yellow,N,X
HH,18,38343,1,yellow,N,X,A,yellow,N,X
HH,18,38360,1,yellow,N,X,A,yellow,N,X
HH,18,38523,1,yellow,N,X,A,yellow,N,X
HH,18,38546,1,yellow,N,X,A,yellow,N,X
HH,18,38572,1,yellow,N,X,A,yellow,N,X
HH,18,38600,1,yellow,N,X,A,yellow,N,X
HH,18,38622,1,yellow,N,X,A,yellow,N,X
HH,18,38646,1,yellow,N,X,A,yellow,N,X
HH,18,38655,182,yellow,N,X,H,yellow,N,X
HH,18,41662,122,yellow,N,X,H,yellow,N,X
HH,18,43753,1,yellow,N,X,A,yellow,N,X
HH,18,43788,1,yellow,N,X,A,yellow,N,X
HH,18,43810,1,yellow,N,X,A,yellow,N,X
HH,18,43841,1,yellow,N,X,A,yellow,N,X
HH,18,43871,1,yellow,N,X,A,yellow,N,X
HH,18,43894,1,yellow,N,X,A,yellow,N,X
HH,18,44227,1,yellow,N,X,A,yellow,N,X
HH,18,44257,1,yellow,N,X,A,yellow,N,X
HH,18,44276,219,yellow,N,X,H,yellow,N,X
HH,18,45273,58,yellow,N,X,H,yellow,N,X
HH,18,46214,1,yellow,N,X,A,yellow,N,X
HH,18,46233,1,yellow,N,X,A,yellow,N,X
HH,18,46255,1,yellow,N,X,A,yellow,N,X
HH,18,46604,1,yellow,N,X,A,yellow,N,X
HH,18,48415,152,yellow,N,X,H,yellow,N,X
HH,18,48588,164,yellow,N,X,H,yellow,N,X
HH,18,48776,75,yellow,N,X,H,yellow,N,X
HH,18,48851,106,yellow,N,X,R,yellow,N,X
HH,18,49827,136,yellow,N,X,H,yellow,N,X
HH,18,50938,145,yellow,N,X,H,yellow,N,X
HH,18,51374,168,yellow,N,X,H,yellow,N,X
HH,18,53234,1,yellow,N,X,A,yellow,N,X
HH,18,56537,1,yellow,N,X,A,yellow,N,X
HH,18,56639,1,yellow,N,X,A,yellow,N,X
HH,18,56679,1,yellow,N,X,A,yellow,N,X
HH,18,56707,1,yellow,N,X,A,yellow,N,X
HH,18,56709,73,yellow,N,X,H,yellow,N,X
HH,18,64914,1,yellow,N,X,A,yellow,N,X
HH,18,65052,230,yellow,N,X,H,yellow,N,X
HH,18,66308,76,yellow,N,X,H,yellow,N,X
HH,18,66426,166,yellow,N,X,H,yellow,N,X
HH,18,66629,48,yellow,N,X,H,yellow,N,X
HH,18,66730,153,yellow,N,X,R,yellow,N,X
HH,18,67121,66,yellow,N,X,H,yellow,N,X
HH,18,73354,1,yellow,N,X,A,yellow,N,X
HH,18,74137,1,yellow,N,X,A,yellow,N,X
HH,18,74170,1,yellow,N,X,A,yellow,N,X
HH,18,74196,1,yellow,N,X,A,yellow,N,X
HH,18,75239,1,yellow,N,X,A,yellow,N,X
HH,18,75262,1,yellow,N,X,A,yellow,N,X
HH,18,75284,1,yellow,N,X,A,yellow,N,X
HH,18,75436,75,yellow,N,X,H,yellow,N,X
HH,18,77450,1,yellow,N,X,A,yellow,N,X
HH,18,77473,1,yellow,N,X,A,yellow,N,X
HH,18,77501,1,yellow,N,X,A,yellow,N,X
HH,18,79474,1,yellow,N,X,A,yellow,N,X
HH,18,79500,1,yellow,N,X,A,yellow,N,X
HH,18,79519,1,yellow,N,X,A,yellow,N,X
HH,18,79542,1,yellow,N,X,A,yellow,N,X
HH,18,79558,1,yellow,N,X,A,yellow,N,X
HH,18,79581,1,yellow,N,X,A,yellow,N,X
HH,18,79593,1,yellow,N,X,A,yellow,N,X
HH,18,79606,1,yellow,N,X,A,yellow,N,X
HH,18,79627,1,yellow,N,X,A,yellow,N,X
HH,18,79701,619,yellow,N,X,H,yellow,N,X
HH,18,80420,251,yellow,N,X,H,yellow,N,X
HH,18,80826,1,yellow,N,X,A,yellow,N,X
HH,18,80864,1,yellow,N,X,A,yellow,N,X
HH,18,80878,267,yellow,N,X,H,yellow,N,X
HH,18,81235,249,yellow,N,X,H,yellow,N,X
HH,18,0,305,orange,R,H,H,orange,R,H
HH,18,366,102,orange,R,H,H,orange,R,H
HH,18,535,1,orange,R,H,A,orange,R,H
HH,18,562,1,orange,R,H,A,orange,R,H
HH,18,606,1,orange,R,H,A,orange,R,H
HH,18,649,1,orange,R,H,A,orange,R,H
HH,18,701,1,orange,R,H,A,orange,R,H
HH,18,724,194,orange,R,H,H,orange,R,H
HH,18,1069,1,orange,R,H,A,orange,R,H
HH,18,1099,1,orange,R,H,A,orange,R,H
HH,18,1108,997,orange,R,H,H,orange,R,H
HH,18,2132,106,orange,R,H,H,orange,R,H
HH,18,2283,1,orange,R,H,A,orange,R,H
HH,18,2564,1,orange,R,H,A,orange,R,H
HH,18,2585,1,orange,R,H,A,orange,R,H
HH,18,2606,1,orange,R,H,A,orange,R,H
HH,18,2628,1,orange,R,H,A,orange,R,H
HH,18,2653,1,orange,R,H,A,orange,R,H
HH,18,2676,1,orange,R,H,A,orange,R,H
HH,18,2699,1,orange,R,H,A,orange,R,H
HH,18,2723,1,orange,R,H,A,orange,R,H
HH,18,2746,1,orange,R,H,A,orange,R,H
HH,18,2755,1,orange,R,H,A,orange,R,H
HH,18,2793,1,orange,R,H,A,orange,R,H
HH,18,2814,1,orange,R,H,A,orange,R,H
HH,18,2838,1,orange,R,H,A,orange,R,H
HH,18,2862,1,orange,R,H,A,orange,R,H
HH,18,2887,1,orange,R,H,A,orange,R,H
HH,18,2923,1,orange,R,H,A,orange,R,H
HH,18,2945,1,orange,R,H,A,orange,R,H
HH,18,2973,1,orange,R,H,A,orange,R,H
HH,18,2997,1,orange,R,H,A,orange,R,H
HH,18,3022,1,orange,R,H,A,orange,R,H
HH,18,3048,1,orange,R,H,A,orange,R,H
HH,18,3075,1,orange,R,H,A,orange,R,H
HH,18,3082,75,orange,R,H,H,orange,R,H
HH,18,4271,93,orange,R,H,H,orange,R,H
HH,18,7183,379,orange,R,H,H,orange,R,H
HH,18,14688,236,orange,R,H,H,orange,R,H
HH,18,22052,395,orange,R,H,H,orange,R,H
HH,18,22447,138,orange,R,H,R,orange,R,H
HH,18,38487,1,orange,R,H,A,orange,R,H
HH,18,38507,1,orange,R,H,A,orange,R,H
HH,18,38515,321,orange,R,H,H,orange,R,H
HH,18,45581,69,orange,R,H,H,orange,R,H
HH,18,47951,1,orange,R,H,A,orange,R,H
HH,18,47970,1,orange,R,H,A,orange,R,H
HH,18,47973,106,orange,R,H,H,orange,R,H
HH,18,49131,1,orange,R,H,A,orange,R,H
HH,18,49154,1,orange,R,H,A,orange,R,H
HH,18,49751,1,orange,R,H,A,orange,R,H
HH,18,49824,1,orange,R,H,A,orange,R,H
HH,18,49844,1,orange,R,H,A,orange,R,H
HH,18,49865,1,orange,R,H,A,orange,R,H
HH,18,49888,1,orange,R,H,A,orange,R,H
HH,18,49911,1,orange,R,H,A,orange,R,H
HH,18,50068,1,orange,R,H,A,orange,R,H
HH,18,50079,270,orange,R,H,H,orange,R,H
HH,18,50349,101,orange,R,H,R,orange,R,H
HH,18,50491,1,orange,R,H,A,orange,R,H
HH,18,50515,1,orange,R,H,A,orange,R,H
HH,18,50540,1,orange,R,H,A,orange,R,H
HH,18,50577,1,orange,R,H,A,orange,R,H
HH,18,51480,1,orange,R,H,A,orange,R,H
HH,18,51502,1,orange,R,H,A,orange,R,H
HH,18,51509,334,orange,R,H,H,orange,R,H
HH,18,52692,1,orange,R,H,A,orange,R,H
HH,18,52729,1,orange,R,H,A,orange,R,H
HH,18,52856,1,orange,R,H,A,orange,R,H
HH,18,52887,1,orange,R,H,A,orange,R,H
HH,18,52899,281,orange,R,H,H,orange,R,H
HH,18,53180,223,orange,R,H,R,orange,R,H
HH,18,55602,1,orange,R,H,A,orange,R,H
HH,18,55625,1,orange,R,H,A,orange,R,H
HH,18,55646,1,orange,R,H,A,orange,R,H
HH,18,55653,104,orange,R,H,H,orange,R,H
HH,18,55913,1,orange,R,H,A,orange,R,H
HH,18,55941,1,orange,R,H,A,orange,R,H
HH,18,56642,1,orange,R,H,A,orange,R,H
HH,18,56666,1,orange,R,H,A,orange,R,H
HH,18,56703,1,orange,R,H,A,orange,R,H
HH,18,56738,1,orange,R,H,A,orange,R,H
HH,18,56784,233,orange,R,H,H,orange,R,H
HH,18,57417,133,orange,R,H,H,orange,R,H
HH,18,77423,248,orange,R,H,H,orange,R,H
HH,18,30,1,red,N,X,A,red,N,X
HH,18,140,1,red,N,X,A,red,N,X
HH,18,214,1,red,N,X,A,red,N,X
HH,18,234,1,red,N,X,A,red,N,X
HH,18,256,1,red,N,X,A,red,N,X
HH,18,276,1,red,N,X,A,red,N,X
HH,18,446,1,red,N,X,A,red,N,X
HH,18,466,1,red,N,X,A,red,N,X
HH,18,487,1,red,N,X,A,red,N,X
HH,18,509,1,red,N,X,A,red,N,X
HH,18,528,1,red,N,X,A,red,N,X
HH,18,550,1,red,N,X,A,red,N,X
HH,18,563,1,red,N,X,A,red,N,X
HH,18,662,1,red,N,X,A,red,N,X
HH,18,682,1,red,N,X,A,red,N,X
HH,18,699,1,red,N,X,A,red,N,X
HH,18,751,1,red,N,X,A,red,N,X
HH,18,768,1,red,N,X,A,red,N,X
HH,18,789,1,red,N,X,A,red,N,X
HH,18,807,1,red,N,X,A,red,N,X
HH,18,925,1,red,N,X,A,red,N,X
HH,18,943,1,red,N,X,A,red,N,X
HH,18,963,1,red,N,X,A,red,N,X
HH,18,987,1,red,N,X,A,red,N,X
HH,18,1008,1,red,N,X,A,red,N,X
HH,18,1083,1,red,N,X,A,red,N,X
HH,18,1106,1,red,N,X,A,red,N,X
HH,18,1142,12,red,N,X,H,red,N,X
HH,18,3505,1,red,N,X,A,red,N,X
HH,18,3804,1,red,N,X,A,red,N,X
HH,18,3829,1,red,N,X,A,red,N,X
HH,18,3852,1,red,N,X,A,red,N,X
HH,18,3869,1,red,N,X,A,red,N,X
HH,18,3923,1,red,N,X,A,red,N,X
HH,18,3933,1,red,N,X,A,red,N,X
HH,18,3944,1,red,N,X,A,red,N,X
HH,18,3955,1,red,N,X,A,red,N,X
HH,18,6151,64,red,N,X,H,red,N,X
HH,18,6966,41,red,N,X,H,red,N,X
HH,18,7060,1,red,N,X,A,red,N,X
HH,18,7276,1,red,N,X,A,red,N,X
HH,18,7301,1,red,N,X,A,red,N,X
HH,18,7320,1,red,N,X,A,red,N,X
HH,18,7343,1,red,N,X,A,red,N,X
HH,18,7363,1,red,N,X,A,red,N,X
HH,18,7384,1,red,N,X,A,red,N,X
HH,18,7404,1,red,N,X,A,red,N,X
HH,18,7426,1,red,N,X,A,red,N,X
HH,18,7447,1,red,N,X,A,red,N,X
HH,18,7492,1,red,N,X,A,red,N,X
HH,18,7513,1,red,N,X,A,red,N,X
HH,18,7537,1,red,N,X,A,red,N,X
HH,18,7555,1,red,N,X,A,red,N,X
HH,18,11184,1,red,N,X,A,red,N,X
HH,18,11208,1,red,N,X,A,red,N,X
HH,18,11238,1,red,N,X,A,red,N,X
HH,18,11264,1,red,N,X,A,red,N,X
HH,18,12576,1,red,N,X,A,red,N,X
HH,18,12602,1,red,N,X,A,red,N,X
HH,18,12625,1,red,N,X,A,red,N,X
HH,18,13225,1,red,N,X,A,red,N,X
HH,18,13245,1,red,N,X,A,red,N,X
HH,18,13266,1,red,N,X,A,red,N,X
HH,18,14069,120,red,N,X,H,red,N,X
HH,18,14350,125,red,N,X,H,red,N,X
HH,18,14619,41,red,N,X,H,red,N,X
HH,18,14665,1,red,N,X,A,red,N,X
HH,18,14691,1,red,N,X,A,red,N,X
HH,18,14715,1,red,N,X,A,red,N,X
HH,18,14734,1,red,N,X,A,red,N,X
HH,18,14749,1,red,N,X,A,red,N,X
HH,18,14757,33,red,N,X,H,red,N,X
HH,18,14828,36,red,N,X,H,red,N,X
HH,18,15780,206,red,N,X,H,red,N,X
HH,18,16884,147,red,N,X,H,red,N,X
HH,18,17736,29,red,N,X,H,red,N,X
HH,18,18725,86,red,N,X,H,red,N,X
HH,18,19514,215,red,N,X,H,red,N,X
HH,18,20454,72,red,N,X,H,red,N,X
HH,18,21557,33,red,N,X,H,red,N,X
HH,18,21921,170,red,N,X,H,red,N,X
HH,18,22259,1,red,N,X,A,red,N,X
HH,18,22276,1,red,N,X,A,red,N,X
HH,18,22286,15,red,N,X,H,red,N,X
HH,18,22301,117,red,N,X,R,red,N,X
HH,18,25346,220,red,N,X,H,red,N,X
HH,18,26730,124,red,N,X,H,red,N,X
HH,18,26934,237,red,N,X,H,red,N,X
HH,18,27484,1,red,N,X,A,red,N,X
HH,18,27503,1,red,N,X,A,red,N,X
HH,18,27538,1,red,N,X,A,red,N,X
HH,18,27564,1,red,N,X,A,red,N,X
HH,18,27584,1,red,N,X,A,red,N,X
HH,18,27657,155,red,N,X,H,red,N,X
HH,18,27812,87,red,N,X,R,red,N,X
HH,18,29198,1,red,N,X,A,red,N,X
HH,18,29221,1,red,N,X,A,red,N,X
HH,18,29242,1,red,N,X,A,red,N,X
HH,18,29263,35,red,N,X,H,red,N,X
HH,18,29341,1,red,N,X,A,red,N,X
HH,18,29361,1,red,N,X,A,red,N,X
HH,18,29509,1,red,N,X,A,red,N,X
HH,18,29518,80,red,N,X,H,red,N,X
HH,18,29610,14,red,N,X,H,red,N,X
HH,18,30985,44,red,N,X,H,red,N,X
HH,18,31055,105,red,N,X,H,red,N,X
HH,18,31331,80,red,N,X,H,red,N,X
HH,18,32032,129,red,N,X,H,red,N,X
HH,18,34911,88,red,N,X,H,red,N,X
HH,18,35041,1,red,N,X,A,red,N,X
HH,18,35056,1,red,N,X,A,red,N,X
HH,18,35723,1,red,N,X,A,red,N,X
HH,18,35739,1,red,N,X,A,red,N,X
HH,18,35756,1,red,N,X,A,red,N,X
HH,18,35767,1,red,N,X,A,red,N,X
HH,18,36060,1,red,N,X,A,red,N,X
HH,18,36070,101,red,N,X,H,red,N,X
HH,18,36314,1,red,N,X,A,red,N,X
HH,18,36334,1,red,N,X,A,red,N,X
HH,18,36352,1,red,N,X,A,red,N,X
HH,18,38486,1,red,N,X,A,red,N,X
HH,18,38504,1,red,N,X,A,red,N,X
HH,18,38528,1,red,N,X,A,red,N,X
HH,18,38549,1,red,N,X,A,red,N,X
HH,18,38566,1,red,N,X,A,red,N,X
HH,18,38654,1,red,N,X,A,red,N,X
HH,18,38701,1,red,N,X,A,red,N,X
HH,18,38780,79,red,N,X,H,red,N,X
HH,18,39421,1,red,N,X,A,red,N,X
HH,18,39586,104,red,N,X,R,red,N,X
HH,18,39868,1,red,N,X,A,red,N,X
HH,18,39885,1,red,N,X,A,red,N,X
HH,18,39892,105,red,N,X,H,red,N,X
HH,18,40073,6,red,N,X,H,red,N,X
HH,18,41459,55,red,N,X,H,red,N,X
HH,18,41582,1,red,N,X,A,red,N,X
HH,18,41600,1,red,N,X,A,red,N,X
HH,18,41688,1,red,N,X,A,red,N,X
HH,18,41708,1,red,N,X,A,red,N,X
HH,18,41730,1,red,N,X,A,red,N,X
HH,18,41732,64,red,N,X,H,red,N,X
HH,18,41820,45,red,N,X,H,red,N,X
HH,18,42284,1,red,N,X,A,red,N,X
HH,18,42325,1,red,N,X,A,red,N,X
HH,18,42349,1,red,N,X,A,red,N,X
HH,18,42366,1,red,N,X,A,red,N,X
HH,18,42416,1,red,N,X,A,red,N,X
HH,18,42447,1,red,N,X,A,red,N,X
HH,18,42504,1,red,N,X,A,red,N,X
HH,18,42535,1,red,N,X,A,red,N,X
HH,18,42554,1,red,N,X,A,red,N,X
HH,18,42583,82,red,N,X,H,red,N,X
HH,18,42681,155,red,N,X,H,red,N,X
HH,18,43128,1,red,N,X,A,red,N,X
HH,18,43142,1,red,N,X,A,red,N,X
HH,18,43152,81,red,N,X,H,red,N,X
HH,18,43365,1,red,N,X,A,red,N,X
HH,18,43387,1,red,N,X,A,red,N,X
HH,18,43455,145,red,N,X,H,red,N,X
HH,18,43600,122,red,N,X,R,red,N,X
HH,18,44099,1,red,N,X,A,red,N,X
HH,18,44147,1,red,N,X,A,red,N,X
HH,18,44170,1,red,N,X,A,red,N,X
HH,18,44191,1,red,N,X,A,red,N,X
HH,18,44210,1,red,N,X,A,red,N,X
HH,18,44251,1,red,N,X,A,red,N,X
HH,18,44273,1,red,N,X,A,red,N,X
HH,18,44287,1,red,N,X,A,red,N,X
HH,18,45849,106,red,N,X,H,red,N,X
HH,18,45972,11,red,N,X,H,red,N,X
HH,18,45989,110,red,N,X,H,red,N,X
HH,18,46502,110,red,N,X,H,red,N,X
HH,18,47106,18,red,N,X,H,red,N,X
HH,18,47185,10,red,N,X,H,red,N,X
HH,18,47303,1,red,N,X,A,red,N,X
HH,18,47309,31,red,N,X,H,red,N,X
HH,18,47340,1,red,N,X,A,red,N,X
HH,18,47735,217,red,N,X,H,red,N,X
HH,18,48942,71,red,N,X,H,red,N,X
HH,18,49130,49,red,N,X,H,red,N,X
HH,18,49851,28,red,N,X,H,red,N,X
HH,18,49995,1,red,N,X,A,red,N,X
HH,18,50014,1,red,N,X,A,red,N,X
HH,18,50199,435,red,N,X,H,red,N,X
HH,18,50719,233,red,N,X,H,red,N,X
HH,18,51056,1455,red,N,X,H,red,N,X
HH,18,52658,493,red,N,X,H,red,N,X
HH,18,53151,85,red,N,X,R,red,N,X
HH,18,54228,225,red,N,X,H,red,N,X
HH,18,55121,1,red,N,X,A,red,N,X
HH,18,55143,1,red,N,X,A,red,N,X
HH,18,55166,1,red,N,X,A,red,N,X
HH,18,55193,1,red,N,X,A,red,N,X
HH,18,55241,1,red,N,X,A,red,N,X
HH,18,55254,20,red,N,X,H,red,N,X
HH,18,55334,68,red,N,X,H,red,N,X
HH,18,55608,1,red,N,X,A,red,N,X
HH,18,55619,1,red,N,X,A,red,N,X
HH,18,55632,1,red,N,X,A,red,N,X
HH,18,57013,66,red,N,X,H,red,N,X
HH,18,57189,99,red,N,X,H,red,N,X
HH,18,57288,100,red,N,X,R,red,N,X
HH,18,57567,144,red,N,X,H,red,N,X
HH,18,58642,1,red,N,X,A,red,N,X
HH,18,58653,1,red,N,X,A,red,N,X
HH,18,58662,67,red,N,X,H,red,N,X
HH,18,59010,116,red,N,X,H,red,N,X
HH,18,61746,46,red,N,X,H,red,N,X
HH,18,63361,84,red,N,X,H,red,N,X
HH,18,63517,99,red,N,X,H,red,N,X
HH,18,63742,180,red,N,X,H,red,N,X
HH,18,63965,1,red,N,X,A,red,N,X
HH,18,63982,92,red,N,X,H,red,N,X
HH,18,64147,187,red,N,X,H,red,N,X
HH,18,64412,127,red,N,X,H,red,N,X
HH,18,64566,29,red,N,X,H,red,N,X
HH,18,65113,1,red,N,X,A,red,N,X
HH,18,65136,1,red,N,X,A,red,N,X
HH,18,65159,1,red,N,X,A,red,N,X
HH,18,65179,1,red,N,X,A,red,N,X
HH,18,65194,1,red,N,X,A,red,N,X
HH,18,65414,1,red,N,X,A,red,N,X
HH,18,65435,1,red,N,X,A,red,N,X
HH,18,65451,1,red,N,X,A,red,N,X
HH,18,65475,1,red,N,X,A,red,N,X
HH,18,65722,1,red,N,X,A,red,N,X
HH,18,65744,1,red,N,X,A,red,N,X
HH,18,65767,1,red,N,X,A,red,N,X
HH,18,65787,1,red,N,X,A,red,N,X
HH,18,65806,1,red,N,X,A,red,N,X
HH,18,65827,1,red,N,X,A,red,N,X
HH,18,65901,1,red,N,X,A,red,N,X
HH,18,65923,1,red,N,X,A,red,N,X
HH,18,65947,1,red,N,X,A,red,N,X
HH,18,65971,1,red,N,X,A,red,N,X
HH,18,66002,1,red,N,X,A,red,N,X
HH,18,66025,1,red,N,X,A,red,N,X
HH,18,66048,1,red,N,X,A,red,N,X
HH,18,66074,1,red,N,X,A,red,N,X
HH,18,66096,1,red,N,X,A,red,N,X
HH,18,66123,1,red,N,X,A,red,N,X
HH,18,66304,1,red,N,X,A,red,N,X
HH,18,66427,1,red,N,X,A,red,N,X
HH,18,66451,1,red,N,X,A,red,N,X
HH,18,66474,1,red,N,X,A,red,N,X
HH,18,66496,1,red,N,X,A,red,N,X
HH,18,66513,103,red,N,X,H,red,N,X
HH,18,66649,1,red,N,X,A,red,N,X
HH,18,66735,200,red,N,X,H,red,N,X
HH,18,66935,95,red,N,X,R,red,N,X
HH,18,67377,204,red,N,X,H,red,N,X
HH,18,67864,1,red,N,X,A,red,N,X
HH,18,67887,1,red,N,X,A,red,N,X
HH,18,67910,1,red,N,X,A,red,N,X
HH,18,67932,1,red,N,X,A,red,N,X
HH,18,67957,1,red,N,X,A,red,N,X
HH,18,67984,1,red,N,X,A,red,N,X
HH,18,68014,1,red,N,X,A,red,N,X
HH,18,68038,1,red,N,X,A,red,N,X
HH,18,68063,1,red,N,X,A,red,N,X
HH,18,68085,1,red,N,X,A,red,N,X
HH,18,68246,1,red,N,X,A,red,N,X
HH,18,68270,1,red,N,X,A,red,N,X
HH,18,68294,1,red,N,X,A,red,N,X
HH,18,68315,1,red,N,X,A,red,N,X
HH,18,68378,58,red,N,X,H,red,N,X
HH,18,68450,1,red,N,X,A,red,N,X
HH,18,68490,17,red,N,X,H,red,N,X
HH,18,70733,222,red,N,X,H,red,N,X
HH,18,71019,141,red,N,X,H,red,N,X
HH,18,71256,1,red,N,X,A,red,N,X
HH,18,71287,1,red,N,X,A,red,N,X
HH,18,71793,1,red,N,X,A,red,N,X
HH,18,71816,1,red,N,X,A,red,N,X
HH,18,71838,27,red,N,X,H,red,N,X
HH,18,71865,1,red,N,X,A,red,N,X
HH,18,71903,1,red,N,X,A,red,N,X
HH,18,72115,49,red,N,X,H,red,N,X
HH,18,72206,140,red,N,X,H,red,N,X
HH,18,72699,1,red,N,X,A,red,N,X
HH,18,72782,1,red,N,X,A,red,N,X
HH,18,72803,1,red,N,X,A,red,N,X
HH,18,72821,1,red,N,X,A,red,N,X
HH,18,72841,1,red,N,X,A,red,N,X
HH,18,72855,1,red,N,X,A,red,N,X
HH,18,72902,1,red,N,X,A,red,N,X
HH,18,72922,1,red,N,X,A,red,N,X
HH,18,72946,1,red,N,X,A,red,N,X
HH,18,72968,1,red,N,X,A,red,N,X
HH,18,72989,1,red,N,X,A,red,N,X
HH,18,73011,1,red,N,X,A,red,N,X
HH,18,73051,1,red,N,X,A,red,N,X
HH,18,73076,1,red,N,X,A,red,N,X
HH,18,73099,1,red,N,X,A,red,N,X
HH,18,73121,1,red,N,X,A,red,N,X
HH,18,73144,1,red,N,X,A,red,N,X
HH,18,73173,1,red,N,X,A,red,N,X
HH,18,73198,1,red,N,X,A,red,N,X
HH,18,73219,1,red,N,X,A,red,N,X
HH,18,73241,1,red,N,X,A,red,N,X
HH,18,73264,1,red,N,X,A,red,N,X
HH,18,73286,1,red,N,X,A,red,N,X
HH,18,73307,1,red,N,X,A,red,N,X
HH,18,73357,1,red,N,X,A,red,N,X
HH,18,73376,1,red,N,X,A,red,N,X
HH,18,73396,1,red,N,X,A,red,N,X
HH,18,73414,1,red,N,X,A,red,N,X
HH,18,73434,1,red,N,X,A,red,N,X
HH,18,73461,1,red,N,X,A,red,N,X
HH,18,73462,195,red,N,X,H,red,N,X
HH,18,73732,1,red,N,X,A,red,N,X
HH,18,73750,1,red,N,X,A,red,N,X
HH,18,73839,79,red,N,X,H,red,N,X
HH,18,74040,89,red,N,X,H,red,N,X
HH,18,74129,111,red,N,X,R,red,N,X
HH,18,74924,1,red,N,X,A,red,N,X
HH,18,74946,1,red,N,X,A,red,N,X
HH,18,74968,1,red,N,X,A,red,N,X
HH,18,75069,180,red,N,X,H,red,N,X
HH,18,75415,131,red,N,X,H,red,N,X
HH,18,75751,1,red,N,X,A,red,N,X
HH,18,75770,1,red,N,X,A,red,N,X
HH,18,75793,1,red,N,X,A,red,N,X
HH,18,75813,1,red,N,X,A,red,N,X
HH,18,75858,1,red,N,X,A,red,N,X
HH,18,75877,1,red,N,X,A,red,N,X
HH,18,75895,1,red,N,X,A,red,N,X
HH,18,75914,1,red,N,X,A,red,N,X
HH,18,75944,1,red,N,X,A,red,N,X
HH,18,75964,1,red,N,X,A,red,N,X
HH,18,75980,1,red,N,X,A,red,N,X
HH,18,76103,1,red,N,X,A,red,N,X
HH,18,76123,1,red,N,X,A,red,N,X
HH,18,76150,1,red,N,X,A,red,N,X
HH,18,76172,1,red,N,X,A,red,N,X
HH,18,76193,1,red,N,X,A,red,N,X
HH,18,76216,1,red,N,X,A,red,N,X
HH,18,76231,1,red,N,X,A,red,N,X
HH,18,76315,1,red,N,X,A,red,N,X
HH,18,76334,1,red,N,X,A,red,N,X
HH,18,76355,1,red,N,X,A,red,N,X
HH,18,76378,1,red,N,X,A,red,N,X
HH,18,76400,1,red,N,X,A,red,N,X
HH,18,76421,1,red,N,X,A,red,N,X
HH,18,76443,1,red,N,X,A,red,N,X
HH,18,76450,201,red,N,X,H,red,N,X
HH,18,76771,51,red,N,X,H,red,N,X
HH,18,76835,1,red,N,X,A,red,N,X
HH,18,76934,1,red,N,X,A,red,N,X
HH,18,76956,1,red,N,X,A,red,N,X
HH,18,76976,1,red,N,X,A,red,N,X
HH,18,76977,12,red,N,X,H,red,N,X
HH,18,77273,1,red,N,X,A,red,N,X
HH,18,77296,1,red,N,X,A,red,N,X
HH,18,77315,1,red,N,X,A,red,N,X
HH,18,77334,1,red,N,X,A,red,N,X
HH,18,77399,207,red,N,X,H,red,N,X
HH,18,77790,167,red,N,X,H,red,N,X
HH,18,78059,1,red,N,X,A,red,N,X
HH,18,78079,1,red,N,X,A,red,N,X
HH,18,78100,1,red,N,X,A,red,N,X
HH,18,78119,1,red,N,X,A,red,N,X
HH,18,78144,1,red,N,X,A,red,N,X
HH,18,78847,84,red,N,X,H,red,N,X
HH,18,78955,247,red,N,X,H,red,N,X
HH,18,79202,86,red,N,X,R,red,N,X
HH,18,80426,1,red,N,X,A,red,N,X
HH,18,80450,1,red,N,X,A,red,N,X
HH,18,80460,171,red,N,X,H,red,N,X
HH,18,80750,1,red,N,X,A,red,N,X
HH,18,80770,1,red,N,X,A,red,N,X
HH,18,80790,1,red,N,X,A,red,N,X
HH,18,80968,1,red,N,X,A,red,N,X
HH,18,80990,1,red,N,X,A,red,N,X
HH,18,81027,1,red,N,X,A,red,N,X
HH,18,81060,1,red,N,X,A,red,N,X
HH,18,81131,1,red,N,X,A,red,N,X
HH,18,81159,1,red,N,X,A,red,N,X
HH,18,81200,1,red,N,X,A,red,N,X
HH,18,81220,1,red,N,X,A,red,N,X
HH,18,81236,104,red,N,X,H,red,N,X
HH,18,1,188,purple,G,H,H,purple,G,H
HH,18,221,96,purple,G,H,H,purple,G,H
HH,18,348,1,purple,G,H,A,purple,G,H
HH,18,361,1,purple,G,H,A,purple,G,H
HH,18,374,521,purple,G,H,H,purple,G,H
HH,18,923,238,purple,G,H,H,purple,G,H
HH,18,1213,1,purple,G,H,A,purple,G,H
HH,18,1249,1,purple,G,H,A,purple,G,H
HH,18,1269,1,purple,G,H,A,purple,G,H
HH,18,1296,360,purple,G,H,H,purple,G,H
HH,18,2013,587,purple,G,H,H,purple,G,H
HH,18,4541,666,purple,G,H,H,purple,G,H
HH,18,7678,1,purple,G,H,A,purple,G,H
HH,18,7701,1,purple,G,H,A,purple,G,H
HH,18,7734,1,purple,G,H,A,purple,G,H
HH,18,7770,1,purple,G,H,A,purple,G,H
HH,18,7789,1,purple,G,H,A,purple,G,H
HH,18,7852,177,purple,G,H,H,purple,G,H
HH,18,10527,1,purple,G,H,A,purple,G,H
HH,18,10549,1,purple,G,H,A,purple,G,H
HH,18,11635,1,purple,G,H,A,purple,G,H
HH,18,11658,1,purple,G,H,A,purple,G,H
HH,18,11669,74,purple,G,H,H,purple,G,H
HH,18,13172,21,purple,G,H,H,purple,G,H
HH,18,13225,635,purple,G,H,H,purple,G,H
HH,18,14124,1,purple,G,H,A,purple,G,H
HH,18,14141,1,purple,G,H,A,purple,G,H
HH,18,14156,169,purple,G,H,H,purple,G,H
HH,18,14325,148,purple,G,H,R,purple,G,H
HH,18,14488,457,purple,G,H,H,purple,G,H
HH,18,17543,72,purple,G,H,H,purple,G,H
HH,18,18658,549,purple,G,H,H,purple,G,H
HH,18,19893,105,purple,G,H,H,purple,G,H
HH,18,21910,1249,purple,G,H,H,purple,G,H
HH,18,25022,477,purple,G,H,H,purple,G,H
HH,18,25523,115,purple,G,H,H,purple,G,H
HH,18,27139,201,purple,G,H,H,purple,G,H
HH,18,28263,1,purple,G,H,A,purple,G,H
HH,18,28288,1,purple,G,H,A,purple,G,H
HH,18,28312,1,purple,G,H,A,purple,G,H
HH,18,28350,1,purple,G,H,A,purple,G,H
HH,18,28382,1,purple,G,H,A,purple,G,H
HH,18,28402,1,purple,G,H,A,purple,G,H
HH,18,29524,1,purple,G,H,A,purple,G,H
HH,18,29544,6,purple,G,H,H,purple,G,H
HH,18,33159,1440,purple,G,H,H,purple,G,H
HH,18,34599,136,purple,G,H,R,purple,G,H
HH,18,34771,214,purple,G,H,H,purple,G,H
HH,18,35213,1,purple,G,H,A,purple,G,H
HH,18,35277,1,purple,G,H,A,purple,G,H
HH,18,35292,28,purple,G,H,H,purple,G,H
HH,18,35657,284,purple,G,H,H,purple,G,H
HH,18,38426,1,purple,G,H,A,purple,G,H
HH,18,38464,1,purple,G,H,A,purple,G,H
HH,18,38640,371,purple,G,H,H,purple,G,H
HH,18,39869,1,purple,G,H,A,purple,G,H
HH,18,39885,137,purple,G,H,H,purple,G,H
HH,18,41660,134,purple,G,H,H,purple,G,H
HH,18,42056,210,purple,G,H,H,purple,G,H
HH,18,42998,177,purple,G,H,H,purple,G,H
HH,18,46556,1,purple,G,H,A,purple,G,H
HH,18,46579,1,purple,G,H,A,purple,G,H
HH,18,46601,1,purple,G,H,A,purple,G,H
HH,18,46622,98,purple,G,H,H,purple,G,H
HH,18,46946,154,purple,G,H,H,purple,G,H
HH,18,47135,54,purple,G,H,H,purple,G,H
HH,18,48521,352,purple,G,H,H,purple,G,H
HH,18,50923,1,purple,G,H,A,purple,G,H
HH,18,50948,38,purple,G,H,H,purple,G,H
HH,18,51004,344,purple,G,H,H,purple,G,H
HH,18,51348,205,purple,G,H,R,purple,G,H
HH,18,51716,1,purple,G,H,A,purple,G,H
HH,18,51746,1,purple,G,H,A,purple,G,H
HH,18,52689,1,purple,G,H,A,purple,G,H
HH,18,52800,1,purple,G,H,A,purple,G,H
HH,18,52818,1,purple,G,H,A,purple,G,H
HH,18,52831,191,purple,G,H,H,purple,G,H
HH,18,53888,47,purple,G,H,H,purple,G,H
HH,18,54695,292,purple,G,H,H,purple,G,H
HH,18,55042,56,purple,G,H,H,purple,G,H
HH,18,55439,241,purple,G,H,H,purple,G,H
HH,18,56874,1,purple,G,H,A,purple,G,H
HH,18,56900,1,purple,G,H,A,purple,G,H
HH,18,56905,181,purple,G,H,H,purple,G,H
HH,18,57104,1,purple,G,H,A,purple,G,H
HH,18,57783,1,purple,G,H,A,purple,G,H
HH,18,57909,1,purple,G,H,A,purple,G,H
HH,18,57947,450,purple,G,H,H,purple,G,H
HH,18,63478,162,purple,G,H,H,purple,G,H
HH,18,63878,163,purple,G,H,H,purple,G,H
HH,18,64811,159,purple,G,H,H,purple,G,H
HH,18,66356,1,purple,G,H,A,purple,G,H
HH,18,66379,1,purple,G,H,A,purple,G,H
HH,18,66401,1,purple,G,H,A,purple,G,H
HH,18,66417,1,purple,G,H,A,purple,G,H
HH,18,66485,32,purple,G,H,H,purple,G,H
HH,18,66696,1,purple,G,H,A,purple,G,H
HH,18,66733,1,purple,G,H,A,purple,G,H
HH,18,66769,1,purple,G,H,A,purple,G,H
HH,18,66798,1,purple,G,H,A,purple,G,H
HH,18,66823,1,purple,G,H,A,purple,G,H
HH,18,66992,1,purple,G,H,A,purple,G,H
HH,18,67015,1,purple,G,H,A,purple,G,H
HH,18,67053,1,purple,G,H,A,purple,G,H
HH,18,67072,1,purple,G,H,A,purple,G,H
HH,18,67086,1,purple,G,H,A,purple,G,H
HH,18,67111,1,purple,G,H,A,purple,G,H
HH,18,67134,1,purple,G,H,A,purple,G,H
HH,18,67156,1,purple,G,H,A,purple,G,H
HH,18,67177,1,purple,G,H,A,purple,G,H
HH,18,67222,1,purple,G,H,A,purple,G,H
HH,18,67259,1,purple,G,H,A,purple,G,H
HH,18,67285,1,purple,G,H,A,purple,G,H
HH,18,67306,1,purple,G,H,A,purple,G,H
HH,18,67329,1,purple,G,H,A,purple,G,H
HH,18,67347,1,purple,G,H,A,purple,G,H
HH,18,67384,1,purple,G,H,A,purple,G,H
HH,18,67405,1,purple,G,H,A,purple,G,H
HH,18,67426,1,purple,G,H,A,purple,G,H
HH,18,67447,1,purple,G,H,A,purple,G,H
HH,18,67467,1,purple,G,H,A,purple,G,H
HH,18,67653,1,purple,G,H,A,purple,G,H
HH,18,67675,1,purple,G,H,A,purple,G,H
HH,18,67723,1,purple,G,H,A,purple,G,H
HH,18,67745,1,purple,G,H,A,purple,G,H
HH,18,67764,1,purple,G,H,A,purple,G,H
HH,18,67784,1,purple,G,H,A,purple,G,H
HH,18,67804,1,purple,G,H,A,purple,G,H
HH,18,67824,1,purple,G,H,A,purple,G,H
HH,18,67845,1,purple,G,H,A,purple,G,H
HH,18,67865,1,purple,G,H,A,purple,G,H
HH,18,67888,1,purple,G,H,A,purple,G,H
HH,18,67911,1,purple,G,H,A,purple,G,H
HH,18,67929,1,purple,G,H,A,purple,G,H
HH,18,68118,1,purple,G,H,A,purple,G,H
HH,18,68187,1,purple,G,H,A,purple,G,H
HH,18,68214,1,purple,G,H,A,purple,G,H
HH,18,68233,1,purple,G,H,A,purple,G,H
HH,18,68254,1,purple,G,H,A,purple,G,H
HH,18,68276,1,purple,G,H,A,purple,G,H
HH,18,68308,1,purple,G,H,A,purple,G,H
HH,18,68329,1,purple,G,H,A,purple,G,H
HH,18,68330,94,purple,G,H,H,purple,G,H
HH,18,68464,1,purple,G,H,A,purple,G,H
HH,18,68478,1,purple,G,H,A,purple,G,H
HH,18,68528,1,purple,G,H,A,purple,G,H
HH,18,68550,1,purple,G,H,A,purple,G,H
HH,18,68581,1,purple,G,H,A,purple,G,H
HH,18,68606,1,purple,G,H,A,purple,G,H
HH,18,68625,1,purple,G,H,A,purple,G,H
HH,18,68646,1,purple,G,H,A,purple,G,H
HH,18,68666,1,purple,G,H,A,purple,G,H
HH,18,68686,1,purple,G,H,A,purple,G,H
HH,18,68704,1,purple,G,H,A,purple,G,H
HH,18,68726,244,purple,G,H,H,purple,G,H
HH,18,68992,159,purple,G,H,H,purple,G,H
HH,18,69207,1,purple,G,H,A,purple,G,H
HH,18,69273,237,purple,G,H,H,purple,G,H
HH,18,69958,1,purple,G,H,A,purple,G,H
HH,18,69982,1,purple,G,H,A,purple,G,H
HH,18,70006,1,purple,G,H,A,purple,G,H
HH,18,70029,1,purple,G,H,A,purple,G,H
HH,18,70051,1,purple,G,H,A,purple,G,H
HH,18,70068,1,purple,G,H,A,purple,G,H
HH,18,70089,1,purple,G,H,A,purple,G,H
HH,18,70109,1,purple,G,H,A,purple,G,H
HH,18,70130,1,purple,G,H,A,purple,G,H
HH,18,70139,44,purple,G,H,H,purple,G,H
HH,18,70235,1,purple,G,H,A,purple,G,H
HH,18,70257,1,purple,G,H,A,purple,G,H
HH,18,70269,143,purple,G,H,H,purple,G,H
HH,18,70558,1,purple,G,H,A,purple,G,H
HH,18,70584,1,purple,G,H,A,purple,G,H
HH,18,70603,1,purple,G,H,A,purple,G,H
HH,18,70617,74,purple,G,H,H,purple,G,H
HH,18,70691,128,purple,G,H,R,purple,G,H
HH,18,70857,320,purple,G,H,H,purple,G,H
HH,18,71373,1,purple,G,H,A,purple,G,H
HH,18,71393,1,purple,G,H,A,purple,G,H
HH,18,71413,1,purple,G,H,A,purple,G,H
HH,18,71447,1,purple,G,H,A,purple,G,H
HH,18,71466,1,purple,G,H,A,purple,G,H
HH,18,71488,1,purple,G,H,A,purple,G,H
HH,18,71510,1,purple,G,H,A,purple,G,H
HH,18,71533,49,purple,G,H,H,purple,G,H
HH,18,71741,1,purple,G,H,A,purple,G,H
HH,18,71762,1,purple,G,H,A,purple,G,H
HH,18,71798,1,purple,G,H,A,purple,G,H
HH,18,71816,1,purple,G,H,A,purple,G,H
HH,18,71836,1,purple,G,H,A,purple,G,H
HH,18,71858,1,purple,G,H,A,purple,G,H
HH,18,71882,1,purple,G,H,A,purple,G,H
HH,18,71888,94,purple,G,H,H,purple,G,H
HH,18,72020,11,purple,G,H,H,purple,G,H
HH,18,72645,1,purple,G,H,A,purple,G,H
HH,18,72669,1,purple,G,H,A,purple,G,H
HH,18,72696,1,purple,G,H,A,purple,G,H
HH,18,72716,1,purple,G,H,A,purple,G,H
HH,18,72734,31,purple,G,H,H,purple,G,H
HH,18,72858,1,purple,G,H,A,purple,G,H
HH,18,72895,14,purple,G,H,H,purple,G,H
HH,18,74126,292,purple,G,H,H,purple,G,H
HH,18,75153,162,purple,G,H,H,purple,G,H
HH,18,75397,150,purple,G,H,H,purple,G,H
HH,18,75854,1,purple,G,H,A,purple,G,H
HH,18,75874,1,purple,G,H,A,purple,G,H
HH,18,75895,1,purple,G,H,A,purple,G,H
HH,18,75916,1,purple,G,H,A,purple,G,H
HH,18,75934,1,purple,G,H,A,purple,G,H
HH,18,75953,1,purple,G,H,A,purple,G,H
HH,18,75971,1,purple,G,H,A,purple,G,H
HH,18,76075,67,purple,G,H,H,purple,G,H
HH,18,76328,1,purple,G,H,A,purple,G,H
HH,18,76348,1,purple,G,H,A,purple,G,H
HH,18,76368,1,purple,G,H,A,purple,G,H
HH,18,76386,1,purple,G,H,A,purple,G,H
HH,18,76408,1,purple,G,H,A,purple,G,H
HH,18,76430,1,purple,G,H,A,purple,G,H
HH,18,76449,1,purple,G,H,A,purple,G,H
HH,18,76486,70,purple,G,H,H,purple,G,H
HH,18,76835,1,purple,G,H,A,purple,G,H
HH,18,76859,1,purple,G,H,A,purple,G,H
HH,18,76884,1,purple,G,H,A,purple,G,H
HH,18,76909,1,purple,G,H,A,purple,G,H
HH,18,76931,1,purple,G,H,A,purple,G,H
HH,18,76978,1,purple,G,H,A,purple,G,H
HH,18,76997,1,purple,G,H,A,purple,G,H
HH,18,77017,1,purple,G,H,A,purple,G,H
HH,18,77037,1,purple,G,H,A,purple,G,H
HH,18,77056,1,purple,G,H,A,purple,G,H
HH,18,77076,1,purple,G,H,A,purple,G,H
HH,18,77097,1,purple,G,H,A,purple,G,H
HH,18,77148,1,purple,G,H,A,purple,G,H
HH,18,77169,1,purple,G,H,A,purple,G,H
HH,18,77191,1,purple,G,H,A,purple,G,H
HH,18,77212,1,purple,G,H,A,purple,G,H
HH,18,77235,1,purple,G,H,A,purple,G,H
HH,18,77255,1,purple,G,H,A,purple,G,H
HH,18,77277,1,purple,G,H,A,purple,G,H
HH,18,77298,1,purple,G,H,A,purple,G,H
HH,18,77318,1,purple,G,H,A,purple,G,H
HH,18,77421,145,purple,G,H,H,purple,G,H
HH,18,77721,1,purple,G,H,A,purple,G,H
HH,18,77742,1,purple,G,H,A,purple,G,H
HH,18,77775,147,purple,G,H,H,purple,G,H
HH,18,77958,38,purple,G,H,H,purple,G,H
HH,18,78046,382,purple,G,H,H,purple,G,H
HH,18,79796,76,purple,G,H,H,purple,G,H
HH,18,79908,14,purple,G,H,H,purple,G,H
HH,18,79971,209,purple,G,H,H,purple,G,H
HH,18,80691,1,purple,G,H,A,purple,G,H
HH,18,80711,1,purple,G,H,A,purple,G,H
HH,18,80732,1,purple,G,H,A,purple,G,H
HH,18,80750,1,purple,G,H,A,purple,G,H
HH,18,80791,1,purple,G,H,A,purple,G,H
HH,18,80815,1,purple,G,H,A,purple,G,H
HH,18,80836,1,purple,G,H,A,purple,G,H
HH,18,80857,1,purple,G,H,A,purple,G,H
HH,18,80880,1,purple,G,H,A,purple,G,H
HH,18,80901,1,purple,G,H,A,purple,G,H
HH,18,80920,1,purple,G,H,A,purple,G,H
HH,18,80946,1,purple,G,H,A,purple,G,H
HH,18,80966,1,purple,G,H,A,purple,G,H
HH,18,81225,1,purple,G,H,A,purple,G,H
HH,18,81248,1,purple,G,H,A,purple,G,H
HH,18,81275,1,purple,G,H,A,purple,G,H
HH,18,81296,1,purple,G,H,A,purple,G,H
HH,18,81317,1,purple,G,H,A,purple,G,H
HH,18,81336,1,purple,G,H,A,purple,G,H
HH,18,81357,1,purple,G,H,A,purple,G,H
HH,18,81403,1,purple,G,H,A,purple,G,H
HH,18,81426,1,purple,G,H,A,purple,G,H
HH,18,81443,1,purple,G,H,A,purple,G,H
HH,18,81471,1,purple,G,H,A,purple,G,H
HH,18,83,1,blue,N,X,A,blue,N,X
HH,18,106,1,blue,N,X,A,blue,N,X
HH,18,137,1,blue,N,X,A,blue,N,X
HH,18,189,1,blue,N,X,A,blue,N,X
HH,18,210,1,blue,N,X,A,blue,N,X
HH,18,230,1,blue,N,X,A,blue,N,X
HH,18,252,1,blue,N,X,A,blue,N,X
HH,18,271,1,blue,N,X,A,blue,N,X
HH,18,306,1,blue,N,X,A,blue,N,X
HH,18,325,1,blue,N,X,A,blue,N,X
HH,18,346,1,blue,N,X,A,blue,N,X
HH,18,367,1,blue,N,X,A,blue,N,X
HH,18,388,96,blue,N,X,H,blue,N,X
HH,18,534,96,blue,N,X,H,blue,N,X
HH,18,1747,1,blue,N,X,A,blue,N,X
HH,18,1769,1,blue,N,X,A,blue,N,X
HH,18,1790,1,blue,N,X,A,blue,N,X
HH,18,1811,1,blue,N,X,A,blue,N,X
HH,18,1833,1,blue,N,X,A,blue,N,X
HH,18,1852,1,blue,N,X,A,blue,N,X
HH,18,1885,1,blue,N,X,A,blue,N,X
HH,18,1911,1,blue,N,X,A,blue,N,X
HH,18,1934,1,blue,N,X,A,blue,N,X
HH,18,1957,1,blue,N,X,A,blue,N,X
HH,18,1977,1,blue,N,X,A,blue,N,X
HH,18,2001,1,blue,N,X,A,blue,N,X
HH,18,2135,1,blue,N,X,A,blue,N,X
HH,18,2159,1,blue,N,X,A,blue,N,X
HH,18,2181,1,blue,N,X,A,blue,N,X
HH,18,2216,1,blue,N,X,A,blue,N,X
HH,18,2238,1,blue,N,X,A,blue,N,X
HH,18,2260,1,blue,N,X,A,blue,N,X
HH,18,2281,1,blue,N,X,A,blue,N,X
HH,18,2302,1,blue,N,X,A,blue,N,X
HH,18,2569,1,blue,N,X,A,blue,N,X
HH,18,2591,1,blue,N,X,A,blue,N,X
HH,18,2664,1,blue,N,X,A,blue,N,X
HH,18,2687,1,blue,N,X,A,blue,N,X
HH,18,2712,1,blue,N,X,A,blue,N,X
HH,18,2732,1,blue,N,X,A,blue,N,X
HH,18,2772,1,blue,N,X,A,blue,N,X
HH,18,2794,1,blue,N,X,A,blue,N,X
HH,18,2962,1,blue,N,X,A,blue,N,X
HH,18,3131,1,blue,N,X,A,blue,N,X
HH,18,3159,1,blue,N,X,A,blue,N,X
HH,18,3182,1,blue,N,X,A,blue,N,X
HH,18,3207,1,blue,N,X,A,blue,N,X
HH,18,4921,130,blue,N,X,H,blue,N,X
HH,18,5072,89,blue,N,X,H,blue,N,X
HH,18,7277,112,blue,N,X,H,blue,N,X
HH,18,7892,1,blue,N,X,A,blue,N,X
HH,18,7910,41,blue,N,X,H,blue,N,X
HH,18,9348,22,blue,N,X,H,blue,N,X
HH,18,9634,1,blue,N,X,A,blue,N,X
HH,18,10395,142,blue,N,X,H,blue,N,X
HH,18,11713,51,blue,N,X,H,blue,N,X
HH,18,13241,1,blue,N,X,A,blue,N,X
HH,18,13262,1,blue,N,X,A,blue,N,X
HH,18,13281,1,blue,N,X,A,blue,N,X
HH,18,13297,39,blue,N,X,H,blue,N,X
HH,18,17330,269,blue,N,X,H,blue,N,X
HH,18,18500,47,blue,N,X,H,blue,N,X
HH,18,18678,87,blue,N,X,H,blue,N,X
HH,18,18835,254,blue,N,X,H,blue,N,X
HH,18,19621,1,blue,N,X,A,blue,N,X
HH,18,19639,1,blue,N,X,A,blue,N,X
HH,18,19659,107,blue,N,X,H,blue,N,X
HH,18,19766,185,blue,N,X,R,blue,N,X
HH,18,20194,11,blue,N,X,H,blue,N,X
HH,18,21105,1,blue,N,X,A,blue,N,X
HH,18,21125,1,blue,N,X,A,blue,N,X
HH,18,21243,34,blue,N,X,H,blue,N,X
HH,18,24111,1,blue,N,X,A,blue,N,X
HH,18,24133,1,blue,N,X,A,blue,N,X
HH,18,27713,1,blue,N,X,A,blue,N,X
HH,18,27734,1,blue,N,X,A,blue,N,X
HH,18,27749,1,blue,N,X,A,blue,N,X
HH,18,27757,17,blue,N,X,H,blue,N,X
HH,18,27843,1,blue,N,X,A,blue,N,X
HH,18,27864,1,blue,N,X,A,blue,N,X
HH,18,27885,1,blue,N,X,A,blue,N,X
HH,18,29829,152,blue,N,X,H,blue,N,X
HH,18,32064,1,blue,N,X,A,blue,N,X
HH,18,32084,1,blue,N,X,A,blue,N,X
HH,18,32113,1,blue,N,X,A,blue,N,X
HH,18,34430,1,blue,N,X,A,blue,N,X
HH,18,34471,1,blue,N,X,A,blue,N,X
HH,18,34476,89,blue,N,X,H,blue,N,X
HH,18,36113,1,blue,N,X,A,blue,N,X
HH,18,36132,1,blue,N,X,A,blue,N,X
HH,18,36150,1,blue,N,X,A,blue,N,X
HH,18,36164,1,blue,N,X,A,blue,N,X
HH,18,36183,1,blue,N,X,A,blue,N,X
HH,18,36192,4,blue,N,X,H,blue,N,X
HH,18,36298,95,blue,N,X,H,blue,N,X
HH,18,37006,1,blue,N,X,A,blue,N,X
HH,18,37047,1,blue,N,X,A,blue,N,X
HH,18,37126,1,blue,N,X,A,blue,N,X
HH,18,37146,1,blue,N,X,A,blue,N,X
HH,18,37171,1,blue,N,X,A,blue,N,X
HH,18,43815,1,blue,N,X,A,blue,N,X
HH,18,47191,1,blue,N,X,A,blue,N,X
HH,18,47211,1,blue,N,X,A,blue,N,X
HH,18,47237,1,blue,N,X,A,blue,N,X
HH,18,49280,1,blue,N,X,A,blue,N,X
HH,18,70354,1,blue,N,X,A,blue,N,X
HH,18,70372,1,blue,N,X,A,blue,N,X
HH,18,70397,1,blue,N,X,A,blue,N,X
HH,18,71293,55,blue,N,X,H,blue,N,X
HH,18,75220,302,blue,N,X,H,blue,N,X
HH,18,59,1,green,N,X,A,green,N,X
HH,18,79,1,green,N,X,A,green,N,X
HH,18,96,1,green,N,X,A,green,N,X
HH,18,119,1,green,N,X,A,green,N,X
HH,18,140,1,green,N,X,A,green,N,X
HH,18,160,1,green,N,X,A,green,N,X
HH,18,185,1,green,N,X,A,green,N,X
HH,18,202,1,green,N,X,A,green,N,X
HH,18,224,1,green,N,X,A,green,N,X
HH,18,246,1,green,N,X,A,green,N,X
HH,18,268,1,green,N,X,A,green,N,X
HH,18,290,1,green,N,X,A,green,N,X
HH,18,436,1,green,N,X,A,green,N,X
HH,18,455,1,green,N,X,A,green,N,X
HH,18,476,1,green,N,X,A,green,N,X
HH,18,495,1,green,N,X,A,green,N,X
HH,18,512,1,green,N,X,A,green,N,X
HH,18,609,1,green,N,X,A,green,N,X
HH,18,629,1,green,N,X,A,green,N,X
HH,18,648,1,green,N,X,A,green,N,X
HH,18,669,1,green,N,X,A,green,N,X
HH,18,692,1,green,N,X,A,green,N,X
HH,18,713,1,green,N,X,A,green,N,X
HH,18,733,1,green,N,X,A,green,N,X
HH,18,755,1,green,N,X,A,green,N,X
HH,18,778,1,green,N,X,A,green,N,X
HH,18,801,1,green,N,X,A,green,N,X
HH,18,822,1,green,N,X,A,green,N,X
HH,18,841,1,green,N,X,A,green,N,X
HH,18,862,1,green,N,X,A,green,N,X
HH,18,885,1,green,N,X,A,green,N,X
HH,18,907,1,green,N,X,A,green,N,X
HH,18,929,1,green,N,X,A,green,N,X
HH,18,953,1,green,N,X,A,green,N,X
HH,18,976,1,green,N,X,A,green,N,X
HH,18,997,1,green,N,X,A,green,N,X
HH,18,1020,1,green,N,X,A,green,N,X
HH,18,1043,1,green,N,X,A,green,N,X
HH,18,1056,1,green,N,X,A,green,N,X
HH,18,1071,1,green,N,X,A,green,N,X
HH,18,1096,1,green,N,X,A,green,N,X
HH,18,1119,1,green,N,X,A,green,N,X
HH,18,1139,1,green,N,X,A,green,N,X
HH,18,1161,1,green,N,X,A,green,N,X
HH,18,1183,1,green,N,X,A,green,N,X
HH,18,1263,1,green,N,X,A,green,N,X
HH,18,1284,1,green,N,X,A,green,N,X
HH,18,1306,1,green,N,X,A,green,N,X
HH,18,1327,1,green,N,X,A,green,N,X
HH,18,1349,1,green,N,X,A,green,N,X
HH,18,1371,1,green,N,X,A,green,N,X
HH,18,1382,270,green,N,X,H,green,N,X
HH,18,1684,1,green,N,X,A,green,N,X
HH,18,2348,1,green,N,X,A,green,N,X
HH,18,2497,1,green,N,X,A,green,N,X
HH,18,2517,1,green,N,X,A,green,N,X
HH,18,2548,1,green,N,X,A,green,N,X
HH,18,4025,104,green,N,X,H,green,N,X
HH,18,4385,39,green,N,X,H,green,N,X
HH,18,5081,1,green,N,X,A,green,N,X
HH,18,5101,1,green,N,X,A,green,N,X
HH,18,5119,1,green,N,X,A,green,N,X
HH,18,5130,67,green,N,X,H,green,N,X
HH,18,5802,1,green,N,X,A,green,N,X
HH,18,5825,1,green,N,X,A,green,N,X
HH,18,5848,1,green,N,X,A,green,N,X
HH,18,5871,1,green,N,X,A,green,N,X
HH,18,5886,1,green,N,X,A,green,N,X
HH,18,6212,1,green,N,X,A,green,N,X
HH,18,6237,1,green,N,X,A,green,N,X
HH,18,6259,1,green,N,X,A,green,N,X
HH,18,6288,1,green,N,X,A,green,N,X
HH,18,7014,1,green,N,X,A,green,N,X
HH,18,7648,1,green,N,X,A,green,N,X
HH,18,7671,1,green,N,X,A,green,N,X
HH,18,7810,303,green,N,X,H,green,N,X
HH,18,12302,1,green,N,X,A,green,N,X
HH,18,12324,1,green,N,X,A,green,N,X
HH,18,12354,1,green,N,X,A,green,N,X
HH,18,12382,1,green,N,X,A,green,N,X
HH,18,12868,115,green,N,X,H,green,N,X
HH,18,14048,1,green,N,X,A,green,N,X
HH,18,14114,1,green,N,X,A,green,N,X
HH,18,14153,1,green,N,X,A,green,N,X
HH,18,14179,1,green,N,X,A,green,N,X
HH,18,14190,348,green,N,X,H,green,N,X
HH,18,14538,111,green,N,X,R,green,N,X
HH,18,17522,56,green,N,X,H,green,N,X
HH,18,17667,1,green,N,X,A,green,N,X
HH,18,17765,1,green,N,X,A,green,N,X
HH,18,17790,1,green,N,X,A,green,N,X
HH,18,17823,1,green,N,X,A,green,N,X
HH,18,17857,1,green,N,X,A,green,N,X
HH,18,19179,76,green,N,X,H,green,N,X
HH,18,23050,15,green,N,X,H,green,N,X
HH,18,23204,212,green,N,X,H,green,N,X
HH,18,28200,1,green,N,X,A,green,N,X
HH,18,28204,52,green,N,X,H,green,N,X
HH,18,28308,194,green,N,X,H,green,N,X
HH,18,30776,1,green,N,X,A,green,N,X
HH,18,30804,1,green,N,X,A,green,N,X
HH,18,30828,1,green,N,X,A,green,N,X
HH,18,30851,1,green,N,X,A,green,N,X
HH,18,30875,1,green,N,X,A,green,N,X
HH,18,30900,1,green,N,X,A,green,N,X
HH,18,35100,1,green,N,X,A,green,N,X
HH,18,35162,1,green,N,X,A,green,N,X
HH,18,35183,1,green,N,X,A,green,N,X
HH,18,35203,1,green,N,X,A,green,N,X
HH,18,35204,19,green,N,X,H,green,N,X
HH,18,36793,1,green,N,X,A,green,N,X
HH,18,36898,1,green,N,X,A,green,N,X
HH,18,36927,1,green,N,X,A,green,N,X
HH,18,36949,1,green,N,X,A,green,N,X
HH,18,36974,1,green,N,X,A,green,N,X
HH,18,47743,1,green,N,X,A,green,N,X
HH,18,47763,1,green,N,X,A,green,N,X
HH,18,47786,1,green,N,X,A,green,N,X
HH,18,47801,184,green,N,X,H,green,N,X
HH,18,51074,1,green,N,X,A,green,N,X
HH,18,51086,1,green,N,X,A,green,N,X
HH,18,51091,1,green,N,X,A,green,N,X
HH,18,51109,1,green,N,X,A,green,N,X
HH,18,52950,1,green,N,X,A,green,N,X
HH,18,52973,1,green,N,X,A,green,N,X
HH,18,55642,1,green,N,X,A,green,N,X
HH,18,55666,1,green,N,X,A,green,N,X
HH,18,56063,1,green,N,X,A,green,N,X
HH,18,56084,37,green,N,X,H,green,N,X
HH,18,57029,1,green,N,X,A,green,N,X
HH,18,57047,81,green,N,X,H,green,N,X
HH,18,76105,1,green,N,X,A,green,N,X
HH,18,76124,1,green,N,X,A,green,N,X
HH,18,76132,170,green,N,X,H,green,N,X
HH,18,78005,1,green,N,X,A,green,N,X
HH,18,78034,1,green,N,X,A,green,N,X
HH,18,78059,1,green,N,X,A,green,N,X
HH,18,78084,1,green,N,X,A,green,N,X
HH,18,64097,142,yellow,N,X,T,purple,G,H
HH,18,39741,39,red,N,X,T,purple,G,H
HH,18,74658,79,blue,N,X,T,red,N,X
