HTx,13,431,94,yellow,G,H,S,yellow,G,H
HTx,13,6053,28,yellow,G,H,S,yellow,G,H
HTx,13,17518,38,yellow,G,H,S,yellow,G,H
HTx,13,38551,21,yellow,G,H,S,yellow,G,H
HTx,13,38643,125,yellow,G,H,S,yellow,G,H
HTx,13,38912,1099,yellow,G,H,S,yellow,G,H
HTx,13,40070,996,yellow,G,H,S,yellow,G,H
HTx,13,41794,13,yellow,G,H,S,yellow,G,H
HTx,13,48972,25,yellow,G,H,S,yellow,G,H
HTx,13,52361,23,yellow,G,H,S,yellow,G,H
HTx,13,52793,36,yellow,G,H,S,yellow,G,H
HTx,13,52885,17,yellow,G,H,S,yellow,G,H
HTx,13,52964,16,yellow,G,H,S,yellow,G,H
HTx,13,53075,177,yellow,G,H,S,yellow,G,H
HTx,13,58411,23,yellow,G,H,S,yellow,G,H
HTx,13,60124,226,yellow,G,H,S,yellow,G,H
HTx,13,61146,19,yellow,G,H,S,yellow,G,H
HTx,13,61185,23,yellow,G,H,S,yellow,G,H
HTx,13,68526,19,yellow,G,H,S,yellow,G,H
HTx,13,70501,27,yellow,G,H,S,yellow,G,H
HTx,13,70574,15,yellow,G,H,S,yellow,G,H
HTx,13,70623,14,yellow,G,H,S,yellow,G,H
HTx,13,70654,278,yellow,G,H,S,yellow,G,H
HTx,13,72275,14,yellow,G,H,S,yellow,G,H
HTx,13,72574,75,yellow,G,H,S,yellow,G,H
HTx,13,72702,30,yellow,G,H,S,yellow,G,H
HTx,13,72748,285,yellow,G,H,S,yellow,G,H
HTx,13,73070,583,yellow,G,H,S,yellow,G,H
HTx,13,75246,164,yellow,G,H,S,yellow,G,H
HTx,13,75552,395,yellow,G,H,S,yellow,G,H
HTx,13,534,15,orange,N,X,S,orange,N,X
HTx,13,737,16,orange,N,X,S,orange,N,X
HTx,13,1813,22,orange,N,X,S,orange,N,X
HTx,13,1988,648,orange,N,X,G,purple,N,X
HTx,13,6172,431,orange,N,X,G,red,T,X
HTx,13,15945,386,orange,N,X,G,yellow,G,H
HTx,13,17477,75,orange,N,X,G,yellow,G,H
HTx,13,19345,38,orange,N,X,S,orange,N,X
HTx,13,19442,20,orange,N,X,S,orange,N,X
HTx,13,19580,39,orange,N,X,S,orange,N,X
HTx,13,19639,461,orange,N,X,G,blue,N,X
HTx,13,20168,78,orange,N,X,G,green,N,X
HTx,13,20277,502,orange,N,X,G,blue,N,X
HTx,13,20960,190,orange,N,X,G,red,T,X
HTx,13,21265,80,orange,N,X,G,purple,N,X
HTx,13,21687,41,orange,N,X,S,orange,N,X
HTx,13,22053,146,orange,N,X,G,red,T,X
HTx,13,22321,52,orange,N,X,S,orange,N,X
HTx,13,25616,272,orange,N,X,G,red,T,X
HTx,13,25937,873,orange,N,X,G,red,T,X
HTx,13,27130,1082,orange,N,X,G,red,T,X
HTx,13,29070,12,orange,N,X,S,orange,N,X
HTx,13,29312,379,orange,N,X,G,yellow,G,H
HTx,13,29846,2315,orange,N,X,G,yellow,G,H
HTx,13,32611,293,orange,N,X,G,yellow,G,H
HTx,13,33444,21,orange,N,X,S,orange,N,X
HTx,13,33974,25,orange,N,X,S,orange,N,X
HTx,13,34082,66,orange,N,X,S,orange,N,X
HTx,13,34187,1943,orange,N,X,G,red,T,X
HTx,13,36430,459,orange,N,X,G,green,N,X
HTx,13,41706,78,orange,N,X,S,orange,N,X
HTx,13,42524,17,orange,N,X,S,orange,N,X
HTx,13,42625,462,orange,N,X,G,green,N,X
HTx,13,43712,708,orange,N,X,G,yellow,G,H
HTx,13,44476,654,orange,N,X,G,yellow,G,H
HTx,13,45188,1243,orange,N,X,G,yellow,G,H
HTx,13,46513,234,orange,N,X,G,yellow,G,H
HTx,13,47947,31,orange,N,X,S,orange,N,X
HTx,13,48932,17,orange,N,X,S,orange,N,X
HTx,13,48995,13,orange,N,X,S,orange,N,X
HTx,13,49227,15,orange,N,X,S,orange,N,X
HTx,13,51673,38,orange,N,X,S,orange,N,X
HTx,13,51789,19,orange,N,X,S,orange,N,X
HTx,13,51883,13,orange,N,X,S,orange,N,X
HTx,13,52252,62,orange,N,X,S,orange,N,X
HTx,13,52681,389,orange,N,X,G,purple,N,X
HTx,13,53443,353,orange,N,X,G,yellow,G,H
HTx,13,54711,11,orange,N,X,S,orange,N,X
HTx,13,55099,33,orange,N,X,S,orange,N,X
HTx,13,55197,103,orange,N,X,S,orange,N,X
HTx,13,55803,532,orange,N,X,G,blue,N,X
HTx,13,56815,391,orange,N,X,G,blue,N,X
HTx,13,57603,139,orange,N,X,G,purple,N,X
HTx,13,57933,389,orange,N,X,G,blue,N,X
HTx,13,60725,37,orange,N,X,S,orange,N,X
HTx,13,60763,228,orange,N,X,G,blue,N,X
HTx,13,61523,194,orange,N,X,G,yellow,G,H
HTx,13,63005,54,orange,N,X,S,orange,N,X
HTx,13,63472,54,orange,N,X,S,orange,N,X
HTx,13,64198,28,orange,N,X,S,orange,N,X
HTx,13,64268,267,orange,N,X,G,yellow,G,H
HTx,13,65020,34,orange,N,X,G,red,T,X
HTx,13,65107,758,orange,N,X,G,yellow,G,H
HTx,13,66709,18,orange,N,X,S,orange,N,X
HTx,13,67537,234,orange,N,X,G,green,N,X
HTx,13,67943,87,orange,N,X,S,orange,N,X
HTx,13,80806,17,orange,N,X,S,orange,N,X
HTx,13,7081,25,red,T,X,S,red,T,X
HTx,13,7785,52,red,T,X,S,red,T,X
HTx,13,8992,16,red,T,X,S,red,T,X
HTx,13,9258,17,red,T,X,S,red,T,X
HTx,13,11840,51,red,T,X,S,red,T,X
HTx,13,14723,111,red,T,X,G,yellow,G,H
HTx,13,14904,25,red,T,X,S,red,T,X
HTx,13,17291,23,red,T,X,S,red,T,X
HTx,13,18736,14,red,T,X,S,red,T,X
HTx,13,18909,76,red,T,X,S,red,T,X
HTx,13,22721,25,red,T,X,S,red,T,X
HTx,13,23477,28,red,T,X,S,red,T,X
HTx,13,24466,215,red,T,X,S,red,T,X
HTx,13,24871,103,red,T,X,S,red,T,X
HTx,13,25378,74,red,T,X,S,red,T,X
HTx,13,28900,30,red,T,X,S,red,T,X
HTx,13,29327,42,red,T,X,S,red,T,X
HTx,13,38233,24,red,T,X,S,red,T,X
HTx,13,40754,37,red,T,X,S,red,T,X
HTx,13,40945,24,red,T,X,S,red,T,X
HTx,13,46332,94,red,T,X,S,red,T,X
HTx,13,46645,114,red,T,X,S,red,T,X
HTx,13,48843,91,red,T,X,S,red,T,X
HTx,13,49718,50,red,T,X,G,purple,N,X
HTx,13,50652,30,red,T,X,S,red,T,X
HTx,13,51179,35,red,T,X,S,red,T,X
HTx,13,51575,82,red,T,X,S,red,T,X
HTx,13,52201,13,red,T,X,S,red,T,X
HTx,13,52330,23,red,T,X,S,red,T,X
HTx,13,52528,89,red,T,X,S,red,T,X
HTx,13,52645,105,red,T,X,G,blue,N,X
HTx,13,53100,95,red,T,X,G,purple,N,X
HTx,13,54109,59,red,T,X,G,purple,N,X
HTx,13,54355,24,red,T,X,S,red,T,X
HTx,13,54813,56,red,T,X,S,red,T,X
HTx,13,54926,526,red,T,X,G,green,N,X
HTx,13,55608,418,red,T,X,G,yellow,G,H
HTx,13,56438,32,red,T,X,S,red,T,X
HTx,13,56531,31,red,T,X,S,red,T,X
HTx,13,57159,79,red,T,X,S,red,T,X
HTx,13,57263,574,red,T,X,G,yellow,G,H
HTx,13,57873,142,red,T,X,G,yellow,G,H
HTx,13,58577,1350,red,T,X,G,orange,N,X
HTx,13,59999,453,red,T,X,G,orange,N,X
HTx,13,60816,353,red,T,X,G,orange,N,X
HTx,13,61430,27,red,T,X,S,red,T,X
HTx,13,61616,822,red,T,X,G,orange,N,X
HTx,13,62709,38,red,T,X,S,red,T,X
HTx,13,62901,56,red,T,X,G,yellow,G,H
HTx,13,63515,20,red,T,X,S,red,T,X
HTx,13,63773,56,red,T,X,S,red,T,X
HTx,13,63847,509,red,T,X,G,yellow,G,H
HTx,13,64405,1372,red,T,X,G,blue,N,X
HTx,13,65869,90,red,T,X,G,yellow,G,H
HTx,13,65991,35,red,T,X,G,yellow,G,H
HTx,13,66742,29,red,T,X,S,red,T,X
HTx,13,67576,28,red,T,X,S,red,T,X
HTx,13,68038,23,red,T,X,S,red,T,X
HTx,13,68854,13,red,T,X,S,red,T,X
HTx,13,68900,375,red,T,X,G,yellow,G,H
HTx,13,70129,475,red,T,X,G,purple,N,X
HTx,13,71123,50,red,T,X,S,red,T,X
HTx,13,71785,89,red,T,X,S,red,T,X
HTx,13,72348,92,red,T,X,G,green,N,X
HTx,13,75900,244,red,T,X,S,red,T,X
HTx,13,76389,97,red,T,X,S,red,T,X
HTx,13,76897,384,red,T,X,G,yellow,G,H
HTx,13,77912,23,red,T,X,G,yellow,G,H
HTx,13,78483,173,red,T,X,S,red,T,X
HTx,13,79022,611,red,T,X,G,yellow,G,H
HTx,13,80551,24,red,T,X,S,red,T,X
HTx,13,80644,67,red,T,X,S,red,T,X
HTx,13,1024,1479,purple,N,X,G,red,T,X
HTx,13,2774,310,purple,N,X,G,red,T,X
HTx,13,3094,381,purple,N,X,G,yellow,G,H
HTx,13,3527,1705,purple,N,X,G,yellow,G,H
HTx,13,5302,113,purple,N,X,G,yellow,G,H
HTx,13,5564,435,purple,N,X,G,yellow,G,H
HTx,13,6123,1060,purple,N,X,G,yellow,G,H
HTx,13,7338,1733,purple,N,X,G,yellow,G,H
HTx,13,9229,643,purple,N,X,G,yellow,G,H
HTx,13,9989,428,purple,N,X,G,yellow,G,H
HTx,13,10671,455,purple,N,X,G,red,T,X
HTx,13,11129,68,purple,N,X,G,yellow,G,H
HTx,13,12936,1269,purple,N,X,G,red,T,X
HTx,13,14331,141,purple,N,X,G,red,T,X
HTx,13,14515,1017,purple,N,X,G,yellow,G,H
HTx,13,15626,87,purple,N,X,G,red,T,X
HTx,13,15714,370,purple,N,X,G,yellow,G,H
HTx,13,16131,33,purple,N,X,G,red,T,X
HTx,13,16173,324,purple,N,X,G,yellow,G,H
HTx,13,16685,416,purple,N,X,G,yellow,G,H
HTx,13,17198,27,purple,N,X,G,yellow,G,H
HTx,13,17308,12,purple,N,X,S,purple,N,X
HTx,13,17487,234,purple,N,X,G,red,T,X
HTx,13,17731,492,purple,N,X,G,yellow,G,H
HTx,13,18501,1494,purple,N,X,G,yellow,G,H
HTx,13,20158,824,purple,N,X,G,yellow,G,H
HTx,13,21110,24,purple,N,X,S,purple,N,X
HTx,13,21274,154,purple,N,X,G,green,N,X
HTx,13,21785,1404,purple,N,X,G,yellow,G,H
HTx,13,23842,1194,purple,N,X,G,yellow,G,H
HTx,13,25164,405,purple,N,X,G,yellow,G,H
HTx,13,26119,558,purple,N,X,G,yellow,G,H
HTx,13,27087,1261,purple,N,X,G,yellow,G,H
HTx,13,28499,1108,purple,N,X,G,yellow,G,H
HTx,13,29775,355,purple,N,X,G,yellow,G,H
HTx,13,30325,11,purple,N,X,S,purple,N,X
HTx,13,30448,792,purple,N,X,G,yellow,G,H
HTx,13,31815,90,purple,N,X,G,blue,N,X
HTx,13,32355,154,purple,N,X,G,blue,N,X
HTx,13,32796,46,purple,N,X,S,purple,N,X
HTx,13,33183,18,purple,N,X,S,purple,N,X
HTx,13,34502,18,purple,N,X,S,purple,N,X
HTx,13,36315,683,purple,N,X,G,yellow,G,H
HTx,13,37093,1191,purple,N,X,G,yellow,G,H
HTx,13,38570,1664,purple,N,X,G,red,T,X
HTx,13,40258,696,purple,N,X,G,orange,N,X
HTx,13,41197,16,purple,N,X,S,purple,N,X
HTx,13,42461,586,purple,N,X,G,yellow,G,H
HTx,13,44673,10,purple,N,X,S,purple,N,X
HTx,13,44804,24,purple,N,X,S,purple,N,X
HTx,13,45243,177,purple,N,X,G,green,N,X
HTx,13,45420,227,purple,N,X,G,red,T,X
HTx,13,45652,319,purple,N,X,G,green,N,X
HTx,13,46471,24,purple,N,X,S,purple,N,X
HTx,13,46587,18,purple,N,X,S,purple,N,X
HTx,13,46778,1719,purple,N,X,G,red,T,X
HTx,13,48513,254,purple,N,X,G,yellow,G,H
HTx,13,48934,37,purple,N,X,S,purple,N,X
HTx,13,49910,33,purple,N,X,S,purple,N,X
HTx,13,50021,121,purple,N,X,G,yellow,G,H
HTx,13,52228,35,purple,N,X,G,green,N,X
HTx,13,53510,224,purple,N,X,G,blue,N,X
HTx,13,53773,952,purple,N,X,G,blue,N,X
HTx,13,54778,604,purple,N,X,G,blue,N,X
HTx,13,55697,81,purple,N,X,S,purple,N,X
HTx,13,55924,670,purple,N,X,G,blue,N,X
HTx,13,56742,243,purple,N,X,G,green,N,X
HTx,13,57071,311,purple,N,X,G,orange,N,X
HTx,13,57386,259,purple,N,X,G,blue,N,X
HTx,13,57805,67,purple,N,X,S,purple,N,X
HTx,13,58890,68,purple,N,X,S,purple,N,X
HTx,13,60408,27,purple,N,X,S,purple,N,X
HTx,13,60438,20,purple,N,X,G,red,T,X
HTx,13,60552,21,purple,N,X,S,purple,N,X
HTx,13,61679,21,purple,N,X,S,purple,N,X
HTx,13,61971,69,purple,N,X,S,purple,N,X
HTx,13,62260,760,purple,N,X,G,yellow,G,H
HTx,13,65670,32,purple,N,X,S,purple,N,X
HTx,13,65810,15,purple,N,X,S,purple,N,X
HTx,13,66614,14,purple,N,X,S,purple,N,X
HTx,13,66640,582,purple,N,X,G,yellow,G,H
HTx,13,67402,47,purple,N,X,S,purple,N,X
HTx,13,67498,46,purple,N,X,S,purple,N,X
HTx,13,69237,19,purple,N,X,S,purple,N,X
HTx,13,69678,597,purple,N,X,G,yellow,G,H
HTx,13,70930,46,purple,N,X,S,purple,N,X
HTx,13,71239,399,purple,N,X,G,yellow,G,H
HTx,13,72010,98,purple,N,X,S,purple,N,X
HTx,13,72108,64,purple,N,X,G,red,T,X
HTx,13,72408,1833,purple,N,X,G,red,T,X
HTx,13,74448,20,purple,N,X,S,purple,N,X
HTx,13,74509,55,purple,N,X,S,purple,N,X
HTx,13,74940,37,purple,N,X,G,blue,N,X
HTx,13,78531,10,purple,N,X,S,purple,N,X
HTx,13,79332,63,purple,N,X,S,purple,N,X
HTx,13,79541,481,purple,N,X,G,red,T,X
HTx,13,80305,13,purple,N,X,S,purple,N,X
HTx,13,655,27,blue,N,X,S,blue,N,X
HTx,13,1063,14,blue,N,X,G,yellow,G,H
HTx,13,2467,25,blue,N,X,S,blue,N,X
HTx,13,2556,1470,blue,N,X,G,red,T,X
HTx,13,4396,479,blue,N,X,G,yellow,G,H
HTx,13,4912,1031,blue,N,X,G,yellow,G,H
HTx,13,6331,513,blue,N,X,G,yellow,G,H
HTx,13,7042,140,blue,N,X,G,purple,N,X
HTx,13,7715,1110,blue,N,X,G,yellow,G,H
HTx,13,8954,617,blue,N,X,G,yellow,G,H
HTx,13,9796,11,blue,N,X,S,blue,N,X
HTx,13,9890,21,blue,N,X,S,blue,N,X
HTx,13,10293,21,blue,N,X,S,blue,N,X
HTx,13,10996,16,blue,N,X,S,blue,N,X
HTx,13,11923,1116,blue,N,X,G,red,T,X
HTx,13,13291,56,blue,N,X,G,red,T,X
HTx,13,15632,123,blue,N,X,S,blue,N,X
HTx,13,15802,28,blue,N,X,S,blue,N,X
HTx,13,16703,122,blue,N,X,G,purple,N,X
HTx,13,16846,39,blue,N,X,S,blue,N,X
HTx,13,19149,19,blue,N,X,S,blue,N,X
HTx,13,19197,16,blue,N,X,S,blue,N,X
HTx,13,19259,1512,blue,N,X,G,red,T,X
HTx,13,21228,869,blue,N,X,G,yellow,G,H
HTx,13,22348,29,blue,N,X,S,blue,N,X
HTx,13,22698,13,blue,N,X,S,blue,N,X
HTx,13,22746,58,blue,N,X,S,blue,N,X
HTx,13,22818,37,blue,N,X,S,blue,N,X
HTx,13,22988,24,blue,N,X,S,blue,N,X
HTx,13,25171,54,blue,N,X,S,blue,N,X
HTx,13,26070,30,blue,N,X,S,blue,N,X
HTx,13,26131,36,blue,N,X,S,blue,N,X
HTx,13,27271,797,blue,N,X,G,yellow,G,H
HTx,13,28389,48,blue,N,X,S,blue,N,X
HTx,13,31114,42,blue,N,X,S,blue,N,X
HTx,13,31395,27,blue,N,X,S,blue,N,X
HTx,13,32881,31,blue,N,X,G,orange,N,X
HTx,13,32958,102,blue,N,X,G,yellow,G,H
HTx,13,34141,26,blue,N,X,S,blue,N,X
HTx,13,42339,5,blue,N,X,S,blue,N,X
HTx,13,42447,81,blue,N,X,S,blue,N,X
HTx,13,42658,134,blue,N,X,S,blue,N,X
HTx,13,42921,2282,blue,N,X,G,red,T,X
HTx,13,45343,20,blue,N,X,G,red,T,X
HTx,13,45844,26,blue,N,X,S,blue,N,X
HTx,13,46162,278,blue,N,X,S,blue,N,X
HTx,13,46640,28,blue,N,X,S,blue,N,X
HTx,13,48130,113,blue,N,X,S,blue,N,X
HTx,13,48307,93,blue,N,X,S,blue,N,X
HTx,13,48562,29,blue,N,X,S,blue,N,X
HTx,13,49406,81,blue,N,X,S,blue,N,X
HTx,13,49637,545,blue,N,X,G,yellow,G,H
HTx,13,51518,49,blue,N,X,S,blue,N,X
HTx,13,51601,38,blue,N,X,S,blue,N,X
HTx,13,52541,298,blue,N,X,G,purple,N,X
HTx,13,53034,103,blue,N,X,S,blue,N,X
HTx,13,66755,276,blue,N,X,S,blue,N,X
HTx,13,67224,16,blue,N,X,S,blue,N,X
HTx,13,69736,24,blue,N,X,S,blue,N,X
HTx,13,71309,27,blue,N,X,S,blue,N,X
HTx,13,74038,587,blue,N,X,G,yellow,G,H
HTx,13,75839,10,blue,N,X,G,red,T,X
HTx,13,78002,558,blue,N,X,G,yellow,G,H
HTx,13,221,66,green,N,X,S,green,N,X
HTx,13,370,249,green,N,X,G,red,T,X
HTx,13,1879,1184,green,N,X,G,yellow,G,H
HTx,13,3544,69,green,N,X,G,blue,N,X
HTx,13,4248,2218,green,N,X,G,red,T,X
HTx,13,7341,25,green,N,X,S,green,N,X
HTx,13,7928,287,green,N,X,G,purple,N,X
HTx,13,8463,19,green,N,X,S,green,N,X
HTx,13,12687,629,green,N,X,G,yellow,G,H
HTx,13,13376,625,green,N,X,G,yellow,G,H
HTx,13,14151,529,green,N,X,G,yellow,G,H
HTx,13,14873,31,green,N,X,S,green,N,X
HTx,13,14976,1274,green,N,X,G,red,T,X
HTx,13,17651,1165,green,N,X,G,orange,N,X
HTx,13,19292,71,green,N,X,S,green,N,X
HTx,13,20050,174,green,N,X,G,yellow,G,H
HTx,13,20312,75,green,N,X,S,green,N,X
HTx,13,20518,46,green,N,X,S,green,N,X
HTx,13,20588,204,green,N,X,G,blue,N,X
HTx,13,21240,151,green,N,X,G,orange,N,X
HTx,13,22377,9,green,N,X,S,green,N,X
HTx,13,28668,306,green,N,X,G,yellow,G,H
HTx,13,29141,589,green,N,X,G,yellow,G,H
HTx,13,29754,716,green,N,X,G,red,T,X
HTx,13,31133,1903,green,N,X,G,red,T,X
HTx,13,33384,19,green,N,X,S,green,N,X
HTx,13,33580,502,green,N,X,G,yellow,G,H
HTx,13,34451,86,green,N,X,S,green,N,X
HTx,13,46242,35,green,N,X,S,green,N,X
HTx,13,46477,142,green,N,X,S,green,N,X
HTx,13,46952,820,green,N,X,G,yellow,G,H
HTx,13,47891,176,green,N,X,G,yellow,G,H
HTx,13,48090,42,green,N,X,G,yellow,G,H
HTx,13,48170,609,green,N,X,G,yellow,G,H
HTx,13,49006,259,green,N,X,G,yellow,G,H
HTx,13,49403,2163,green,N,X,G,orange,N,X
HTx,13,51694,248,green,N,X,G,yellow,G,H
HTx,13,52089,26,green,N,X,S,green,N,X
HTx,13,52205,41,green,N,X,S,green,N,X
HTx,13,52317,39,green,N,X,S,green,N,X
HTx,13,52387,17,green,N,X,S,green,N,X
HTx,13,52641,149,green,N,X,G,orange,N,X
HTx,13,52858,138,green,N,X,S,green,N,X
HTx,13,53219,108,green,N,X,S,green,N,X
HTx,13,53818,806,green,N,X,G,orange,N,X
HTx,13,55525,42,green,N,X,S,green,N,X
HTx,13,56546,44,green,N,X,S,green,N,X
HTx,13,56692,88,green,N,X,S,green,N,X
HTx,13,57278,11,green,N,X,S,green,N,X
HTx,13,57382,97,green,N,X,S,green,N,X
HTx,13,57877,137,green,N,X,G,yellow,G,H
HTx,13,58221,127,green,N,X,S,green,N,X
HTx,13,58716,1314,green,N,X,G,yellow,G,H
HTx,13,60490,483,green,N,X,G,yellow,G,H
HTx,13,61201,299,green,N,X,G,yellow,G,H
HTx,13,61880,617,green,N,X,G,yellow,G,H
HTx,13,62639,1198,green,N,X,G,yellow,G,H
HTx,13,64010,2721,green,N,X,G,yellow,G,H
HTx,13,66808,174,green,N,X,G,yellow,G,H
HTx,13,67264,754,green,N,X,G,yellow,G,H
HTx,13,68566,1300,green,N,X,G,yellow,G,H
HTx,13,70151,19,green,N,X,S,green,N,X
HTx,13,70183,78,green,N,X,G,yellow,G,H
HTx,13,70514,48,green,N,X,S,green,N,X
HTx,13,70857,29,green,N,X,S,green,N,X
HTx,13,71253,232,green,N,X,G,yellow,G,H
HTx,13,72223,653,green,N,X,G,orange,N,X
HTx,13,74195,108,green,N,X,G,purple,N,X
HTx,13,74335,1463,green,N,X,G,red,T,X
HTx,13,75969,372,green,N,X,G,yellow,G,H
HTx,13,77056,354,green,N,X,G,yellow,G,H
HTx,13,79882,17,green,N,X,S,green,N,X
HTx,13,79915,409,green,N,X,G,orange,N,X
HTx,13,80537,16,green,N,X,S,green,N,X
HTx,13,32,1,yellow,G,H,A,yellow,G,H
HTx,13,49,1,yellow,G,H,A,yellow,G,H
HTx,13,65,1,yellow,G,H,A,yellow,G,H
HTx,13,82,1,yellow,G,H,A,yellow,G,H
HTx,13,98,1,yellow,G,H,A,yellow,G,H
HTx,13,117,1,yellow,G,H,A,yellow,G,H
HTx,13,135,1,yellow,G,H,A,yellow,G,H
HTx,13,154,1,yellow,G,H,A,yellow,G,H
HTx,13,172,1,yellow,G,H,A,yellow,G,H
HTx,13,191,1,yellow,G,H,A,yellow,G,H
HTx,13,210,1,yellow,G,H,A,yellow,G,H
HTx,13,227,1,yellow,G,H,A,yellow,G,H
HTx,13,246,1,yellow,G,H,A,yellow,G,H
HTx,13,264,1,yellow,G,H,A,yellow,G,H
HTx,13,282,1,yellow,G,H,A,yellow,G,H
HTx,13,300,1,yellow,G,H,A,yellow,G,H
HTx,13,320,1,yellow,G,H,A,yellow,G,H
HTx,13,337,1,yellow,G,H,A,yellow,G,H
HTx,13,354,1,yellow,G,H,A,yellow,G,H
HTx,13,373,1,yellow,G,H,A,yellow,G,H
HTx,13,392,1,yellow,G,H,A,yellow,G,H
HTx,13,412,1,yellow,G,H,A,yellow,G,H
HTx,13,428,1,yellow,G,H,A,yellow,G,H
HTx,13,525,536,yellow,G,H,H,yellow,G,H
HTx,13,1658,1,yellow,G,H,A,yellow,G,H
HTx,13,1674,1,yellow,G,H,A,yellow,G,H
HTx,13,1691,1,yellow,G,H,A,yellow,G,H
HTx,13,1734,1,yellow,G,H,A,yellow,G,H
HTx,13,1751,1,yellow,G,H,A,yellow,G,H
HTx,13,1768,1,yellow,G,H,A,yellow,G,H
HTx,13,6081,34,yellow,G,H,H,yellow,G,H
HTx,13,10993,1,yellow,G,H,A,yellow,G,H
HTx,13,11016,1,yellow,G,H,A,yellow,G,H
HTx,13,11032,1,yellow,G,H,A,yellow,G,H
HTx,13,11079,1,yellow,G,H,A,yellow,G,H
HTx,13,11101,1,yellow,G,H,A,yellow,G,H
HTx,13,11126,1,yellow,G,H,A,yellow,G,H
HTx,13,11158,1,yellow,G,H,A,yellow,G,H
HTx,13,11265,1,yellow,G,H,A,yellow,G,H
HTx,13,11294,1,yellow,G,H,A,yellow,G,H
HTx,13,11316,1,yellow,G,H,A,yellow,G,H
HTx,13,11333,884,yellow,G,H,H,yellow,G,H
HTx,13,12219,150,yellow,G,H,R,yellow,G,H
HTx,13,12432,1,yellow,G,H,A,yellow,G,H
HTx,13,12452,199,yellow,G,H,H,yellow,G,H
HTx,13,16677,1,yellow,G,H,A,yellow,G,H
HTx,13,17178,1,yellow,G,H,A,yellow,G,H
HTx,13,17203,1,yellow,G,H,A,yellow,G,H
HTx,13,17224,1,yellow,G,H,A,yellow,G,H
HTx,13,17312,1,yellow,G,H,A,yellow,G,H
HTx,13,17436,1,yellow,G,H,A,yellow,G,H
HTx,13,17453,1,yellow,G,H,A,yellow,G,H
HTx,13,17467,1,yellow,G,H,A,yellow,G,H
HTx,13,17479,1,yellow,G,H,A,yellow,G,H
HTx,13,17492,1,yellow,G,H,A,yellow,G,H
HTx,13,18243,1,yellow,G,H,A,yellow,G,H
HTx,13,18300,1,yellow,G,H,A,yellow,G,H
HTx,13,18321,1,yellow,G,H,A,yellow,G,H
HTx,13,18342,1,yellow,G,H,A,yellow,G,H
HTx,13,18360,1,yellow,G,H,A,yellow,G,H
HTx,13,18380,1,yellow,G,H,A,yellow,G,H
HTx,13,18397,1,yellow,G,H,A,yellow,G,H
HTx,13,18412,1,yellow,G,H,A,yellow,G,H
HTx,13,18432,1,yellow,G,H,A,yellow,G,H
HTx,13,18451,1,yellow,G,H,A,yellow,G,H
HTx,13,18470,1,yellow,G,H,A,yellow,G,H
HTx,13,18473,23,yellow,G,H,H,yellow,G,H
HTx,13,23231,1,yellow,G,H,A,yellow,G,H
HTx,13,23254,1,yellow,G,H,A,yellow,G,H
HTx,13,23311,1,yellow,G,H,A,yellow,G,H
HTx,13,23320,523,yellow,G,H,H,yellow,G,H
HTx,13,28482,1,yellow,G,H,A,yellow,G,H
HTx,13,38374,1,yellow,G,H,A,yellow,G,H
HTx,13,38391,1,yellow,G,H,A,yellow,G,H
HTx,13,38409,1,yellow,G,H,A,yellow,G,H
HTx,13,38427,1,yellow,G,H,A,yellow,G,H
HTx,13,38456,65,yellow,G,H,H,yellow,G,H
HTx,13,38768,144,yellow,G,H,H,yellow,G,H
HTx,13,40011,59,yellow,G,H,H,yellow,G,H
HTx,13,41066,228,yellow,G,H,H,yellow,G,H
HTx,13,41299,91,yellow,G,H,R,yellow,G,H
HTx,13,48813,1,yellow,G,H,A,yellow,G,H
HTx,13,48876,1,yellow,G,H,A,yellow,G,H
HTx,13,48897,1,yellow,G,H,A,yellow,G,H
HTx,13,49356,1,yellow,G,H,A,yellow,G,H
HTx,13,49380,1,yellow,G,H,A,yellow,G,H
HTx,13,49402,1,yellow,G,H,A,yellow,G,H
HTx,13,49413,30,yellow,G,H,H,yellow,G,H
HTx,13,52193,1,yellow,G,H,A,yellow,G,H
HTx,13,52241,1,yellow,G,H,A,yellow,G,H
HTx,13,52259,1,yellow,G,H,A,yellow,G,H
HTx,13,52276,1,yellow,G,H,A,yellow,G,H
HTx,13,52287,25,yellow,G,H,H,yellow,G,H
HTx,13,52339,22,yellow,G,H,H,yellow,G,H
HTx,13,52429,84,yellow,G,H,H,yellow,G,H
HTx,13,52625,157,yellow,G,H,H,yellow,G,H
HTx,13,52918,25,yellow,G,H,H,yellow,G,H
HTx,13,53252,63,yellow,G,H,H,yellow,G,H
HTx,13,53357,82,yellow,G,H,H,yellow,G,H
HTx,13,56320,1,yellow,G,H,A,yellow,G,H
HTx,13,56341,1,yellow,G,H,A,yellow,G,H
HTx,13,56369,1,yellow,G,H,A,yellow,G,H
HTx,13,56403,1,yellow,G,H,A,yellow,G,H
HTx,13,56420,137,yellow,G,H,H,yellow,G,H
HTx,13,56559,128,yellow,G,H,R,yellow,G,H
HTx,13,58214,1,yellow,G,H,A,yellow,G,H
HTx,13,58434,185,yellow,G,H,H,yellow,G,H
HTx,13,68453,1,yellow,G,H,A,yellow,G,H
HTx,13,68497,1,yellow,G,H,A,yellow,G,H
HTx,13,70446,1,yellow,G,H,A,yellow,G,H
HTx,13,70479,1,yellow,G,H,A,yellow,G,H
HTx,13,70488,1,yellow,G,H,A,yellow,G,H
HTx,13,70528,46,yellow,G,H,H,yellow,G,H
HTx,13,70932,77,yellow,G,H,H,yellow,G,H
HTx,13,72184,1,yellow,G,H,A,yellow,G,H
HTx,13,72203,1,yellow,G,H,A,yellow,G,H
HTx,13,72229,1,yellow,G,H,A,yellow,G,H
HTx,13,72241,27,yellow,G,H,H,yellow,G,H
HTx,13,72289,58,yellow,G,H,H,yellow,G,H
HTx,13,72446,128,yellow,G,H,H,yellow,G,H
HTx,13,73653,126,yellow,G,H,H,yellow,G,H
HTx,13,73781,143,yellow,G,H,R,yellow,G,H
HTx,13,75059,158,yellow,G,H,H,yellow,G,H
HTx,13,76706,40,yellow,G,H,H,yellow,G,H
HTx,13,76778,53,yellow,G,H,H,yellow,G,H
HTx,13,77518,1,yellow,G,H,A,yellow,G,H
HTx,13,77539,1,yellow,G,H,A,yellow,G,H
HTx,13,77556,1,yellow,G,H,A,yellow,G,H
HTx,13,77573,1,yellow,G,H,A,yellow,G,H
HTx,13,77615,1,yellow,G,H,A,yellow,G,H
HTx,13,77647,1,yellow,G,H,A,yellow,G,H
HTx,13,77667,252,yellow,G,H,H,yellow,G,H
HTx,13,85,1,orange,N,X,A,orange,N,X
HTx,13,136,1,orange,N,X,A,orange,N,X
HTx,13,151,1,orange,N,X,A,orange,N,X
HTx,13,183,1,orange,N,X,A,orange,N,X
HTx,13,308,1,orange,N,X,A,orange,N,X
HTx,13,353,1,orange,N,X,A,orange,N,X
HTx,13,374,1,orange,N,X,A,orange,N,X
HTx,13,391,1,orange,N,X,A,orange,N,X
HTx,13,414,1,orange,N,X,A,orange,N,X
HTx,13,461,1,orange,N,X,A,orange,N,X
HTx,13,477,1,orange,N,X,A,orange,N,X
HTx,13,495,1,orange,N,X,A,orange,N,X
HTx,13,549,1,orange,N,X,A,orange,N,X
HTx,13,561,1,orange,N,X,A,orange,N,X
HTx,13,581,1,orange,N,X,A,orange,N,X
HTx,13,599,1,orange,N,X,A,orange,N,X
HTx,13,617,1,orange,N,X,A,orange,N,X
HTx,13,635,1,orange,N,X,A,orange,N,X
HTx,13,666,1,orange,N,X,A,orange,N,X
HTx,13,1190,1,orange,N,X,A,orange,N,X
HTx,13,1645,1,orange,N,X,A,orange,N,X
HTx,13,1700,1,orange,N,X,A,orange,N,X
HTx,13,1717,1,orange,N,X,A,orange,N,X
HTx,13,1729,19,orange,N,X,H,orange,N,X
HTx,13,1882,1,orange,N,X,A,orange,N,X
HTx,13,1900,1,orange,N,X,A,orange,N,X
HTx,13,2694,286,orange,N,X,H,orange,N,X
HTx,13,3017,457,orange,N,X,H,orange,N,X
HTx,13,16359,1,orange,N,X,A,orange,N,X
HTx,13,16392,1,orange,N,X,A,orange,N,X
HTx,13,16633,1,orange,N,X,A,orange,N,X
HTx,13,16654,1,orange,N,X,A,orange,N,X
HTx,13,16671,1,orange,N,X,A,orange,N,X
HTx,13,16749,1,orange,N,X,A,orange,N,X
HTx,13,19166,1,orange,N,X,A,orange,N,X
HTx,13,19186,1,orange,N,X,A,orange,N,X
HTx,13,19200,120,orange,N,X,H,orange,N,X
HTx,13,19383,46,orange,N,X,H,orange,N,X
HTx,13,19496,49,orange,N,X,H,orange,N,X
HTx,13,20846,35,orange,N,X,H,orange,N,X
HTx,13,21890,63,orange,N,X,H,orange,N,X
HTx,13,22405,299,orange,N,X,H,orange,N,X
HTx,13,26863,243,orange,N,X,H,orange,N,X
HTx,13,28228,120,orange,N,X,H,orange,N,X
HTx,13,29041,1,orange,N,X,A,orange,N,X
HTx,13,29058,1,orange,N,X,A,orange,N,X
HTx,13,29082,43,orange,N,X,H,orange,N,X
HTx,13,29794,1,orange,N,X,A,orange,N,X
HTx,13,29814,1,orange,N,X,A,orange,N,X
HTx,13,29837,1,orange,N,X,A,orange,N,X
HTx,13,32192,83,orange,N,X,H,orange,N,X
HTx,13,32335,106,orange,N,X,H,orange,N,X
HTx,13,32958,79,orange,N,X,H,orange,N,X
HTx,13,33736,52,orange,N,X,H,orange,N,X
HTx,13,33791,122,orange,N,X,R,orange,N,X
HTx,13,36152,87,orange,N,X,H,orange,N,X
HTx,13,36333,51,orange,N,X,H,orange,N,X
HTx,13,37113,1,orange,N,X,A,orange,N,X
HTx,13,37140,1,orange,N,X,A,orange,N,X
HTx,13,37164,1,orange,N,X,A,orange,N,X
HTx,13,41563,1,orange,N,X,A,orange,N,X
HTx,13,41584,1,orange,N,X,A,orange,N,X
HTx,13,42569,1,orange,N,X,A,orange,N,X
HTx,13,42593,1,orange,N,X,A,orange,N,X
HTx,13,42613,1,orange,N,X,A,orange,N,X
HTx,13,43213,393,orange,N,X,H,orange,N,X
HTx,13,46469,1,orange,N,X,A,orange,N,X
HTx,13,46490,1,orange,N,X,A,orange,N,X
HTx,13,46896,1,orange,N,X,A,orange,N,X
HTx,13,46918,1,orange,N,X,A,orange,N,X
HTx,13,46929,210,orange,N,X,H,orange,N,X
HTx,13,47764,166,orange,N,X,H,orange,N,X
HTx,13,47995,121,orange,N,X,H,orange,N,X
HTx,13,48916,1,orange,N,X,A,orange,N,X
HTx,13,48949,1,orange,N,X,A,orange,N,X
HTx,13,51826,1,orange,N,X,A,orange,N,X
HTx,13,51903,1,orange,N,X,A,orange,N,X
HTx,13,51922,82,orange,N,X,H,orange,N,X
HTx,13,52061,95,orange,N,X,H,orange,N,X
HTx,13,53332,91,orange,N,X,H,orange,N,X
HTx,13,54887,1,orange,N,X,A,orange,N,X
HTx,13,54905,1,orange,N,X,A,orange,N,X
HTx,13,54922,1,orange,N,X,A,orange,N,X
HTx,13,54942,1,orange,N,X,A,orange,N,X
HTx,13,54961,1,orange,N,X,A,orange,N,X
HTx,13,54978,1,orange,N,X,A,orange,N,X
HTx,13,55008,1,orange,N,X,A,orange,N,X
HTx,13,55026,1,orange,N,X,A,orange,N,X
HTx,13,55048,1,orange,N,X,A,orange,N,X
HTx,13,55068,1,orange,N,X,A,orange,N,X
HTx,13,55143,54,orange,N,X,H,orange,N,X
HTx,13,55411,112,orange,N,X,H,orange,N,X
HTx,13,55525,123,orange,N,X,R,orange,N,X
HTx,13,56745,1,orange,N,X,A,orange,N,X
HTx,13,56764,1,orange,N,X,A,orange,N,X
HTx,13,57771,146,orange,N,X,H,orange,N,X
HTx,13,58472,1,orange,N,X,A,orange,N,X
HTx,13,58494,28,orange,N,X,H,orange,N,X
HTx,13,58541,30,orange,N,X,H,orange,N,X
HTx,13,61428,1,orange,N,X,A,orange,N,X
HTx,13,61445,1,orange,N,X,A,orange,N,X
HTx,13,63059,323,orange,N,X,H,orange,N,X
HTx,13,63784,1,orange,N,X,A,orange,N,X
HTx,13,63803,1,orange,N,X,A,orange,N,X
HTx,13,63822,1,orange,N,X,A,orange,N,X
HTx,13,63839,1,orange,N,X,A,orange,N,X
HTx,13,63862,1,orange,N,X,A,orange,N,X
HTx,13,63881,1,orange,N,X,A,orange,N,X
HTx,13,63898,1,orange,N,X,A,orange,N,X
HTx,13,63928,1,orange,N,X,A,orange,N,X
HTx,13,63955,1,orange,N,X,A,orange,N,X
HTx,13,63982,1,orange,N,X,A,orange,N,X
HTx,13,64020,46,orange,N,X,H,orange,N,X
HTx,13,64167,25,orange,N,X,H,orange,N,X
HTx,13,64567,75,orange,N,X,H,orange,N,X
HTx,13,64647,166,orange,N,X,R,orange,N,X
HTx,13,64886,109,orange,N,X,H,orange,N,X
HTx,13,65900,187,orange,N,X,H,orange,N,X
HTx,13,66320,1,orange,N,X,A,orange,N,X
HTx,13,66339,1,orange,N,X,A,orange,N,X
HTx,13,66366,1,orange,N,X,A,orange,N,X
HTx,13,66398,1,orange,N,X,A,orange,N,X
HTx,13,66456,1,orange,N,X,A,orange,N,X
HTx,13,66476,1,orange,N,X,A,orange,N,X
HTx,13,66498,1,orange,N,X,A,orange,N,X
HTx,13,66516,1,orange,N,X,A,orange,N,X
HTx,13,66538,1,orange,N,X,A,orange,N,X
HTx,13,66559,1,orange,N,X,A,orange,N,X
HTx,13,66585,1,orange,N,X,A,orange,N,X
HTx,13,66605,1,orange,N,X,A,orange,N,X
HTx,13,66625,1,orange,N,X,A,orange,N,X
HTx,13,66642,1,orange,N,X,A,orange,N,X
HTx,13,66668,1,orange,N,X,A,orange,N,X
HTx,13,66727,417,orange,N,X,H,orange,N,X
HTx,13,67165,125,orange,N,X,H,orange,N,X
HTx,13,67930,1,orange,N,X,A,orange,N,X
HTx,13,68061,1,orange,N,X,A,orange,N,X
HTx,13,68207,1,orange,N,X,A,orange,N,X
HTx,13,68231,1,orange,N,X,A,orange,N,X
HTx,13,68253,1,orange,N,X,A,orange,N,X
HTx,13,68259,41,orange,N,X,H,orange,N,X
HTx,13,68368,1,orange,N,X,A,orange,N,X
HTx,13,73182,1,orange,N,X,A,orange,N,X
HTx,13,73202,1,orange,N,X,A,orange,N,X
HTx,13,73228,1,orange,N,X,A,orange,N,X
HTx,13,73250,1,orange,N,X,A,orange,N,X
HTx,13,80716,1,orange,N,X,A,orange,N,X
HTx,13,80738,1,orange,N,X,A,orange,N,X
HTx,13,80770,35,orange,N,X,H,orange,N,X
HTx,13,23,1,red,T,X,A,red,T,X
HTx,13,43,1,red,T,X,A,red,T,X
HTx,13,71,1,red,T,X,A,red,T,X
HTx,13,92,1,red,T,X,A,red,T,X
HTx,13,102,124,red,T,X,H,red,T,X
HTx,13,276,1,red,T,X,A,red,T,X
HTx,13,296,1,red,T,X,A,red,T,X
HTx,13,316,1,red,T,X,A,red,T,X
HTx,13,333,587,red,T,X,H,red,T,X
HTx,13,6676,1,red,T,X,A,red,T,X
HTx,13,6692,1,red,T,X,A,red,T,X
HTx,13,6712,1,red,T,X,A,red,T,X
HTx,13,6739,1,red,T,X,A,red,T,X
HTx,13,6754,1,red,T,X,A,red,T,X
HTx,13,6772,1,red,T,X,A,red,T,X
HTx,13,6792,1,red,T,X,A,red,T,X
HTx,13,6810,1,red,T,X,A,red,T,X
HTx,13,6831,1,red,T,X,A,red,T,X
HTx,13,6849,1,red,T,X,A,red,T,X
HTx,13,6941,1,red,T,X,A,red,T,X
HTx,13,6961,1,red,T,X,A,red,T,X
HTx,13,6978,1,red,T,X,A,red,T,X
HTx,13,6999,1,red,T,X,A,red,T,X
HTx,13,7017,1,red,T,X,A,red,T,X
HTx,13,7037,1,red,T,X,A,red,T,X
HTx,13,7055,1,red,T,X,A,red,T,X
HTx,13,7069,1,red,T,X,A,red,T,X
HTx,13,7079,1,red,T,X,A,red,T,X
HTx,13,7225,1,red,T,X,A,red,T,X
HTx,13,7251,1,red,T,X,A,red,T,X
HTx,13,7272,1,red,T,X,A,red,T,X
HTx,13,7291,1,red,T,X,A,red,T,X
HTx,13,7302,1,red,T,X,A,red,T,X
HTx,13,7307,149,red,T,X,H,red,T,X
HTx,13,7459,107,red,T,X,R,red,T,X
HTx,13,7626,1,red,T,X,A,red,T,X
HTx,13,7645,1,red,T,X,A,red,T,X
HTx,13,7668,1,red,T,X,A,red,T,X
HTx,13,7837,324,red,T,X,H,red,T,X
HTx,13,8265,412,red,T,X,H,red,T,X
HTx,13,8787,1,red,T,X,A,red,T,X
HTx,13,8807,1,red,T,X,A,red,T,X
HTx,13,8826,1,red,T,X,A,red,T,X
HTx,13,8844,1,red,T,X,A,red,T,X
HTx,13,8858,134,red,T,X,H,red,T,X
HTx,13,9008,69,red,T,X,H,red,T,X
HTx,13,9275,464,red,T,X,H,red,T,X
HTx,13,9801,1,red,T,X,A,red,T,X
HTx,13,9822,1,red,T,X,A,red,T,X
HTx,13,9840,1,red,T,X,A,red,T,X
HTx,13,9858,1,red,T,X,A,red,T,X
HTx,13,9876,1,red,T,X,A,red,T,X
HTx,13,9893,254,red,T,X,H,red,T,X
HTx,13,10416,1,red,T,X,A,red,T,X
HTx,13,10432,1,red,T,X,A,red,T,X
HTx,13,10470,1,red,T,X,A,red,T,X
HTx,13,10653,1,red,T,X,A,red,T,X
HTx,13,10668,1,red,T,X,A,red,T,X
HTx,13,11314,1,red,T,X,A,red,T,X
HTx,13,11334,1,red,T,X,A,red,T,X
HTx,13,11366,1,red,T,X,A,red,T,X
HTx,13,11387,1,red,T,X,A,red,T,X
HTx,13,11407,1,red,T,X,A,red,T,X
HTx,13,11425,66,red,T,X,H,red,T,X
HTx,13,11494,141,red,T,X,R,red,T,X
HTx,13,11648,192,red,T,X,H,red,T,X
HTx,13,14676,1,red,T,X,A,red,T,X
HTx,13,14695,1,red,T,X,A,red,T,X
HTx,13,14946,1,red,T,X,A,red,T,X
HTx,13,14962,28,red,T,X,H,red,T,X
HTx,13,16443,1,red,T,X,A,red,T,X
HTx,13,16465,1,red,T,X,A,red,T,X
HTx,13,16496,1,red,T,X,A,red,T,X
HTx,13,16518,1,red,T,X,A,red,T,X
HTx,13,16549,1,red,T,X,A,red,T,X
HTx,13,16587,35,red,T,X,H,red,T,X
HTx,13,16776,515,red,T,X,H,red,T,X
HTx,13,17314,107,red,T,X,H,red,T,X
HTx,13,18759,1,red,T,X,A,red,T,X
HTx,13,18769,107,red,T,X,H,red,T,X
HTx,13,18985,256,red,T,X,H,red,T,X
HTx,13,21834,243,red,T,X,H,red,T,X
HTx,13,22672,49,red,T,X,H,red,T,X
HTx,13,22746,93,red,T,X,H,red,T,X
HTx,13,22845,169,red,T,X,R,red,T,X
HTx,13,23061,99,red,T,X,H,red,T,X
HTx,13,23373,1,red,T,X,A,red,T,X
HTx,13,23395,1,red,T,X,A,red,T,X
HTx,13,23440,1,red,T,X,A,red,T,X
HTx,13,23572,25,red,T,X,H,red,T,X
HTx,13,23828,1,red,T,X,A,red,T,X
HTx,13,23849,408,red,T,X,H,red,T,X
HTx,13,24681,148,red,T,X,H,red,T,X
HTx,13,24864,7,red,T,X,H,red,T,X
HTx,13,24993,343,red,T,X,H,red,T,X
HTx,13,28930,397,red,T,X,H,red,T,X
HTx,13,36556,1,red,T,X,A,red,T,X
HTx,13,36578,1,red,T,X,A,red,T,X
HTx,13,36603,1,red,T,X,A,red,T,X
HTx,13,36627,1,red,T,X,A,red,T,X
HTx,13,37425,328,red,T,X,H,red,T,X
HTx,13,37755,208,red,T,X,R,red,T,X
HTx,13,38257,128,red,T,X,H,red,T,X
HTx,13,38429,35,red,T,X,H,red,T,X
HTx,13,40693,36,red,T,X,H,red,T,X
HTx,13,40905,1,red,T,X,A,red,T,X
HTx,13,40925,1,red,T,X,A,red,T,X
HTx,13,40969,42,red,T,X,H,red,T,X
HTx,13,42077,1,red,T,X,A,red,T,X
HTx,13,42099,1,red,T,X,A,red,T,X
HTx,13,42221,277,red,T,X,H,red,T,X
HTx,13,42503,161,red,T,X,R,red,T,X
HTx,13,42741,80,red,T,X,H,red,T,X
HTx,13,46130,1,red,T,X,A,red,T,X
HTx,13,46156,1,red,T,X,A,red,T,X
HTx,13,46506,125,red,T,X,H,red,T,X
HTx,13,46759,28,red,T,X,H,red,T,X
HTx,13,49003,51,red,T,X,H,red,T,X
HTx,13,49057,127,red,T,X,R,red,T,X
HTx,13,49230,360,red,T,X,H,red,T,X
HTx,13,50199,1,red,T,X,A,red,T,X
HTx,13,50217,1,red,T,X,A,red,T,X
HTx,13,50235,1,red,T,X,A,red,T,X
HTx,13,50268,1,red,T,X,A,red,T,X
HTx,13,50303,1,red,T,X,A,red,T,X
HTx,13,50682,354,red,T,X,H,red,T,X
HTx,13,51214,361,red,T,X,H,red,T,X
HTx,13,52083,1,red,T,X,A,red,T,X
HTx,13,52102,1,red,T,X,A,red,T,X
HTx,13,52120,1,red,T,X,A,red,T,X
HTx,13,52137,1,red,T,X,A,red,T,X
HTx,13,52156,1,red,T,X,A,red,T,X
HTx,13,52174,1,red,T,X,A,red,T,X
HTx,13,52191,1,red,T,X,A,red,T,X
HTx,13,52214,55,red,T,X,H,red,T,X
HTx,13,52353,175,red,T,X,H,red,T,X
HTx,13,52958,1,red,T,X,A,red,T,X
HTx,13,53064,1,red,T,X,A,red,T,X
HTx,13,53315,601,red,T,X,H,red,T,X
HTx,13,53924,158,red,T,X,R,red,T,X
HTx,13,54327,1,red,T,X,A,red,T,X
HTx,13,54346,1,red,T,X,A,red,T,X
HTx,13,54379,411,red,T,X,H,red,T,X
HTx,13,56072,95,red,T,X,H,red,T,X
HTx,13,56203,55,red,T,X,H,red,T,X
HTx,13,56417,1,red,T,X,A,red,T,X
HTx,13,56436,1,red,T,X,A,red,T,X
HTx,13,56470,61,red,T,X,H,red,T,X
HTx,13,56562,157,red,T,X,H,red,T,X
HTx,13,57118,41,red,T,X,H,red,T,X
HTx,13,57238,19,red,T,X,H,red,T,X
HTx,13,58036,152,red,T,X,H,red,T,X
HTx,13,58396,1,red,T,X,A,red,T,X
HTx,13,58415,1,red,T,X,A,red,T,X
HTx,13,58436,1,red,T,X,A,red,T,X
HTx,13,58455,1,red,T,X,A,red,T,X
HTx,13,58473,92,red,T,X,H,red,T,X
HTx,13,59928,61,red,T,X,H,red,T,X
HTx,13,60509,1,red,T,X,A,red,T,X
HTx,13,60525,210,red,T,X,H,red,T,X
HTx,13,61192,238,red,T,X,H,red,T,X
HTx,13,61457,154,red,T,X,H,red,T,X
HTx,13,62477,1,red,T,X,A,red,T,X
HTx,13,62499,1,red,T,X,A,red,T,X
HTx,13,62510,199,red,T,X,H,red,T,X
HTx,13,62747,87,red,T,X,H,red,T,X
HTx,13,63304,1,red,T,X,A,red,T,X
HTx,13,63323,1,red,T,X,A,red,T,X
HTx,13,63344,1,red,T,X,A,red,T,X
HTx,13,63371,1,red,T,X,A,red,T,X
HTx,13,63392,1,red,T,X,A,red,T,X
HTx,13,63419,1,red,T,X,A,red,T,X
HTx,13,63438,1,red,T,X,A,red,T,X
HTx,13,63472,1,red,T,X,A,red,T,X
HTx,13,63491,1,red,T,X,A,red,T,X
HTx,13,63511,1,red,T,X,A,red,T,X
HTx,13,63535,238,red,T,X,H,red,T,X
HTx,13,65801,1,red,T,X,A,red,T,X
HTx,13,65834,1,red,T,X,A,red,T,X
HTx,13,66111,143,red,T,X,H,red,T,X
HTx,13,66450,1,red,T,X,A,red,T,X
HTx,13,66469,1,red,T,X,A,red,T,X
HTx,13,66488,1,red,T,X,A,red,T,X
HTx,13,66515,1,red,T,X,A,red,T,X
HTx,13,66541,1,red,T,X,A,red,T,X
HTx,13,66564,1,red,T,X,A,red,T,X
HTx,13,66625,1,red,T,X,A,red,T,X
HTx,13,66643,1,red,T,X,A,red,T,X
HTx,13,66664,1,red,T,X,A,red,T,X
HTx,13,66726,1,red,T,X,A,red,T,X
HTx,13,66771,63,red,T,X,H,red,T,X
HTx,13,66935,1,red,T,X,A,red,T,X
HTx,13,66955,1,red,T,X,A,red,T,X
HTx,13,66976,1,red,T,X,A,red,T,X
HTx,13,66998,1,red,T,X,A,red,T,X
HTx,13,67168,1,red,T,X,A,red,T,X
HTx,13,67189,1,red,T,X,A,red,T,X
HTx,13,67210,1,red,T,X,A,red,T,X
HTx,13,67242,1,red,T,X,A,red,T,X
HTx,13,67261,1,red,T,X,A,red,T,X
HTx,13,67282,1,red,T,X,A,red,T,X
HTx,13,67301,1,red,T,X,A,red,T,X
HTx,13,67341,1,red,T,X,A,red,T,X
HTx,13,67360,1,red,T,X,A,red,T,X
HTx,13,67383,1,red,T,X,A,red,T,X
HTx,13,67449,1,red,T,X,A,red,T,X
HTx,13,67474,1,red,T,X,A,red,T,X
HTx,13,67490,1,red,T,X,A,red,T,X
HTx,13,67510,1,red,T,X,A,red,T,X
HTx,13,67529,1,red,T,X,A,red,T,X
HTx,13,67604,207,red,T,X,H,red,T,X
HTx,13,67917,121,red,T,X,H,red,T,X
HTx,13,68506,1,red,T,X,A,red,T,X
HTx,13,68532,1,red,T,X,A,red,T,X
HTx,13,68550,1,red,T,X,A,red,T,X
HTx,13,68569,1,red,T,X,A,red,T,X
HTx,13,68589,1,red,T,X,A,red,T,X
HTx,13,68610,1,red,T,X,A,red,T,X
HTx,13,68628,1,red,T,X,A,red,T,X
HTx,13,68646,1,red,T,X,A,red,T,X
HTx,13,68674,1,red,T,X,A,red,T,X
HTx,13,68696,1,red,T,X,A,red,T,X
HTx,13,68713,1,red,T,X,A,red,T,X
HTx,13,68771,1,red,T,X,A,red,T,X
HTx,13,68798,1,red,T,X,A,red,T,X
HTx,13,68820,1,red,T,X,A,red,T,X
HTx,13,68846,1,red,T,X,A,red,T,X
HTx,13,68867,1,red,T,X,A,red,T,X
HTx,13,69293,431,red,T,X,H,red,T,X
HTx,13,69726,104,red,T,X,R,red,T,X
HTx,13,70022,108,red,T,X,H,red,T,X
HTx,13,70687,369,red,T,X,H,red,T,X
HTx,13,71173,382,red,T,X,H,red,T,X
HTx,13,71874,48,red,T,X,H,red,T,X
HTx,13,76254,1,red,T,X,A,red,T,X
HTx,13,76290,1,red,T,X,A,red,T,X
HTx,13,76304,51,red,T,X,H,red,T,X
HTx,13,76772,1,red,T,X,A,red,T,X
HTx,13,76789,1,red,T,X,A,red,T,X
HTx,13,76795,85,red,T,X,H,red,T,X
HTx,13,77659,111,red,T,X,H,red,T,X
HTx,13,78015,170,red,T,X,H,red,T,X
HTx,13,78187,155,red,T,X,R,red,T,X
HTx,13,78715,236,red,T,X,H,red,T,X
HTx,13,80158,1,red,T,X,A,red,T,X
HTx,13,80178,1,red,T,X,A,red,T,X
HTx,13,80196,1,red,T,X,A,red,T,X
HTx,13,80214,1,red,T,X,A,red,T,X
HTx,13,80233,1,red,T,X,A,red,T,X
HTx,13,80249,1,red,T,X,A,red,T,X
HTx,13,80281,1,red,T,X,A,red,T,X
HTx,13,80304,1,red,T,X,A,red,T,X
HTx,13,80319,1,red,T,X,A,red,T,X
HTx,13,80336,1,red,T,X,A,red,T,X
HTx,13,80357,1,red,T,X,A,red,T,X
HTx,13,80377,1,red,T,X,A,red,T,X
HTx,13,80395,1,red,T,X,A,red,T,X
HTx,13,80445,1,red,T,X,A,red,T,X
HTx,13,80463,1,red,T,X,A,red,T,X
HTx,13,80480,1,red,T,X,A,red,T,X
HTx,13,80496,1,red,T,X,A,red,T,X
HTx,13,80515,1,red,T,X,A,red,T,X
HTx,13,80531,1,red,T,X,A,red,T,X
HTx,13,80575,69,red,T,X,H,red,T,X
HTx,13,80732,114,red,T,X,H,red,T,X
HTx,13,36,1,purple,N,X,A,purple,N,X
HTx,13,52,1,purple,N,X,A,purple,N,X
HTx,13,69,1,purple,N,X,A,purple,N,X
HTx,13,86,1,purple,N,X,A,purple,N,X
HTx,13,102,1,purple,N,X,A,purple,N,X
HTx,13,119,1,purple,N,X,A,purple,N,X
HTx,13,136,1,purple,N,X,A,purple,N,X
HTx,13,155,1,purple,N,X,A,purple,N,X
HTx,13,175,1,purple,N,X,A,purple,N,X
HTx,13,191,1,purple,N,X,A,purple,N,X
HTx,13,208,1,purple,N,X,A,purple,N,X
HTx,13,226,1,purple,N,X,A,purple,N,X
HTx,13,274,1,purple,N,X,A,purple,N,X
HTx,13,294,1,purple,N,X,A,purple,N,X
HTx,13,312,1,purple,N,X,A,purple,N,X
HTx,13,336,1,purple,N,X,A,purple,N,X
HTx,13,361,1,purple,N,X,A,purple,N,X
HTx,13,386,1,purple,N,X,A,purple,N,X
HTx,13,405,1,purple,N,X,A,purple,N,X
HTx,13,426,1,purple,N,X,A,purple,N,X
HTx,13,448,1,purple,N,X,A,purple,N,X
HTx,13,469,1,purple,N,X,A,purple,N,X
HTx,13,491,1,purple,N,X,A,purple,N,X
HTx,13,513,1,purple,N,X,A,purple,N,X
HTx,13,568,1,purple,N,X,A,purple,N,X
HTx,13,589,1,purple,N,X,A,purple,N,X
HTx,13,604,144,purple,N,X,H,purple,N,X
HTx,13,787,98,purple,N,X,H,purple,N,X
HTx,13,2563,1,purple,N,X,A,purple,N,X
HTx,13,2580,1,purple,N,X,A,purple,N,X
HTx,13,2602,1,purple,N,X,A,purple,N,X
HTx,13,2633,1,purple,N,X,A,purple,N,X
HTx,13,2658,1,purple,N,X,A,purple,N,X
HTx,13,2683,1,purple,N,X,A,purple,N,X
HTx,13,5268,1,purple,N,X,A,purple,N,X
HTx,13,5287,1,purple,N,X,A,purple,N,X
HTx,13,5301,1,purple,N,X,A,purple,N,X
HTx,13,5420,121,purple,N,X,H,purple,N,X
HTx,13,6065,36,purple,N,X,H,purple,N,X
HTx,13,7200,137,purple,N,X,H,purple,N,X
HTx,13,9124,105,purple,N,X,H,purple,N,X
HTx,13,9898,85,purple,N,X,H,purple,N,X
HTx,13,10466,155,purple,N,X,H,purple,N,X
HTx,13,11240,260,purple,N,X,H,purple,N,X
HTx,13,12185,1,purple,N,X,A,purple,N,X
HTx,13,12224,1,purple,N,X,A,purple,N,X
HTx,13,12421,493,purple,N,X,H,purple,N,X
HTx,13,14217,107,purple,N,X,H,purple,N,X
HTx,13,16541,135,purple,N,X,H,purple,N,X
HTx,13,17142,52,purple,N,X,H,purple,N,X
HTx,13,17234,74,purple,N,X,H,purple,N,X
HTx,13,17320,109,purple,N,X,H,purple,N,X
HTx,13,18258,208,purple,N,X,H,purple,N,X
HTx,13,20008,138,purple,N,X,H,purple,N,X
HTx,13,21014,1,purple,N,X,A,purple,N,X
HTx,13,21030,1,purple,N,X,A,purple,N,X
HTx,13,21059,1,purple,N,X,A,purple,N,X
HTx,13,21079,1,purple,N,X,A,purple,N,X
HTx,13,21092,1,purple,N,X,A,purple,N,X
HTx,13,21096,14,purple,N,X,H,purple,N,X
HTx,13,21446,307,purple,N,X,H,purple,N,X
HTx,13,23228,272,purple,N,X,H,purple,N,X
HTx,13,23580,249,purple,N,X,H,purple,N,X
HTx,13,25054,94,purple,N,X,H,purple,N,X
HTx,13,25593,502,purple,N,X,H,purple,N,X
HTx,13,26693,392,purple,N,X,H,purple,N,X
HTx,13,28387,104,purple,N,X,H,purple,N,X
HTx,13,29617,158,purple,N,X,H,purple,N,X
HTx,13,30229,96,purple,N,X,H,purple,N,X
HTx,13,30336,79,purple,N,X,H,purple,N,X
HTx,13,31531,1,purple,N,X,A,purple,N,X
HTx,13,31554,1,purple,N,X,A,purple,N,X
HTx,13,31571,1,purple,N,X,A,purple,N,X
HTx,13,31598,1,purple,N,X,A,purple,N,X
HTx,13,31629,1,purple,N,X,A,purple,N,X
HTx,13,31650,1,purple,N,X,A,purple,N,X
HTx,13,31667,1,purple,N,X,A,purple,N,X
HTx,13,31689,1,purple,N,X,A,purple,N,X
HTx,13,31715,1,purple,N,X,A,purple,N,X
HTx,13,32261,75,purple,N,X,H,purple,N,X
HTx,13,32509,139,purple,N,X,H,purple,N,X
HTx,13,32681,115,purple,N,X,H,purple,N,X
HTx,13,32861,159,purple,N,X,H,purple,N,X
HTx,13,33080,1,purple,N,X,A,purple,N,X
HTx,13,33099,1,purple,N,X,A,purple,N,X
HTx,13,33116,1,purple,N,X,A,purple,N,X
HTx,13,33131,1,purple,N,X,A,purple,N,X
HTx,13,33201,389,purple,N,X,H,purple,N,X
HTx,13,33846,1,purple,N,X,A,purple,N,X
HTx,13,33866,1,purple,N,X,A,purple,N,X
HTx,13,33884,1,purple,N,X,A,purple,N,X
HTx,13,33901,1,purple,N,X,A,purple,N,X
HTx,13,33919,1,purple,N,X,A,purple,N,X
HTx,13,33941,1,purple,N,X,A,purple,N,X
HTx,13,33959,1,purple,N,X,A,purple,N,X
HTx,13,33976,1,purple,N,X,A,purple,N,X
HTx,13,33994,1,purple,N,X,A,purple,N,X
HTx,13,34014,1,purple,N,X,A,purple,N,X
HTx,13,34034,1,purple,N,X,A,purple,N,X
HTx,13,34074,1,purple,N,X,A,purple,N,X
HTx,13,34094,1,purple,N,X,A,purple,N,X
HTx,13,34112,1,purple,N,X,A,purple,N,X
HTx,13,34131,1,purple,N,X,A,purple,N,X
HTx,13,34151,1,purple,N,X,A,purple,N,X
HTx,13,34171,1,purple,N,X,A,purple,N,X
HTx,13,34399,1,purple,N,X,A,purple,N,X
HTx,13,34418,1,purple,N,X,A,purple,N,X
HTx,13,34434,1,purple,N,X,A,purple,N,X
HTx,13,34452,1,purple,N,X,A,purple,N,X
HTx,13,34468,1,purple,N,X,A,purple,N,X
HTx,13,34489,1,purple,N,X,A,purple,N,X
HTx,13,34520,72,purple,N,X,H,purple,N,X
HTx,13,34644,1,purple,N,X,A,purple,N,X
HTx,13,34662,1,purple,N,X,A,purple,N,X
HTx,13,34678,1,purple,N,X,A,purple,N,X
HTx,13,34684,153,purple,N,X,H,purple,N,X
HTx,13,34875,1,purple,N,X,A,purple,N,X
HTx,13,34881,49,purple,N,X,H,purple,N,X
HTx,13,35253,1,purple,N,X,A,purple,N,X
HTx,13,35271,1,purple,N,X,A,purple,N,X
HTx,13,35287,1,purple,N,X,A,purple,N,X
HTx,13,35304,1,purple,N,X,A,purple,N,X
HTx,13,35323,1,purple,N,X,A,purple,N,X
HTx,13,35339,1,purple,N,X,A,purple,N,X
HTx,13,35355,1,purple,N,X,A,purple,N,X
HTx,13,35373,1,purple,N,X,A,purple,N,X
HTx,13,35390,1,purple,N,X,A,purple,N,X
HTx,13,35408,1,purple,N,X,A,purple,N,X
HTx,13,35426,1,purple,N,X,A,purple,N,X
HTx,13,35441,1,purple,N,X,A,purple,N,X
HTx,13,35458,1,purple,N,X,A,purple,N,X
HTx,13,35476,1,purple,N,X,A,purple,N,X
HTx,13,35495,1,purple,N,X,A,purple,N,X
HTx,13,35511,1,purple,N,X,A,purple,N,X
HTx,13,35529,1,purple,N,X,A,purple,N,X
HTx,13,35547,1,purple,N,X,A,purple,N,X
HTx,13,35565,1,purple,N,X,A,purple,N,X
HTx,13,35584,1,purple,N,X,A,purple,N,X
HTx,13,35603,1,purple,N,X,A,purple,N,X
HTx,13,35623,1,purple,N,X,A,purple,N,X
HTx,13,35641,1,purple,N,X,A,purple,N,X
HTx,13,35659,1,purple,N,X,A,purple,N,X
HTx,13,35678,1,purple,N,X,A,purple,N,X
HTx,13,35686,71,purple,N,X,H,purple,N,X
HTx,13,35833,1,purple,N,X,A,purple,N,X
HTx,13,35850,1,purple,N,X,A,purple,N,X
HTx,13,35866,1,purple,N,X,A,purple,N,X
HTx,13,35882,1,purple,N,X,A,purple,N,X
HTx,13,35991,1,purple,N,X,A,purple,N,X
HTx,13,36014,1,purple,N,X,A,purple,N,X
HTx,13,36105,1,purple,N,X,A,purple,N,X
HTx,13,36122,1,purple,N,X,A,purple,N,X
HTx,13,36140,1,purple,N,X,A,purple,N,X
HTx,13,36167,1,purple,N,X,A,purple,N,X
HTx,13,36185,1,purple,N,X,A,purple,N,X
HTx,13,36200,1,purple,N,X,A,purple,N,X
HTx,13,36247,1,purple,N,X,A,purple,N,X
HTx,13,36270,1,purple,N,X,A,purple,N,X
HTx,13,36290,1,purple,N,X,A,purple,N,X
HTx,13,36306,1,purple,N,X,A,purple,N,X
HTx,13,37039,1,purple,N,X,A,purple,N,X
HTx,13,37062,1,purple,N,X,A,purple,N,X
HTx,13,37077,1,purple,N,X,A,purple,N,X
HTx,13,37092,1,purple,N,X,A,purple,N,X
HTx,13,38294,167,purple,N,X,H,purple,N,X
HTx,13,38504,59,purple,N,X,H,purple,N,X
HTx,13,40964,199,purple,N,X,H,purple,N,X
HTx,13,41213,110,purple,N,X,H,purple,N,X
HTx,13,41752,1,purple,N,X,A,purple,N,X
HTx,13,42004,1,purple,N,X,A,purple,N,X
HTx,13,42022,1,purple,N,X,A,purple,N,X
HTx,13,42040,1,purple,N,X,A,purple,N,X
HTx,13,42144,1,purple,N,X,A,purple,N,X
HTx,13,42165,1,purple,N,X,A,purple,N,X
HTx,13,42182,1,purple,N,X,A,purple,N,X
HTx,13,42205,1,purple,N,X,A,purple,N,X
HTx,13,42272,1,purple,N,X,A,purple,N,X
HTx,13,42290,1,purple,N,X,A,purple,N,X
HTx,13,42306,1,purple,N,X,A,purple,N,X
HTx,13,42327,1,purple,N,X,A,purple,N,X
HTx,13,42427,1,purple,N,X,A,purple,N,X
HTx,13,42450,1,purple,N,X,A,purple,N,X
HTx,13,43099,114,purple,N,X,H,purple,N,X
HTx,13,43364,1,purple,N,X,A,purple,N,X
HTx,13,43383,1,purple,N,X,A,purple,N,X
HTx,13,43403,1,purple,N,X,A,purple,N,X
HTx,13,43425,1,purple,N,X,A,purple,N,X
HTx,13,43447,1,purple,N,X,A,purple,N,X
HTx,13,43464,1,purple,N,X,A,purple,N,X
HTx,13,43482,1,purple,N,X,A,purple,N,X
HTx,13,43503,1,purple,N,X,A,purple,N,X
HTx,13,43521,1,purple,N,X,A,purple,N,X
HTx,13,43540,1,purple,N,X,A,purple,N,X
HTx,13,43559,1,purple,N,X,A,purple,N,X
HTx,13,43579,1,purple,N,X,A,purple,N,X
HTx,13,43597,1,purple,N,X,A,purple,N,X
HTx,13,43615,1,purple,N,X,A,purple,N,X
HTx,13,43635,1,purple,N,X,A,purple,N,X
HTx,13,43761,1,purple,N,X,A,purple,N,X
HTx,13,43801,1,purple,N,X,A,purple,N,X
HTx,13,43835,1,purple,N,X,A,purple,N,X
HTx,13,43875,1,purple,N,X,A,purple,N,X
HTx,13,43899,1,purple,N,X,A,purple,N,X
HTx,13,43922,1,purple,N,X,A,purple,N,X
HTx,13,44042,1,purple,N,X,A,purple,N,X
HTx,13,44057,1,purple,N,X,A,purple,N,X
HTx,13,44074,1,purple,N,X,A,purple,N,X
HTx,13,44090,1,purple,N,X,A,purple,N,X
HTx,13,44110,1,purple,N,X,A,purple,N,X
HTx,13,44126,1,purple,N,X,A,purple,N,X
HTx,13,44145,1,purple,N,X,A,purple,N,X
HTx,13,44164,1,purple,N,X,A,purple,N,X
HTx,13,44182,1,purple,N,X,A,purple,N,X
HTx,13,44201,1,purple,N,X,A,purple,N,X
HTx,13,44219,1,purple,N,X,A,purple,N,X
HTx,13,44241,1,purple,N,X,A,purple,N,X
HTx,13,44260,1,purple,N,X,A,purple,N,X
HTx,13,44279,1,purple,N,X,A,purple,N,X
HTx,13,44298,1,purple,N,X,A,purple,N,X
HTx,13,44316,1,purple,N,X,A,purple,N,X
HTx,13,44332,1,purple,N,X,A,purple,N,X
HTx,13,44347,1,purple,N,X,A,purple,N,X
HTx,13,44453,1,purple,N,X,A,purple,N,X
HTx,13,44471,1,purple,N,X,A,purple,N,X
HTx,13,44488,1,purple,N,X,A,purple,N,X
HTx,13,44504,1,purple,N,X,A,purple,N,X
HTx,13,44542,1,purple,N,X,A,purple,N,X
HTx,13,44561,1,purple,N,X,A,purple,N,X
HTx,13,44580,1,purple,N,X,A,purple,N,X
HTx,13,44612,1,purple,N,X,A,purple,N,X
HTx,13,44631,1,purple,N,X,A,purple,N,X
HTx,13,44648,1,purple,N,X,A,purple,N,X
HTx,13,44666,1,purple,N,X,A,purple,N,X
HTx,13,44683,121,purple,N,X,H,purple,N,X
HTx,13,44828,128,purple,N,X,H,purple,N,X
HTx,13,45012,1,purple,N,X,A,purple,N,X
HTx,13,45032,1,purple,N,X,A,purple,N,X
HTx,13,45049,1,purple,N,X,A,purple,N,X
HTx,13,46020,1,purple,N,X,A,purple,N,X
HTx,13,46042,1,purple,N,X,A,purple,N,X
HTx,13,46067,1,purple,N,X,A,purple,N,X
HTx,13,46088,1,purple,N,X,A,purple,N,X
HTx,13,46106,1,purple,N,X,A,purple,N,X
HTx,13,46125,1,purple,N,X,A,purple,N,X
HTx,13,46139,332,purple,N,X,H,purple,N,X
HTx,13,46495,92,purple,N,X,H,purple,N,X
HTx,13,46605,156,purple,N,X,H,purple,N,X
HTx,13,48794,72,purple,N,X,H,purple,N,X
HTx,13,48909,1,purple,N,X,A,purple,N,X
HTx,13,48993,438,purple,N,X,H,purple,N,X
HTx,13,52016,1,purple,N,X,A,purple,N,X
HTx,13,52020,203,purple,N,X,H,purple,N,X
HTx,13,52328,158,purple,N,X,H,purple,N,X
HTx,13,53224,255,purple,N,X,H,purple,N,X
HTx,13,53753,18,purple,N,X,H,purple,N,X
HTx,13,54738,34,purple,N,X,H,purple,N,X
HTx,13,55422,211,purple,N,X,H,purple,N,X
HTx,13,56629,74,purple,N,X,H,purple,N,X
HTx,13,57009,51,purple,N,X,H,purple,N,X
HTx,13,57901,62,purple,N,X,H,purple,N,X
HTx,13,58090,1,purple,N,X,A,purple,N,X
HTx,13,58108,1,purple,N,X,A,purple,N,X
HTx,13,58125,1,purple,N,X,A,purple,N,X
HTx,13,58148,1,purple,N,X,A,purple,N,X
HTx,13,58169,1,purple,N,X,A,purple,N,X
HTx,13,58188,1,purple,N,X,A,purple,N,X
HTx,13,58211,1,purple,N,X,A,purple,N,X
HTx,13,58228,1,purple,N,X,A,purple,N,X
HTx,13,58246,1,purple,N,X,A,purple,N,X
HTx,13,58251,44,purple,N,X,H,purple,N,X
HTx,13,58384,1,purple,N,X,A,purple,N,X
HTx,13,58406,1,purple,N,X,A,purple,N,X
HTx,13,58444,1,purple,N,X,A,purple,N,X
HTx,13,58461,1,purple,N,X,A,purple,N,X
HTx,13,58480,1,purple,N,X,A,purple,N,X
HTx,13,58497,1,purple,N,X,A,purple,N,X
HTx,13,58518,1,purple,N,X,A,purple,N,X
HTx,13,58539,1,purple,N,X,A,purple,N,X
HTx,13,58553,1,purple,N,X,A,purple,N,X
HTx,13,58617,1,purple,N,X,A,purple,N,X
HTx,13,58637,1,purple,N,X,A,purple,N,X
HTx,13,58670,1,purple,N,X,A,purple,N,X
HTx,13,58692,1,purple,N,X,A,purple,N,X
HTx,13,58709,1,purple,N,X,A,purple,N,X
HTx,13,58726,1,purple,N,X,A,purple,N,X
HTx,13,58744,1,purple,N,X,A,purple,N,X
HTx,13,58761,1,purple,N,X,A,purple,N,X
HTx,13,58784,1,purple,N,X,A,purple,N,X
HTx,13,58801,1,purple,N,X,A,purple,N,X
HTx,13,58822,1,purple,N,X,A,purple,N,X
HTx,13,58873,1,purple,N,X,A,purple,N,X
HTx,13,59045,1,purple,N,X,A,purple,N,X
HTx,13,59064,1,purple,N,X,A,purple,N,X
HTx,13,59081,1,purple,N,X,A,purple,N,X
HTx,13,59358,1,purple,N,X,A,purple,N,X
HTx,13,59371,1,purple,N,X,A,purple,N,X
HTx,13,59433,1,purple,N,X,A,purple,N,X
HTx,13,59450,1,purple,N,X,A,purple,N,X
HTx,13,59469,1,purple,N,X,A,purple,N,X
HTx,13,59485,1,purple,N,X,A,purple,N,X
HTx,13,59504,1,purple,N,X,A,purple,N,X
HTx,13,59521,1,purple,N,X,A,purple,N,X
HTx,13,59604,1,purple,N,X,A,purple,N,X
HTx,13,59624,1,purple,N,X,A,purple,N,X
HTx,13,59640,1,purple,N,X,A,purple,N,X
HTx,13,59659,1,purple,N,X,A,purple,N,X
HTx,13,59677,1,purple,N,X,A,purple,N,X
HTx,13,59699,1,purple,N,X,A,purple,N,X
HTx,13,59721,1,purple,N,X,A,purple,N,X
HTx,13,59737,1,purple,N,X,A,purple,N,X
HTx,13,59782,520,purple,N,X,H,purple,N,X
HTx,13,60513,39,purple,N,X,H,purple,N,X
HTx,13,60858,1,purple,N,X,A,purple,N,X
HTx,13,60877,1,purple,N,X,A,purple,N,X
HTx,13,60898,1,purple,N,X,A,purple,N,X
HTx,13,60916,1,purple,N,X,A,purple,N,X
HTx,13,60931,1,purple,N,X,A,purple,N,X
HTx,13,60948,1,purple,N,X,A,purple,N,X
HTx,13,60967,1,purple,N,X,A,purple,N,X
HTx,13,60984,1,purple,N,X,A,purple,N,X
HTx,13,61001,1,purple,N,X,A,purple,N,X
HTx,13,61018,1,purple,N,X,A,purple,N,X
HTx,13,61035,1,purple,N,X,A,purple,N,X
HTx,13,61052,1,purple,N,X,A,purple,N,X
HTx,13,61072,1,purple,N,X,A,purple,N,X
HTx,13,61090,1,purple,N,X,A,purple,N,X
HTx,13,61111,1,purple,N,X,A,purple,N,X
HTx,13,61130,1,purple,N,X,A,purple,N,X
HTx,13,61144,1,purple,N,X,A,purple,N,X
HTx,13,61180,1,purple,N,X,A,purple,N,X
HTx,13,61193,1,purple,N,X,A,purple,N,X
HTx,13,61212,1,purple,N,X,A,purple,N,X
HTx,13,61240,1,purple,N,X,A,purple,N,X
HTx,13,61259,1,purple,N,X,A,purple,N,X
HTx,13,61277,1,purple,N,X,A,purple,N,X
HTx,13,61297,1,purple,N,X,A,purple,N,X
HTx,13,61317,1,purple,N,X,A,purple,N,X
HTx,13,61335,1,purple,N,X,A,purple,N,X
HTx,13,61360,1,purple,N,X,A,purple,N,X
HTx,13,61381,1,purple,N,X,A,purple,N,X
HTx,13,61397,1,purple,N,X,A,purple,N,X
HTx,13,61398,258,purple,N,X,H,purple,N,X
HTx,13,61700,115,purple,N,X,H,purple,N,X
HTx,13,61815,119,purple,N,X,R,purple,N,X
HTx,13,62087,1,purple,N,X,A,purple,N,X
HTx,13,62109,1,purple,N,X,A,purple,N,X
HTx,13,62117,1,purple,N,X,A,purple,N,X
HTx,13,62142,1,purple,N,X,A,purple,N,X
HTx,13,62158,1,purple,N,X,A,purple,N,X
HTx,13,62180,1,purple,N,X,A,purple,N,X
HTx,13,62196,1,purple,N,X,A,purple,N,X
HTx,13,62209,1,purple,N,X,A,purple,N,X
HTx,13,62236,1,purple,N,X,A,purple,N,X
HTx,13,63202,1,purple,N,X,A,purple,N,X
HTx,13,63223,1,purple,N,X,A,purple,N,X
HTx,13,63240,1,purple,N,X,A,purple,N,X
HTx,13,63248,59,purple,N,X,H,purple,N,X
HTx,13,63683,1,purple,N,X,A,purple,N,X
HTx,13,63702,1,purple,N,X,A,purple,N,X
HTx,13,63719,1,purple,N,X,A,purple,N,X
HTx,13,63736,1,purple,N,X,A,purple,N,X
HTx,13,63757,1,purple,N,X,A,purple,N,X
HTx,13,63777,1,purple,N,X,A,purple,N,X
HTx,13,63796,1,purple,N,X,A,purple,N,X
HTx,13,63814,1,purple,N,X,A,purple,N,X
HTx,13,63966,1,purple,N,X,A,purple,N,X
HTx,13,63982,1,purple,N,X,A,purple,N,X
HTx,13,64002,1,purple,N,X,A,purple,N,X
HTx,13,64021,1,purple,N,X,A,purple,N,X
HTx,13,64040,1,purple,N,X,A,purple,N,X
HTx,13,64059,1,purple,N,X,A,purple,N,X
HTx,13,64077,1,purple,N,X,A,purple,N,X
HTx,13,64096,1,purple,N,X,A,purple,N,X
HTx,13,64115,1,purple,N,X,A,purple,N,X
HTx,13,64136,1,purple,N,X,A,purple,N,X
HTx,13,64199,1,purple,N,X,A,purple,N,X
HTx,13,64216,1,purple,N,X,A,purple,N,X
HTx,13,64234,1,purple,N,X,A,purple,N,X
HTx,13,64300,1,purple,N,X,A,purple,N,X
HTx,13,64317,1,purple,N,X,A,purple,N,X
HTx,13,64338,279,purple,N,X,H,purple,N,X
HTx,13,64763,1,purple,N,X,A,purple,N,X
HTx,13,64782,1,purple,N,X,A,purple,N,X
HTx,13,64802,1,purple,N,X,A,purple,N,X
HTx,13,64822,1,purple,N,X,A,purple,N,X
HTx,13,64843,1,purple,N,X,A,purple,N,X
HTx,13,64859,1,purple,N,X,A,purple,N,X
HTx,13,64891,1,purple,N,X,A,purple,N,X
HTx,13,64909,1,purple,N,X,A,purple,N,X
HTx,13,64929,1,purple,N,X,A,purple,N,X
HTx,13,64951,1,purple,N,X,A,purple,N,X
HTx,13,64971,1,purple,N,X,A,purple,N,X
HTx,13,64988,1,purple,N,X,A,purple,N,X
HTx,13,65020,1,purple,N,X,A,purple,N,X
HTx,13,65053,1,purple,N,X,A,purple,N,X
HTx,13,65078,1,purple,N,X,A,purple,N,X
HTx,13,65098,1,purple,N,X,A,purple,N,X
HTx,13,65118,1,purple,N,X,A,purple,N,X
HTx,13,65138,1,purple,N,X,A,purple,N,X
HTx,13,65157,1,purple,N,X,A,purple,N,X
HTx,13,65178,1,purple,N,X,A,purple,N,X
HTx,13,65197,1,purple,N,X,A,purple,N,X
HTx,13,65218,1,purple,N,X,A,purple,N,X
HTx,13,65236,1,purple,N,X,A,purple,N,X
HTx,13,65253,1,purple,N,X,A,purple,N,X
HTx,13,65272,1,purple,N,X,A,purple,N,X
HTx,13,65294,1,purple,N,X,A,purple,N,X
HTx,13,65316,1,purple,N,X,A,purple,N,X
HTx,13,65336,1,purple,N,X,A,purple,N,X
HTx,13,65353,1,purple,N,X,A,purple,N,X
HTx,13,65375,1,purple,N,X,A,purple,N,X
HTx,13,65394,1,purple,N,X,A,purple,N,X
HTx,13,65416,1,purple,N,X,A,purple,N,X
HTx,13,65433,1,purple,N,X,A,purple,N,X
HTx,13,65453,1,purple,N,X,A,purple,N,X
HTx,13,65480,1,purple,N,X,A,purple,N,X
HTx,13,65501,1,purple,N,X,A,purple,N,X
HTx,13,65528,1,purple,N,X,A,purple,N,X
HTx,13,65550,1,purple,N,X,A,purple,N,X
HTx,13,65573,1,purple,N,X,A,purple,N,X
HTx,13,65592,1,purple,N,X,A,purple,N,X
HTx,13,65613,1,purple,N,X,A,purple,N,X
HTx,13,65633,1,purple,N,X,A,purple,N,X
HTx,13,65650,1,purple,N,X,A,purple,N,X
HTx,13,65702,99,purple,N,X,H,purple,N,X
HTx,13,65825,124,purple,N,X,H,purple,N,X
HTx,13,66023,1,purple,N,X,A,purple,N,X
HTx,13,66393,1,purple,N,X,A,purple,N,X
HTx,13,66412,1,purple,N,X,A,purple,N,X
HTx,13,66428,1,purple,N,X,A,purple,N,X
HTx,13,66444,1,purple,N,X,A,purple,N,X
HTx,13,66464,1,purple,N,X,A,purple,N,X
HTx,13,66480,1,purple,N,X,A,purple,N,X
HTx,13,66504,1,purple,N,X,A,purple,N,X
HTx,13,66527,1,purple,N,X,A,purple,N,X
HTx,13,66546,1,purple,N,X,A,purple,N,X
HTx,13,66565,1,purple,N,X,A,purple,N,X
HTx,13,66587,1,purple,N,X,A,purple,N,X
HTx,13,66611,1,purple,N,X,A,purple,N,X
HTx,13,67275,86,purple,N,X,H,purple,N,X
HTx,13,67489,1,purple,N,X,A,purple,N,X
HTx,13,67544,203,purple,N,X,H,purple,N,X
HTx,13,67974,1,purple,N,X,A,purple,N,X
HTx,13,68008,1,purple,N,X,A,purple,N,X
HTx,13,68025,1,purple,N,X,A,purple,N,X
HTx,13,68053,1,purple,N,X,A,purple,N,X
HTx,13,68072,1,purple,N,X,A,purple,N,X
HTx,13,68090,1,purple,N,X,A,purple,N,X
HTx,13,68110,1,purple,N,X,A,purple,N,X
HTx,13,68128,1,purple,N,X,A,purple,N,X
HTx,13,68146,1,purple,N,X,A,purple,N,X
HTx,13,68163,1,purple,N,X,A,purple,N,X
HTx,13,68179,1,purple,N,X,A,purple,N,X
HTx,13,68350,1,purple,N,X,A,purple,N,X
HTx,13,68379,1,purple,N,X,A,purple,N,X
HTx,13,68397,1,purple,N,X,A,purple,N,X
HTx,13,68417,1,purple,N,X,A,purple,N,X
HTx,13,68437,1,purple,N,X,A,purple,N,X
HTx,13,68455,1,purple,N,X,A,purple,N,X
HTx,13,68476,1,purple,N,X,A,purple,N,X
HTx,13,68493,1,purple,N,X,A,purple,N,X
HTx,13,68515,1,purple,N,X,A,purple,N,X
HTx,13,68538,1,purple,N,X,A,purple,N,X
HTx,13,68558,1,purple,N,X,A,purple,N,X
HTx,13,68577,1,purple,N,X,A,purple,N,X
HTx,13,68693,1,purple,N,X,A,purple,N,X
HTx,13,68700,302,purple,N,X,H,purple,N,X
HTx,13,69065,172,purple,N,X,H,purple,N,X
HTx,13,69256,373,purple,N,X,H,purple,N,X
HTx,13,70655,275,purple,N,X,H,purple,N,X
HTx,13,70976,240,purple,N,X,H,purple,N,X
HTx,13,71750,1,purple,N,X,A,purple,N,X
HTx,13,71769,1,purple,N,X,A,purple,N,X
HTx,13,71786,1,purple,N,X,A,purple,N,X
HTx,13,71869,57,purple,N,X,H,purple,N,X
HTx,13,71960,1,purple,N,X,A,purple,N,X
HTx,13,71979,1,purple,N,X,A,purple,N,X
HTx,13,72263,1,purple,N,X,A,purple,N,X
HTx,13,72281,1,purple,N,X,A,purple,N,X
HTx,13,72302,1,purple,N,X,A,purple,N,X
HTx,13,72318,1,purple,N,X,A,purple,N,X
HTx,13,72372,1,purple,N,X,A,purple,N,X
HTx,13,74333,1,purple,N,X,A,purple,N,X
HTx,13,74354,1,purple,N,X,A,purple,N,X
HTx,13,74373,1,purple,N,X,A,purple,N,X
HTx,13,74400,1,purple,N,X,A,purple,N,X
HTx,13,74427,1,purple,N,X,A,purple,N,X
HTx,13,74446,1,purple,N,X,A,purple,N,X
HTx,13,74468,41,purple,N,X,H,purple,N,X
HTx,13,74564,296,purple,N,X,H,purple,N,X
HTx,13,75022,222,purple,N,X,H,purple,N,X
HTx,13,75550,1,purple,N,X,A,purple,N,X
HTx,13,75570,1,purple,N,X,A,purple,N,X
HTx,13,75588,1,purple,N,X,A,purple,N,X
HTx,13,75620,1,purple,N,X,A,purple,N,X
HTx,13,75665,1,purple,N,X,A,purple,N,X
HTx,13,75682,1,purple,N,X,A,purple,N,X
HTx,13,75724,1,purple,N,X,A,purple,N,X
HTx,13,75745,1,purple,N,X,A,purple,N,X
HTx,13,75756,1,purple,N,X,A,purple,N,X
HTx,13,75794,1,purple,N,X,A,purple,N,X
HTx,13,75816,1,purple,N,X,A,purple,N,X
HTx,13,75865,1,purple,N,X,A,purple,N,X
HTx,13,75884,1,purple,N,X,A,purple,N,X
HTx,13,75902,1,purple,N,X,A,purple,N,X
HTx,13,75924,1,purple,N,X,A,purple,N,X
HTx,13,75942,1,purple,N,X,A,purple,N,X
HTx,13,75976,1,purple,N,X,A,purple,N,X
HTx,13,76009,1,purple,N,X,A,purple,N,X
HTx,13,76033,1,purple,N,X,A,purple,N,X
HTx,13,76054,1,purple,N,X,A,purple,N,X
HTx,13,76074,1,purple,N,X,A,purple,N,X
HTx,13,76096,1,purple,N,X,A,purple,N,X
HTx,13,76114,199,purple,N,X,H,purple,N,X
HTx,13,76390,1,purple,N,X,A,purple,N,X
HTx,13,76412,1,purple,N,X,A,purple,N,X
HTx,13,76415,222,purple,N,X,H,purple,N,X
HTx,13,76648,1,purple,N,X,A,purple,N,X
HTx,13,76669,1,purple,N,X,A,purple,N,X
HTx,13,76679,1,purple,N,X,A,purple,N,X
HTx,13,76687,16,purple,N,X,H,purple,N,X
HTx,13,76939,1,purple,N,X,A,purple,N,X
HTx,13,76957,1,purple,N,X,A,purple,N,X
HTx,13,76978,1,purple,N,X,A,purple,N,X
HTx,13,77034,1,purple,N,X,A,purple,N,X
HTx,13,77052,1,purple,N,X,A,purple,N,X
HTx,13,77070,1,purple,N,X,A,purple,N,X
HTx,13,77088,1,purple,N,X,A,purple,N,X
HTx,13,77106,1,purple,N,X,A,purple,N,X
HTx,13,77153,1,purple,N,X,A,purple,N,X
HTx,13,77195,1,purple,N,X,A,purple,N,X
HTx,13,77215,1,purple,N,X,A,purple,N,X
HTx,13,77236,1,purple,N,X,A,purple,N,X
HTx,13,77254,1,purple,N,X,A,purple,N,X
HTx,13,77271,1,purple,N,X,A,purple,N,X
HTx,13,77286,1,purple,N,X,A,purple,N,X
HTx,13,77321,1,purple,N,X,A,purple,N,X
HTx,13,77340,1,purple,N,X,A,purple,N,X
HTx,13,77358,1,purple,N,X,A,purple,N,X
HTx,13,77377,1,purple,N,X,A,purple,N,X
HTx,13,77404,1,purple,N,X,A,purple,N,X
HTx,13,77421,1,purple,N,X,A,purple,N,X
HTx,13,77441,1,purple,N,X,A,purple,N,X
HTx,13,77457,1,purple,N,X,A,purple,N,X
HTx,13,77505,1,purple,N,X,A,purple,N,X
HTx,13,77524,1,purple,N,X,A,purple,N,X
HTx,13,77565,1,purple,N,X,A,purple,N,X
HTx,13,77582,1,purple,N,X,A,purple,N,X
HTx,13,77602,1,purple,N,X,A,purple,N,X
HTx,13,77619,1,purple,N,X,A,purple,N,X
HTx,13,77642,1,purple,N,X,A,purple,N,X
HTx,13,77662,1,purple,N,X,A,purple,N,X
HTx,13,77680,1,purple,N,X,A,purple,N,X
HTx,13,77698,1,purple,N,X,A,purple,N,X
HTx,13,77717,1,purple,N,X,A,purple,N,X
HTx,13,77747,1,purple,N,X,A,purple,N,X
HTx,13,77767,1,purple,N,X,A,purple,N,X
HTx,13,77784,1,purple,N,X,A,purple,N,X
HTx,13,77812,1,purple,N,X,A,purple,N,X
HTx,13,77885,1,purple,N,X,A,purple,N,X
HTx,13,77904,1,purple,N,X,A,purple,N,X
HTx,13,77920,1,purple,N,X,A,purple,N,X
HTx,13,77939,1,purple,N,X,A,purple,N,X
HTx,13,77960,1,purple,N,X,A,purple,N,X
HTx,13,77978,1,purple,N,X,A,purple,N,X
HTx,13,77996,1,purple,N,X,A,purple,N,X
HTx,13,78010,1,purple,N,X,A,purple,N,X
HTx,13,78035,1,purple,N,X,A,purple,N,X
HTx,13,78054,1,purple,N,X,A,purple,N,X
HTx,13,78072,1,purple,N,X,A,purple,N,X
HTx,13,78092,1,purple,N,X,A,purple,N,X
HTx,13,78111,1,purple,N,X,A,purple,N,X
HTx,13,78128,1,purple,N,X,A,purple,N,X
HTx,13,78144,1,purple,N,X,A,purple,N,X
HTx,13,78163,1,purple,N,X,A,purple,N,X
HTx,13,78180,1,purple,N,X,A,purple,N,X
HTx,13,78199,1,purple,N,X,A,purple,N,X
HTx,13,78217,1,purple,N,X,A,purple,N,X
HTx,13,78237,1,purple,N,X,A,purple,N,X
HTx,13,78255,1,purple,N,X,A,purple,N,X
HTx,13,78274,1,purple,N,X,A,purple,N,X
HTx,13,78293,1,purple,N,X,A,purple,N,X
HTx,13,78307,1,purple,N,X,A,purple,N,X
HTx,13,78368,1,purple,N,X,A,purple,N,X
HTx,13,78379,1,purple,N,X,A,purple,N,X
HTx,13,78393,1,purple,N,X,A,purple,N,X
HTx,13,78409,1,purple,N,X,A,purple,N,X
HTx,13,78428,1,purple,N,X,A,purple,N,X
HTx,13,78449,1,purple,N,X,A,purple,N,X
HTx,13,78463,1,purple,N,X,A,purple,N,X
HTx,13,78485,1,purple,N,X,A,purple,N,X
HTx,13,78501,1,purple,N,X,A,purple,N,X
HTx,13,78521,1,purple,N,X,A,purple,N,X
HTx,13,78541,1,purple,N,X,A,purple,N,X
HTx,13,78566,1,purple,N,X,A,purple,N,X
HTx,13,78585,1,purple,N,X,A,purple,N,X
HTx,13,78601,1,purple,N,X,A,purple,N,X
HTx,13,78619,1,purple,N,X,A,purple,N,X
HTx,13,78637,1,purple,N,X,A,purple,N,X
HTx,13,78658,1,purple,N,X,A,purple,N,X
HTx,13,78681,1,purple,N,X,A,purple,N,X
HTx,13,78698,1,purple,N,X,A,purple,N,X
HTx,13,78753,579,purple,N,X,H,purple,N,X
HTx,13,79395,134,purple,N,X,H,purple,N,X
HTx,13,80123,1,purple,N,X,A,purple,N,X
HTx,13,80161,1,purple,N,X,A,purple,N,X
HTx,13,80191,1,purple,N,X,A,purple,N,X
HTx,13,80208,1,purple,N,X,A,purple,N,X
HTx,13,80263,1,purple,N,X,A,purple,N,X
HTx,13,80279,1,purple,N,X,A,purple,N,X
HTx,13,80300,1,purple,N,X,A,purple,N,X
HTx,13,80319,1,purple,N,X,A,purple,N,X
HTx,13,80346,1,purple,N,X,A,purple,N,X
HTx,13,80362,1,purple,N,X,A,purple,N,X
HTx,13,80379,1,purple,N,X,A,purple,N,X
HTx,13,80388,180,purple,N,X,H,purple,N,X
HTx,13,81074,1,purple,N,X,A,purple,N,X
HTx,13,81089,1,purple,N,X,A,purple,N,X
HTx,13,81110,1,purple,N,X,A,purple,N,X
HTx,13,81139,1,purple,N,X,A,purple,N,X
HTx,13,143,1,blue,N,X,A,blue,N,X
HTx,13,160,1,blue,N,X,A,blue,N,X
HTx,13,180,1,blue,N,X,A,blue,N,X
HTx,13,328,1,blue,N,X,A,blue,N,X
HTx,13,345,1,blue,N,X,A,blue,N,X
HTx,13,579,1,blue,N,X,A,blue,N,X
HTx,13,597,1,blue,N,X,A,blue,N,X
HTx,13,758,1,blue,N,X,A,blue,N,X
HTx,13,767,1,blue,N,X,A,blue,N,X
HTx,13,773,196,blue,N,X,H,blue,N,X
HTx,13,1281,1,blue,N,X,A,blue,N,X
HTx,13,1300,1,blue,N,X,A,blue,N,X
HTx,13,1316,1,blue,N,X,A,blue,N,X
HTx,13,1356,1,blue,N,X,A,blue,N,X
HTx,13,1802,1,blue,N,X,A,blue,N,X
HTx,13,1821,1,blue,N,X,A,blue,N,X
HTx,13,1839,1,blue,N,X,A,blue,N,X
HTx,13,2129,1,blue,N,X,A,blue,N,X
HTx,13,2145,1,blue,N,X,A,blue,N,X
HTx,13,2163,1,blue,N,X,A,blue,N,X
HTx,13,2184,1,blue,N,X,A,blue,N,X
HTx,13,2206,1,blue,N,X,A,blue,N,X
HTx,13,2225,1,blue,N,X,A,blue,N,X
HTx,13,2245,1,blue,N,X,A,blue,N,X
HTx,13,2263,1,blue,N,X,A,blue,N,X
HTx,13,2378,1,blue,N,X,A,blue,N,X
HTx,13,2394,1,blue,N,X,A,blue,N,X
HTx,13,4037,177,blue,N,X,H,blue,N,X
HTx,13,5974,41,blue,N,X,H,blue,N,X
HTx,13,6121,153,blue,N,X,H,blue,N,X
HTx,13,6880,160,blue,N,X,H,blue,N,X
HTx,13,7197,48,blue,N,X,H,blue,N,X
HTx,13,7296,1,blue,N,X,A,blue,N,X
HTx,13,7306,254,blue,N,X,H,blue,N,X
HTx,13,8848,91,blue,N,X,H,blue,N,X
HTx,13,9598,165,blue,N,X,H,blue,N,X
HTx,13,9807,83,blue,N,X,H,blue,N,X
HTx,13,9911,19,blue,N,X,H,blue,N,X
HTx,13,10412,1,blue,N,X,A,blue,N,X
HTx,13,10432,1,blue,N,X,A,blue,N,X
HTx,13,10447,1,blue,N,X,A,blue,N,X
HTx,13,10462,1,blue,N,X,A,blue,N,X
HTx,13,10482,1,blue,N,X,A,blue,N,X
HTx,13,10522,1,blue,N,X,A,blue,N,X
HTx,13,10571,1,blue,N,X,A,blue,N,X
HTx,13,10590,1,blue,N,X,A,blue,N,X
HTx,13,10604,1,blue,N,X,A,blue,N,X
HTx,13,10618,1,blue,N,X,A,blue,N,X
HTx,13,10632,1,blue,N,X,A,blue,N,X
HTx,13,10962,1,blue,N,X,A,blue,N,X
HTx,13,10982,1,blue,N,X,A,blue,N,X
HTx,13,11049,1,blue,N,X,A,blue,N,X
HTx,13,11067,1,blue,N,X,A,blue,N,X
HTx,13,11087,1,blue,N,X,A,blue,N,X
HTx,13,11695,161,blue,N,X,H,blue,N,X
HTx,13,13046,239,blue,N,X,H,blue,N,X
HTx,13,14063,1,blue,N,X,A,blue,N,X
HTx,13,14081,1,blue,N,X,A,blue,N,X
HTx,13,14098,1,blue,N,X,A,blue,N,X
HTx,13,14115,1,blue,N,X,A,blue,N,X
HTx,13,14135,1,blue,N,X,A,blue,N,X
HTx,13,14152,1,blue,N,X,A,blue,N,X
HTx,13,14241,1,blue,N,X,A,blue,N,X
HTx,13,14260,1,blue,N,X,A,blue,N,X
HTx,13,14276,1,blue,N,X,A,blue,N,X
HTx,13,14694,1,blue,N,X,A,blue,N,X
HTx,13,14708,1,blue,N,X,A,blue,N,X
HTx,13,14914,1,blue,N,X,A,blue,N,X
HTx,13,14933,1,blue,N,X,A,blue,N,X
HTx,13,14948,1,blue,N,X,A,blue,N,X
HTx,13,14969,1,blue,N,X,A,blue,N,X
HTx,13,15313,1,blue,N,X,A,blue,N,X
HTx,13,15353,1,blue,N,X,A,blue,N,X
HTx,13,15442,1,blue,N,X,A,blue,N,X
HTx,13,15477,1,blue,N,X,A,blue,N,X
HTx,13,15493,1,blue,N,X,A,blue,N,X
HTx,13,15510,1,blue,N,X,A,blue,N,X
HTx,13,15527,1,blue,N,X,A,blue,N,X
HTx,13,16517,1,blue,N,X,A,blue,N,X
HTx,13,16535,1,blue,N,X,A,blue,N,X
HTx,13,16549,1,blue,N,X,A,blue,N,X
HTx,13,16665,1,blue,N,X,A,blue,N,X
HTx,13,16686,1,blue,N,X,A,blue,N,X
HTx,13,16885,114,blue,N,X,H,blue,N,X
HTx,13,17037,46,blue,N,X,H,blue,N,X
HTx,13,18060,1,blue,N,X,A,blue,N,X
HTx,13,18075,1,blue,N,X,A,blue,N,X
HTx,13,18089,1,blue,N,X,A,blue,N,X
HTx,13,18136,1,blue,N,X,A,blue,N,X
HTx,13,18155,1,blue,N,X,A,blue,N,X
HTx,13,18173,1,blue,N,X,A,blue,N,X
HTx,13,18208,1,blue,N,X,A,blue,N,X
HTx,13,18224,1,blue,N,X,A,blue,N,X
HTx,13,18286,1,blue,N,X,A,blue,N,X
HTx,13,18308,1,blue,N,X,A,blue,N,X
HTx,13,18324,1,blue,N,X,A,blue,N,X
HTx,13,18379,1,blue,N,X,A,blue,N,X
HTx,13,18400,1,blue,N,X,A,blue,N,X
HTx,13,18422,1,blue,N,X,A,blue,N,X
HTx,13,18470,1,blue,N,X,A,blue,N,X
HTx,13,18491,1,blue,N,X,A,blue,N,X
HTx,13,18576,1,blue,N,X,A,blue,N,X
HTx,13,18662,1,blue,N,X,A,blue,N,X
HTx,13,18682,1,blue,N,X,A,blue,N,X
HTx,13,18705,1,blue,N,X,A,blue,N,X
HTx,13,18736,1,blue,N,X,A,blue,N,X
HTx,13,18756,1,blue,N,X,A,blue,N,X
HTx,13,18773,1,blue,N,X,A,blue,N,X
HTx,13,18797,1,blue,N,X,A,blue,N,X
HTx,13,18815,1,blue,N,X,A,blue,N,X
HTx,13,19000,1,blue,N,X,A,blue,N,X
HTx,13,19016,1,blue,N,X,A,blue,N,X
HTx,13,19034,1,blue,N,X,A,blue,N,X
HTx,13,19053,1,blue,N,X,A,blue,N,X
HTx,13,19064,1,blue,N,X,A,blue,N,X
HTx,13,19098,1,blue,N,X,A,blue,N,X
HTx,13,19113,1,blue,N,X,A,blue,N,X
HTx,13,19124,25,blue,N,X,H,blue,N,X
HTx,13,19168,12,blue,N,X,H,blue,N,X
HTx,13,19213,41,blue,N,X,H,blue,N,X
HTx,13,20826,1,blue,N,X,A,blue,N,X
HTx,13,20848,1,blue,N,X,A,blue,N,X
HTx,13,20872,1,blue,N,X,A,blue,N,X
HTx,13,20879,32,blue,N,X,H,blue,N,X
HTx,13,22161,1,blue,N,X,A,blue,N,X
HTx,13,22168,180,blue,N,X,H,blue,N,X
HTx,13,22428,1,blue,N,X,A,blue,N,X
HTx,13,22448,1,blue,N,X,A,blue,N,X
HTx,13,22451,143,blue,N,X,H,blue,N,X
HTx,13,22667,1,blue,N,X,A,blue,N,X
HTx,13,22684,1,blue,N,X,A,blue,N,X
HTx,13,23066,1,blue,N,X,A,blue,N,X
HTx,13,23084,1,blue,N,X,A,blue,N,X
HTx,13,23345,1,blue,N,X,A,blue,N,X
HTx,13,23365,1,blue,N,X,A,blue,N,X
HTx,13,23384,1,blue,N,X,A,blue,N,X
HTx,13,23402,1,blue,N,X,A,blue,N,X
HTx,13,23419,1,blue,N,X,A,blue,N,X
HTx,13,23872,1,blue,N,X,A,blue,N,X
HTx,13,23890,1,blue,N,X,A,blue,N,X
HTx,13,23908,1,blue,N,X,A,blue,N,X
HTx,13,23951,1,blue,N,X,A,blue,N,X
HTx,13,23959,263,blue,N,X,H,blue,N,X
HTx,13,24225,105,blue,N,X,R,blue,N,X
HTx,13,24788,1,blue,N,X,A,blue,N,X
HTx,13,25854,1,blue,N,X,A,blue,N,X
HTx,13,25872,1,blue,N,X,A,blue,N,X
HTx,13,25896,1,blue,N,X,A,blue,N,X
HTx,13,25918,1,blue,N,X,A,blue,N,X
HTx,13,25937,1,blue,N,X,A,blue,N,X
HTx,13,25954,1,blue,N,X,A,blue,N,X
HTx,13,25970,1,blue,N,X,A,blue,N,X
HTx,13,26046,1,blue,N,X,A,blue,N,X
HTx,13,26100,29,blue,N,X,H,blue,N,X
HTx,13,26167,25,blue,N,X,H,blue,N,X
HTx,13,26770,1,blue,N,X,A,blue,N,X
HTx,13,26786,1,blue,N,X,A,blue,N,X
HTx,13,26804,1,blue,N,X,A,blue,N,X
HTx,13,26820,1,blue,N,X,A,blue,N,X
HTx,13,26837,1,blue,N,X,A,blue,N,X
HTx,13,26860,1,blue,N,X,A,blue,N,X
HTx,13,26877,1,blue,N,X,A,blue,N,X
HTx,13,26896,1,blue,N,X,A,blue,N,X
HTx,13,26913,1,blue,N,X,A,blue,N,X
HTx,13,26964,1,blue,N,X,A,blue,N,X
HTx,13,26984,1,blue,N,X,A,blue,N,X
HTx,13,27005,1,blue,N,X,A,blue,N,X
HTx,13,27021,1,blue,N,X,A,blue,N,X
HTx,13,27038,1,blue,N,X,A,blue,N,X
HTx,13,27062,1,blue,N,X,A,blue,N,X
HTx,13,27081,1,blue,N,X,A,blue,N,X
HTx,13,27101,1,blue,N,X,A,blue,N,X
HTx,13,27106,74,blue,N,X,H,blue,N,X
HTx,13,28119,1,blue,N,X,A,blue,N,X
HTx,13,28133,1,blue,N,X,A,blue,N,X
HTx,13,28143,1,blue,N,X,A,blue,N,X
HTx,13,28164,1,blue,N,X,A,blue,N,X
HTx,13,28172,1,blue,N,X,A,blue,N,X
HTx,13,28318,1,blue,N,X,A,blue,N,X
HTx,13,28335,1,blue,N,X,A,blue,N,X
HTx,13,28351,1,blue,N,X,A,blue,N,X
HTx,13,28366,1,blue,N,X,A,blue,N,X
HTx,13,28382,1,blue,N,X,A,blue,N,X
HTx,13,28920,1,blue,N,X,A,blue,N,X
HTx,13,28936,1,blue,N,X,A,blue,N,X
HTx,13,28953,1,blue,N,X,A,blue,N,X
HTx,13,28976,1,blue,N,X,A,blue,N,X
HTx,13,29008,1,blue,N,X,A,blue,N,X
HTx,13,29028,1,blue,N,X,A,blue,N,X
HTx,13,29053,1,blue,N,X,A,blue,N,X
HTx,13,29071,1,blue,N,X,A,blue,N,X
HTx,13,29088,1,blue,N,X,A,blue,N,X
HTx,13,29154,1,blue,N,X,A,blue,N,X
HTx,13,29186,1,blue,N,X,A,blue,N,X
HTx,13,29204,1,blue,N,X,A,blue,N,X
HTx,13,29221,1,blue,N,X,A,blue,N,X
HTx,13,29237,1,blue,N,X,A,blue,N,X
HTx,13,29242,1,blue,N,X,A,blue,N,X
HTx,13,29265,1,blue,N,X,A,blue,N,X
HTx,13,29343,1,blue,N,X,A,blue,N,X
HTx,13,29364,1,blue,N,X,A,blue,N,X
HTx,13,29385,1,blue,N,X,A,blue,N,X
HTx,13,29407,1,blue,N,X,A,blue,N,X
HTx,13,29424,1,blue,N,X,A,blue,N,X
HTx,13,29442,1,blue,N,X,A,blue,N,X
HTx,13,29456,157,blue,N,X,H,blue,N,X
HTx,13,30358,1,blue,N,X,A,blue,N,X
HTx,13,30396,1,blue,N,X,A,blue,N,X
HTx,13,30422,1,blue,N,X,A,blue,N,X
HTx,13,30468,1,blue,N,X,A,blue,N,X
HTx,13,30660,1,blue,N,X,A,blue,N,X
HTx,13,30679,1,blue,N,X,A,blue,N,X
HTx,13,30698,1,blue,N,X,A,blue,N,X
HTx,13,30716,1,blue,N,X,A,blue,N,X
HTx,13,30736,1,blue,N,X,A,blue,N,X
HTx,13,30995,1,blue,N,X,A,blue,N,X
HTx,13,31012,1,blue,N,X,A,blue,N,X
HTx,13,31033,1,blue,N,X,A,blue,N,X
HTx,13,31051,1,blue,N,X,A,blue,N,X
HTx,13,31076,1,blue,N,X,A,blue,N,X
HTx,13,31095,1,blue,N,X,A,blue,N,X
HTx,13,31156,193,blue,N,X,H,blue,N,X
HTx,13,31422,1,blue,N,X,A,blue,N,X
HTx,13,31949,1,blue,N,X,A,blue,N,X
HTx,13,32373,1,blue,N,X,A,blue,N,X
HTx,13,32392,1,blue,N,X,A,blue,N,X
HTx,13,32409,1,blue,N,X,A,blue,N,X
HTx,13,32428,1,blue,N,X,A,blue,N,X
HTx,13,32446,1,blue,N,X,A,blue,N,X
HTx,13,32732,1,blue,N,X,A,blue,N,X
HTx,13,32750,1,blue,N,X,A,blue,N,X
HTx,13,32767,1,blue,N,X,A,blue,N,X
HTx,13,32804,1,blue,N,X,A,blue,N,X
HTx,13,32819,1,blue,N,X,A,blue,N,X
HTx,13,33197,1,blue,N,X,A,blue,N,X
HTx,13,33213,1,blue,N,X,A,blue,N,X
HTx,13,33499,1,blue,N,X,A,blue,N,X
HTx,13,33520,1,blue,N,X,A,blue,N,X
HTx,13,33539,1,blue,N,X,A,blue,N,X
HTx,13,33575,1,blue,N,X,A,blue,N,X
HTx,13,33591,1,blue,N,X,A,blue,N,X
HTx,13,33608,1,blue,N,X,A,blue,N,X
HTx,13,33627,1,blue,N,X,A,blue,N,X
HTx,13,33645,1,blue,N,X,A,blue,N,X
HTx,13,33757,1,blue,N,X,A,blue,N,X
HTx,13,33776,1,blue,N,X,A,blue,N,X
HTx,13,33795,1,blue,N,X,A,blue,N,X
HTx,13,33819,1,blue,N,X,A,blue,N,X
HTx,13,33838,1,blue,N,X,A,blue,N,X
HTx,13,34167,56,blue,N,X,H,blue,N,X
HTx,13,34449,1,blue,N,X,A,blue,N,X
HTx,13,34466,1,blue,N,X,A,blue,N,X
HTx,13,34482,1,blue,N,X,A,blue,N,X
HTx,13,34514,1,blue,N,X,A,blue,N,X
HTx,13,34534,1,blue,N,X,A,blue,N,X
HTx,13,34553,1,blue,N,X,A,blue,N,X
HTx,13,34576,1,blue,N,X,A,blue,N,X
HTx,13,34600,1,blue,N,X,A,blue,N,X
HTx,13,34618,1,blue,N,X,A,blue,N,X
HTx,13,34636,1,blue,N,X,A,blue,N,X
HTx,13,34781,1,blue,N,X,A,blue,N,X
HTx,13,34798,1,blue,N,X,A,blue,N,X
HTx,13,34820,1,blue,N,X,A,blue,N,X
HTx,13,34838,1,blue,N,X,A,blue,N,X
HTx,13,34860,1,blue,N,X,A,blue,N,X
HTx,13,34878,1,blue,N,X,A,blue,N,X
HTx,13,34896,1,blue,N,X,A,blue,N,X
HTx,13,34938,1,blue,N,X,A,blue,N,X
HTx,13,34959,1,blue,N,X,A,blue,N,X
HTx,13,34976,1,blue,N,X,A,blue,N,X
HTx,13,34994,1,blue,N,X,A,blue,N,X
HTx,13,35347,1,blue,N,X,A,blue,N,X
HTx,13,35363,1,blue,N,X,A,blue,N,X
HTx,13,35381,1,blue,N,X,A,blue,N,X
HTx,13,35398,1,blue,N,X,A,blue,N,X
HTx,13,35416,1,blue,N,X,A,blue,N,X
HTx,13,35433,1,blue,N,X,A,blue,N,X
HTx,13,35455,1,blue,N,X,A,blue,N,X
HTx,13,35467,1,blue,N,X,A,blue,N,X
HTx,13,35532,1,blue,N,X,A,blue,N,X
HTx,13,35548,1,blue,N,X,A,blue,N,X
HTx,13,35572,1,blue,N,X,A,blue,N,X
HTx,13,35593,1,blue,N,X,A,blue,N,X
HTx,13,35741,1,blue,N,X,A,blue,N,X
HTx,13,35757,1,blue,N,X,A,blue,N,X
HTx,13,35773,1,blue,N,X,A,blue,N,X
HTx,13,35797,1,blue,N,X,A,blue,N,X
HTx,13,35814,1,blue,N,X,A,blue,N,X
HTx,13,35830,1,blue,N,X,A,blue,N,X
HTx,13,35846,1,blue,N,X,A,blue,N,X
HTx,13,36053,1,blue,N,X,A,blue,N,X
HTx,13,36089,1,blue,N,X,A,blue,N,X
HTx,13,36107,1,blue,N,X,A,blue,N,X
HTx,13,36128,1,blue,N,X,A,blue,N,X
HTx,13,36145,1,blue,N,X,A,blue,N,X
HTx,13,36162,1,blue,N,X,A,blue,N,X
HTx,13,36177,1,blue,N,X,A,blue,N,X
HTx,13,36193,1,blue,N,X,A,blue,N,X
HTx,13,36210,1,blue,N,X,A,blue,N,X
HTx,13,36229,1,blue,N,X,A,blue,N,X
HTx,13,36245,1,blue,N,X,A,blue,N,X
HTx,13,36263,1,blue,N,X,A,blue,N,X
HTx,13,36274,1,blue,N,X,A,blue,N,X
HTx,13,36296,1,blue,N,X,A,blue,N,X
HTx,13,36316,1,blue,N,X,A,blue,N,X
HTx,13,36336,1,blue,N,X,A,blue,N,X
HTx,13,36696,1,blue,N,X,A,blue,N,X
HTx,13,37031,1,blue,N,X,A,blue,N,X
HTx,13,37047,1,blue,N,X,A,blue,N,X
HTx,13,37066,1,blue,N,X,A,blue,N,X
HTx,13,37084,1,blue,N,X,A,blue,N,X
HTx,13,37103,1,blue,N,X,A,blue,N,X
HTx,13,37123,1,blue,N,X,A,blue,N,X
HTx,13,37139,1,blue,N,X,A,blue,N,X
HTx,13,37180,1,blue,N,X,A,blue,N,X
HTx,13,37201,1,blue,N,X,A,blue,N,X
HTx,13,37220,1,blue,N,X,A,blue,N,X
HTx,13,37238,1,blue,N,X,A,blue,N,X
HTx,13,37258,1,blue,N,X,A,blue,N,X
HTx,13,37278,1,blue,N,X,A,blue,N,X
HTx,13,37302,1,blue,N,X,A,blue,N,X
HTx,13,37320,1,blue,N,X,A,blue,N,X
HTx,13,37340,1,blue,N,X,A,blue,N,X
HTx,13,37357,1,blue,N,X,A,blue,N,X
HTx,13,37377,1,blue,N,X,A,blue,N,X
HTx,13,37398,1,blue,N,X,A,blue,N,X
HTx,13,37424,1,blue,N,X,A,blue,N,X
HTx,13,37442,1,blue,N,X,A,blue,N,X
HTx,13,37466,1,blue,N,X,A,blue,N,X
HTx,13,37490,1,blue,N,X,A,blue,N,X
HTx,13,37517,1,blue,N,X,A,blue,N,X
HTx,13,37537,1,blue,N,X,A,blue,N,X
HTx,13,37559,1,blue,N,X,A,blue,N,X
HTx,13,37582,1,blue,N,X,A,blue,N,X
HTx,13,37599,1,blue,N,X,A,blue,N,X
HTx,13,37619,1,blue,N,X,A,blue,N,X
HTx,13,37640,1,blue,N,X,A,blue,N,X
HTx,13,37661,544,blue,N,X,H,blue,N,X
HTx,13,38255,1,blue,N,X,A,blue,N,X
HTx,13,38276,1,blue,N,X,A,blue,N,X
HTx,13,38301,1,blue,N,X,A,blue,N,X
HTx,13,38325,1,blue,N,X,A,blue,N,X
HTx,13,38347,1,blue,N,X,A,blue,N,X
HTx,13,38371,1,blue,N,X,A,blue,N,X
HTx,13,38393,1,blue,N,X,A,blue,N,X
HTx,13,38414,1,blue,N,X,A,blue,N,X
HTx,13,38429,178,blue,N,X,H,blue,N,X
HTx,13,39126,784,blue,N,X,H,blue,N,X
HTx,13,41895,1,blue,N,X,A,blue,N,X
HTx,13,41950,1,blue,N,X,A,blue,N,X
HTx,13,42129,1,blue,N,X,A,blue,N,X
HTx,13,42150,1,blue,N,X,A,blue,N,X
HTx,13,42198,1,blue,N,X,A,blue,N,X
HTx,13,42216,1,blue,N,X,A,blue,N,X
HTx,13,42326,1,blue,N,X,A,blue,N,X
HTx,13,42344,1,blue,N,X,A,blue,N,X
HTx,13,42365,1,blue,N,X,A,blue,N,X
HTx,13,42528,130,blue,N,X,H,blue,N,X
HTx,13,45227,113,blue,N,X,H,blue,N,X
HTx,13,45399,60,blue,N,X,H,blue,N,X
HTx,13,45801,1,blue,N,X,A,blue,N,X
HTx,13,45818,1,blue,N,X,A,blue,N,X
HTx,13,45827,1,blue,N,X,A,blue,N,X
HTx,13,45835,1,blue,N,X,A,blue,N,X
HTx,13,45870,113,blue,N,X,H,blue,N,X
HTx,13,47671,129,blue,N,X,H,blue,N,X
HTx,13,47802,123,blue,N,X,R,blue,N,X
HTx,13,48084,1,blue,N,X,A,blue,N,X
HTx,13,48106,1,blue,N,X,A,blue,N,X
HTx,13,48409,81,blue,N,X,H,blue,N,X
HTx,13,48981,1,blue,N,X,A,blue,N,X
HTx,13,49019,1,blue,N,X,A,blue,N,X
HTx,13,49032,261,blue,N,X,H,blue,N,X
HTx,13,49332,48,blue,N,X,H,blue,N,X
HTx,13,50206,184,blue,N,X,H,blue,N,X
HTx,13,51026,1,blue,N,X,A,blue,N,X
HTx,13,51042,1,blue,N,X,A,blue,N,X
HTx,13,51473,1,blue,N,X,A,blue,N,X
HTx,13,51493,1,blue,N,X,A,blue,N,X
HTx,13,51502,16,blue,N,X,H,blue,N,X
HTx,13,51567,34,blue,N,X,H,blue,N,X
HTx,13,51639,152,blue,N,X,H,blue,N,X
HTx,13,52905,102,blue,N,X,H,blue,N,X
HTx,13,66460,1,blue,N,X,A,blue,N,X
HTx,13,66468,1,blue,N,X,A,blue,N,X
HTx,13,66481,14,blue,N,X,H,blue,N,X
HTx,13,67571,1,blue,N,X,A,blue,N,X
HTx,13,67591,1,blue,N,X,A,blue,N,X
HTx,13,67610,1,blue,N,X,A,blue,N,X
HTx,13,67629,1,blue,N,X,A,blue,N,X
HTx,13,67652,1,blue,N,X,A,blue,N,X
HTx,13,67667,1,blue,N,X,A,blue,N,X
HTx,13,67686,1,blue,N,X,A,blue,N,X
HTx,13,67704,1,blue,N,X,A,blue,N,X
HTx,13,67731,1,blue,N,X,A,blue,N,X
HTx,13,67741,1,blue,N,X,A,blue,N,X
HTx,13,67747,159,blue,N,X,H,blue,N,X
HTx,13,67954,1,blue,N,X,A,blue,N,X
HTx,13,67966,28,blue,N,X,H,blue,N,X
HTx,13,68018,1,blue,N,X,A,blue,N,X
HTx,13,68025,43,blue,N,X,H,blue,N,X
HTx,13,69087,1,blue,N,X,A,blue,N,X
HTx,13,69108,1,blue,N,X,A,blue,N,X
HTx,13,69125,1,blue,N,X,A,blue,N,X
HTx,13,69617,1,blue,N,X,A,blue,N,X
HTx,13,69632,1,blue,N,X,A,blue,N,X
HTx,13,69693,1,blue,N,X,A,blue,N,X
HTx,13,69713,1,blue,N,X,A,blue,N,X
HTx,13,69727,1,blue,N,X,A,blue,N,X
HTx,13,69760,102,blue,N,X,H,blue,N,X
HTx,13,70460,1,blue,N,X,A,blue,N,X
HTx,13,70480,1,blue,N,X,A,blue,N,X
HTx,13,70496,1,blue,N,X,A,blue,N,X
HTx,13,70516,1,blue,N,X,A,blue,N,X
HTx,13,70539,1,blue,N,X,A,blue,N,X
HTx,13,70560,1,blue,N,X,A,blue,N,X
HTx,13,70580,1,blue,N,X,A,blue,N,X
HTx,13,70598,1,blue,N,X,A,blue,N,X
HTx,13,70623,1,blue,N,X,A,blue,N,X
HTx,13,70640,1,blue,N,X,A,blue,N,X
HTx,13,70659,1,blue,N,X,A,blue,N,X
HTx,13,70682,1,blue,N,X,A,blue,N,X
HTx,13,70754,1,blue,N,X,A,blue,N,X
HTx,13,70772,1,blue,N,X,A,blue,N,X
HTx,13,70789,1,blue,N,X,A,blue,N,X
HTx,13,70892,1,blue,N,X,A,blue,N,X
HTx,13,70909,1,blue,N,X,A,blue,N,X
HTx,13,70925,1,blue,N,X,A,blue,N,X
HTx,13,70945,1,blue,N,X,A,blue,N,X
HTx,13,70962,1,blue,N,X,A,blue,N,X
HTx,13,71039,1,blue,N,X,A,blue,N,X
HTx,13,71058,1,blue,N,X,A,blue,N,X
HTx,13,71067,1,blue,N,X,A,blue,N,X
HTx,13,71069,204,blue,N,X,H,blue,N,X
HTx,13,71292,17,blue,N,X,H,blue,N,X
HTx,13,72161,1,blue,N,X,A,blue,N,X
HTx,13,72179,1,blue,N,X,A,blue,N,X
HTx,13,72190,1,blue,N,X,A,blue,N,X
HTx,13,72309,1,blue,N,X,A,blue,N,X
HTx,13,72329,1,blue,N,X,A,blue,N,X
HTx,13,72627,1,blue,N,X,A,blue,N,X
HTx,13,72645,1,blue,N,X,A,blue,N,X
HTx,13,72694,1,blue,N,X,A,blue,N,X
HTx,13,72711,1,blue,N,X,A,blue,N,X
HTx,13,72727,1,blue,N,X,A,blue,N,X
HTx,13,72744,1,blue,N,X,A,blue,N,X
HTx,13,72762,1,blue,N,X,A,blue,N,X
HTx,13,72779,1,blue,N,X,A,blue,N,X
HTx,13,72797,1,blue,N,X,A,blue,N,X
HTx,13,72823,1,blue,N,X,A,blue,N,X
HTx,13,72842,1,blue,N,X,A,blue,N,X
HTx,13,72861,1,blue,N,X,A,blue,N,X
HTx,13,72877,1,blue,N,X,A,blue,N,X
HTx,13,72895,60,blue,N,X,H,blue,N,X
HTx,13,73142,1,blue,N,X,A,blue,N,X
HTx,13,73162,1,blue,N,X,A,blue,N,X
HTx,13,73182,1,blue,N,X,A,blue,N,X
HTx,13,73199,1,blue,N,X,A,blue,N,X
HTx,13,73222,1,blue,N,X,A,blue,N,X
HTx,13,73242,1,blue,N,X,A,blue,N,X
HTx,13,73261,1,blue,N,X,A,blue,N,X
HTx,13,73281,1,blue,N,X,A,blue,N,X
HTx,13,73301,1,blue,N,X,A,blue,N,X
HTx,13,73331,1,blue,N,X,A,blue,N,X
HTx,13,73349,1,blue,N,X,A,blue,N,X
HTx,13,73378,1,blue,N,X,A,blue,N,X
HTx,13,73398,1,blue,N,X,A,blue,N,X
HTx,13,73419,1,blue,N,X,A,blue,N,X
HTx,13,73439,1,blue,N,X,A,blue,N,X
HTx,13,73458,1,blue,N,X,A,blue,N,X
HTx,13,73465,120,blue,N,X,H,blue,N,X
HTx,13,74688,1,blue,N,X,A,blue,N,X
HTx,13,74705,56,blue,N,X,H,blue,N,X
HTx,13,74872,1,blue,N,X,A,blue,N,X
HTx,13,74891,1,blue,N,X,A,blue,N,X
HTx,13,74909,1,blue,N,X,A,blue,N,X
HTx,13,74928,1,blue,N,X,A,blue,N,X
HTx,13,75469,1,blue,N,X,A,blue,N,X
HTx,13,75481,1,blue,N,X,A,blue,N,X
HTx,13,75489,1,blue,N,X,A,blue,N,X
HTx,13,75501,1,blue,N,X,A,blue,N,X
HTx,13,75515,59,blue,N,X,H,blue,N,X
HTx,13,76747,1,blue,N,X,A,blue,N,X
HTx,13,76766,1,blue,N,X,A,blue,N,X
HTx,13,76783,1,blue,N,X,A,blue,N,X
HTx,13,76801,1,blue,N,X,A,blue,N,X
HTx,13,77592,1,blue,N,X,A,blue,N,X
HTx,13,77608,1,blue,N,X,A,blue,N,X
HTx,13,77654,1,blue,N,X,A,blue,N,X
HTx,13,77676,1,blue,N,X,A,blue,N,X
HTx,13,77697,1,blue,N,X,A,blue,N,X
HTx,13,77742,1,blue,N,X,A,blue,N,X
HTx,13,77761,1,blue,N,X,A,blue,N,X
HTx,13,77822,1,blue,N,X,A,blue,N,X
HTx,13,77843,1,blue,N,X,A,blue,N,X
HTx,13,77857,1,blue,N,X,A,blue,N,X
HTx,13,77878,1,blue,N,X,A,blue,N,X
HTx,13,78638,1,blue,N,X,A,blue,N,X
HTx,13,78648,121,blue,N,X,H,blue,N,X
HTx,13,79150,1,blue,N,X,A,blue,N,X
HTx,13,79166,1,blue,N,X,A,blue,N,X
HTx,13,79182,1,blue,N,X,A,blue,N,X
HTx,13,79202,1,blue,N,X,A,blue,N,X
HTx,13,79220,1,blue,N,X,A,blue,N,X
HTx,13,79239,1,blue,N,X,A,blue,N,X
HTx,13,79257,1,blue,N,X,A,blue,N,X
HTx,13,79280,1,blue,N,X,A,blue,N,X
HTx,13,79300,1,blue,N,X,A,blue,N,X
HTx,13,79341,1,blue,N,X,A,blue,N,X
HTx,13,79360,1,blue,N,X,A,blue,N,X
HTx,13,79378,1,blue,N,X,A,blue,N,X
HTx,13,79400,1,blue,N,X,A,blue,N,X
HTx,13,79499,1,blue,N,X,A,blue,N,X
HTx,13,79704,1,blue,N,X,A,blue,N,X
HTx,13,79722,1,blue,N,X,A,blue,N,X
HTx,13,79741,1,blue,N,X,A,blue,N,X
HTx,13,79763,1,blue,N,X,A,blue,N,X
HTx,13,79781,1,blue,N,X,A,blue,N,X
HTx,13,79799,1,blue,N,X,A,blue,N,X
HTx,13,79819,1,blue,N,X,A,blue,N,X
HTx,13,79835,1,blue,N,X,A,blue,N,X
HTx,13,79853,1,blue,N,X,A,blue,N,X
HTx,13,79877,1,blue,N,X,A,blue,N,X
HTx,13,79895,1,blue,N,X,A,blue,N,X
HTx,13,79913,1,blue,N,X,A,blue,N,X
HTx,13,79944,552,blue,N,X,H,blue,N,X
HTx,13,80548,165,blue,N,X,H,blue,N,X
HTx,13,0,1,green,N,X,A,green,N,X
HTx,13,26,1,green,N,X,A,green,N,X
HTx,13,42,1,green,N,X,A,green,N,X
HTx,13,63,1,green,N,X,A,green,N,X
HTx,13,83,1,green,N,X,A,green,N,X
HTx,13,102,1,green,N,X,A,green,N,X
HTx,13,120,1,green,N,X,A,green,N,X
HTx,13,138,1,green,N,X,A,green,N,X
HTx,13,153,1,green,N,X,A,green,N,X
HTx,13,738,1,green,N,X,A,green,N,X
HTx,13,756,1,green,N,X,A,green,N,X
HTx,13,774,1,green,N,X,A,green,N,X
HTx,13,893,1,green,N,X,A,green,N,X
HTx,13,909,1,green,N,X,A,green,N,X
HTx,13,927,1,green,N,X,A,green,N,X
HTx,13,947,1,green,N,X,A,green,N,X
HTx,13,1060,1,green,N,X,A,green,N,X
HTx,13,1075,1,green,N,X,A,green,N,X
HTx,13,1575,1,green,N,X,A,green,N,X
HTx,13,1593,1,green,N,X,A,green,N,X
HTx,13,3166,1,green,N,X,A,green,N,X
HTx,13,3209,1,green,N,X,A,green,N,X
HTx,13,3226,1,green,N,X,A,green,N,X
HTx,13,3245,1,green,N,X,A,green,N,X
HTx,13,3262,1,green,N,X,A,green,N,X
HTx,13,3277,1,green,N,X,A,green,N,X
HTx,13,3295,1,green,N,X,A,green,N,X
HTx,13,3314,1,green,N,X,A,green,N,X
HTx,13,3332,1,green,N,X,A,green,N,X
HTx,13,3349,1,green,N,X,A,green,N,X
HTx,13,3366,1,green,N,X,A,green,N,X
HTx,13,3384,1,green,N,X,A,green,N,X
HTx,13,3403,1,green,N,X,A,green,N,X
HTx,13,3424,1,green,N,X,A,green,N,X
HTx,13,3471,1,green,N,X,A,green,N,X
HTx,13,3768,1,green,N,X,A,green,N,X
HTx,13,3812,1,green,N,X,A,green,N,X
HTx,13,3841,1,green,N,X,A,green,N,X
HTx,13,3863,1,green,N,X,A,green,N,X
HTx,13,3881,1,green,N,X,A,green,N,X
HTx,13,3882,151,green,N,X,H,green,N,X
HTx,13,6476,127,green,N,X,H,green,N,X
HTx,13,7199,1,green,N,X,A,green,N,X
HTx,13,7226,1,green,N,X,A,green,N,X
HTx,13,7245,1,green,N,X,A,green,N,X
HTx,13,7267,1,green,N,X,A,green,N,X
HTx,13,7291,1,green,N,X,A,green,N,X
HTx,13,7366,246,green,N,X,H,green,N,X
HTx,13,8260,1,green,N,X,A,green,N,X
HTx,13,8283,1,green,N,X,A,green,N,X
HTx,13,8292,171,green,N,X,H,green,N,X
HTx,13,12253,1,green,N,X,A,green,N,X
HTx,13,12287,1,green,N,X,A,green,N,X
HTx,13,13366,1,green,N,X,A,green,N,X
HTx,13,14134,1,green,N,X,A,green,N,X
HTx,13,14766,1,green,N,X,A,green,N,X
HTx,13,14783,1,green,N,X,A,green,N,X
HTx,13,14803,1,green,N,X,A,green,N,X
HTx,13,14817,1,green,N,X,A,green,N,X
HTx,13,16322,1,green,N,X,A,green,N,X
HTx,13,16396,1,green,N,X,A,green,N,X
HTx,13,16417,1,green,N,X,A,green,N,X
HTx,13,16434,1,green,N,X,A,green,N,X
HTx,13,16443,101,green,N,X,H,green,N,X
HTx,13,18852,1,green,N,X,A,green,N,X
HTx,13,18876,1,green,N,X,A,green,N,X
HTx,13,18945,1,green,N,X,A,green,N,X
HTx,13,18972,1,green,N,X,A,green,N,X
HTx,13,18999,1,green,N,X,A,green,N,X
HTx,13,19021,1,green,N,X,A,green,N,X
HTx,13,19048,216,green,N,X,H,green,N,X
HTx,13,20387,93,green,N,X,H,green,N,X
HTx,13,20893,145,green,N,X,H,green,N,X
HTx,13,22313,1,green,N,X,A,green,N,X
HTx,13,22331,1,green,N,X,A,green,N,X
HTx,13,22395,1,green,N,X,A,green,N,X
HTx,13,22424,1,green,N,X,A,green,N,X
HTx,13,27329,125,green,N,X,H,green,N,X
HTx,13,27613,95,green,N,X,H,green,N,X
HTx,13,27937,1,green,N,X,A,green,N,X
HTx,13,27983,1,green,N,X,A,green,N,X
HTx,13,29124,14,green,N,X,H,green,N,X
HTx,13,30470,48,green,N,X,H,green,N,X
HTx,13,30632,314,green,N,X,H,green,N,X
HTx,13,30947,145,green,N,X,R,green,N,X
HTx,13,33108,1,green,N,X,A,green,N,X
HTx,13,33133,1,green,N,X,A,green,N,X
HTx,13,33146,1,green,N,X,A,green,N,X
HTx,13,33176,1,green,N,X,A,green,N,X
HTx,13,33423,48,green,N,X,H,green,N,X
HTx,13,34209,1,green,N,X,A,green,N,X
HTx,13,34231,1,green,N,X,A,green,N,X
HTx,13,34250,1,green,N,X,A,green,N,X
HTx,13,34537,116,green,N,X,H,green,N,X
HTx,13,37370,1,green,N,X,A,green,N,X
HTx,13,37392,1,green,N,X,A,green,N,X
HTx,13,37410,1,green,N,X,A,green,N,X
HTx,13,37417,70,green,N,X,H,green,N,X
HTx,13,41688,1,green,N,X,A,green,N,X
HTx,13,41723,1,green,N,X,A,green,N,X
HTx,13,41752,81,green,N,X,H,green,N,X
HTx,13,46106,1,green,N,X,A,green,N,X
HTx,13,46131,1,green,N,X,A,green,N,X
HTx,13,46153,1,green,N,X,A,green,N,X
HTx,13,46182,1,green,N,X,A,green,N,X
HTx,13,46206,1,green,N,X,A,green,N,X
HTx,13,46291,151,green,N,X,H,green,N,X
HTx,13,46625,123,green,N,X,R,green,N,X
HTx,13,48854,1,green,N,X,A,green,N,X
HTx,13,48877,1,green,N,X,A,green,N,X
HTx,13,48897,1,green,N,X,A,green,N,X
HTx,13,48918,1,green,N,X,A,green,N,X
HTx,13,48941,1,green,N,X,A,green,N,X
HTx,13,49317,47,green,N,X,H,green,N,X
HTx,13,52021,1,green,N,X,A,green,N,X
HTx,13,52046,1,green,N,X,A,green,N,X
HTx,13,52068,1,green,N,X,A,green,N,X
HTx,13,52081,1,green,N,X,A,green,N,X
HTx,13,52144,1,green,N,X,A,green,N,X
HTx,13,52150,55,green,N,X,H,green,N,X
HTx,13,52404,217,green,N,X,H,green,N,X
HTx,13,52996,194,green,N,X,H,green,N,X
HTx,13,53327,345,green,N,X,H,green,N,X
HTx,13,54757,1,green,N,X,A,green,N,X
HTx,13,54783,1,green,N,X,A,green,N,X
HTx,13,54803,1,green,N,X,A,green,N,X
HTx,13,54822,77,green,N,X,H,green,N,X
HTx,13,56183,1,green,N,X,A,green,N,X
HTx,13,56204,1,green,N,X,A,green,N,X
HTx,13,56219,1,green,N,X,A,green,N,X
HTx,13,56304,1,green,N,X,A,green,N,X
HTx,13,56418,1,green,N,X,A,green,N,X
HTx,13,56440,1,green,N,X,A,green,N,X
HTx,13,56456,90,green,N,X,H,green,N,X
HTx,13,57133,1,green,N,X,A,green,N,X
HTx,13,57179,1,green,N,X,A,green,N,X
HTx,13,57289,55,green,N,X,H,green,N,X
HTx,13,57556,1,green,N,X,A,green,N,X
HTx,13,57606,1,green,N,X,A,green,N,X
HTx,13,57618,1,green,N,X,A,green,N,X
HTx,13,57628,178,green,N,X,H,green,N,X
HTx,13,58348,286,green,N,X,H,green,N,X
HTx,13,58663,16,green,N,X,H,green,N,X
HTx,13,60129,140,green,N,X,H,green,N,X
HTx,13,60315,51,green,N,X,H,green,N,X
HTx,13,61128,1,green,N,X,A,green,N,X
HTx,13,61159,1,green,N,X,A,green,N,X
HTx,13,61602,1,green,N,X,A,green,N,X
HTx,13,61622,83,green,N,X,H,green,N,X
HTx,13,61766,103,green,N,X,H,green,N,X
HTx,13,62539,89,green,N,X,H,green,N,X
HTx,13,63853,138,green,N,X,H,green,N,X
HTx,13,67011,152,green,N,X,H,green,N,X
HTx,13,68191,1,green,N,X,A,green,N,X
HTx,13,68222,1,green,N,X,A,green,N,X
HTx,13,68242,1,green,N,X,A,green,N,X
HTx,13,68261,1,green,N,X,A,green,N,X
HTx,13,68372,104,green,N,X,H,green,N,X
HTx,13,69941,157,green,N,X,H,green,N,X
HTx,13,70281,127,green,N,X,H,green,N,X
HTx,13,70562,272,green,N,X,H,green,N,X
HTx,13,72952,75,green,N,X,H,green,N,X
HTx,13,73224,288,green,N,X,H,green,N,X
HTx,13,75892,31,green,N,X,H,green,N,X
HTx,13,76426,1,green,N,X,A,green,N,X
HTx,13,76444,1,green,N,X,A,green,N,X
HTx,13,76461,1,green,N,X,A,green,N,X
HTx,13,76614,1,green,N,X,A,green,N,X
HTx,13,76643,1,green,N,X,A,green,N,X
HTx,13,76663,1,green,N,X,A,green,N,X
HTx,13,76682,1,green,N,X,A,green,N,X
HTx,13,76749,96,green,N,X,H,green,N,X
HTx,13,77523,1,green,N,X,A,green,N,X
HTx,13,77540,1,green,N,X,A,green,N,X
HTx,13,77557,1,green,N,X,A,green,N,X
HTx,13,77634,1,green,N,X,A,green,N,X
HTx,13,77656,32,green,N,X,H,green,N,X
HTx,13,79345,1,green,N,X,A,green,N,X
HTx,13,79367,1,green,N,X,A,green,N,X
HTx,13,79610,1,green,N,X,A,green,N,X
HTx,13,79633,1,green,N,X,A,green,N,X
HTx,13,79648,1,green,N,X,A,green,N,X
HTx,13,79667,1,green,N,X,A,green,N,X
HTx,13,79673,163,green,N,X,H,green,N,X
HTx,13,80446,1,green,N,X,A,green,N,X
HTx,13,80460,77,green,N,X,H,green,N,X
HTx,13,80553,39,green,N,X,H,green,N,X
HTx,13,80684,106,green,N,X,H,green,N,X
HTx,13,12651,37,yellow,G,H,T,green,N,X
HTx,13,49489,262,yellow,G,H,T,purple,N,X
HTx,13,49943,113,yellow,G,H,T,red,T,X
HTx,13,50145,1610,yellow,G,H,T,purple,N,X
HTx,13,52538,40,purple,N,X,T,blue,N,X
HTx,13,47241,218,blue,N,X,T,orange,N,X
