TxTx,11,492,16,yellow,T,X,S,yellow,T,X
TxTx,11,741,332,yellow,T,X,G,blue,T,X
TxTx,11,1285,14,yellow,T,X,S,yellow,T,X
TxTx,11,1746,35,yellow,T,X,S,yellow,T,X
TxTx,11,2407,86,yellow,T,X,S,yellow,T,X
TxTx,11,5997,96,yellow,T,X,S,yellow,T,X
TxTx,11,6219,725,yellow,T,X,G,blue,T,X
TxTx,11,14169,26,yellow,T,X,S,yellow,T,X
TxTx,11,14365,30,yellow,T,X,S,yellow,T,X
TxTx,11,15585,24,yellow,T,X,S,yellow,T,X
TxTx,11,15626,76,yellow,T,X,S,yellow,T,X
TxTx,11,20907,17,yellow,T,X,S,yellow,T,X
TxTx,11,26640,39,yellow,T,X,S,yellow,T,X
TxTx,11,39862,25,yellow,T,X,S,yellow,T,X
TxTx,11,57601,36,yellow,T,X,S,yellow,T,X
TxTx,11,59528,13,yellow,T,X,S,yellow,T,X
TxTx,11,70304,54,yellow,T,X,S,yellow,T,X
TxTx,11,70414,46,yellow,T,X,S,yellow,T,X
TxTx,11,73318,17,yellow,T,X,S,yellow,T,X
TxTx,11,203,36,orange,N,X,S,orange,N,X
TxTx,11,1007,22,orange,N,X,S,orange,N,X
TxTx,11,1701,139,orange,N,X,G,blue,T,X
TxTx,11,2894,72,orange,N,X,S,orange,N,X
TxTx,11,3314,15,orange,N,X,S,orange,N,X
TxTx,11,4952,12,orange,N,X,S,orange,N,X
TxTx,11,6704,14,orange,N,X,S,orange,N,X
TxTx,11,6778,14,orange,N,X,S,orange,N,X
TxTx,11,6818,24,orange,N,X,S,orange,N,X
TxTx,11,6923,54,orange,N,X,S,orange,N,X
TxTx,11,8032,51,orange,N,X,S,orange,N,X
TxTx,11,9832,7,orange,N,X,S,orange,N,X
TxTx,11,9904,91,orange,N,X,G,purple,N,X
TxTx,11,11689,12,orange,N,X,S,orange,N,X
TxTx,11,11896,12,orange,N,X,S,orange,N,X
TxTx,11,12049,15,orange,N,X,S,orange,N,X
TxTx,11,12417,48,orange,N,X,S,orange,N,X
TxTx,11,14788,71,orange,N,X,S,orange,N,X
TxTx,11,16080,17,orange,N,X,S,orange,N,X
TxTx,11,17174,23,orange,N,X,S,orange,N,X
TxTx,11,17368,88,orange,N,X,S,orange,N,X
TxTx,11,17596,28,orange,N,X,S,orange,N,X
TxTx,11,19841,79,orange,N,X,S,orange,N,X
TxTx,11,20112,64,orange,N,X,S,orange,N,X
TxTx,11,21087,82,orange,N,X,S,orange,N,X
TxTx,11,23911,66,orange,N,X,S,orange,N,X
TxTx,11,24288,8,orange,N,X,S,orange,N,X
TxTx,11,24375,56,orange,N,X,S,orange,N,X
TxTx,11,24561,18,orange,N,X,S,orange,N,X
TxTx,11,24691,196,orange,N,X,S,orange,N,X
TxTx,11,25073,21,orange,N,X,S,orange,N,X
TxTx,11,25381,75,orange,N,X,S,orange,N,X
TxTx,11,30764,27,orange,N,X,S,orange,N,X
TxTx,11,31241,7,orange,N,X,S,orange,N,X
TxTx,11,31614,17,orange,N,X,S,orange,N,X
TxTx,11,32650,8,orange,N,X,S,orange,N,X
TxTx,11,34512,94,orange,N,X,S,orange,N,X
TxTx,11,34823,31,orange,N,X,S,orange,N,X
TxTx,11,35310,162,orange,N,X,S,orange,N,X
TxTx,11,35631,21,orange,N,X,S,orange,N,X
TxTx,11,36657,35,orange,N,X,S,orange,N,X
TxTx,11,37566,11,orange,N,X,S,orange,N,X
TxTx,11,37758,20,orange,N,X,S,orange,N,X
TxTx,11,40091,36,orange,N,X,S,orange,N,X
TxTx,11,41023,71,orange,N,X,S,orange,N,X
TxTx,11,44610,50,orange,N,X,S,orange,N,X
TxTx,11,44935,54,orange,N,X,S,orange,N,X
TxTx,11,45105,113,orange,N,X,S,orange,N,X
TxTx,11,45733,50,orange,N,X,S,orange,N,X
TxTx,11,48479,33,orange,N,X,S,orange,N,X
TxTx,11,50780,82,orange,N,X,S,orange,N,X
TxTx,11,50908,157,orange,N,X,S,orange,N,X
TxTx,11,51141,261,orange,N,X,S,orange,N,X
TxTx,11,51656,81,orange,N,X,S,orange,N,X
TxTx,11,51849,72,orange,N,X,S,orange,N,X
TxTx,11,52038,96,orange,N,X,S,orange,N,X
TxTx,11,52188,11,orange,N,X,S,orange,N,X
TxTx,11,52278,143,orange,N,X,S,orange,N,X
TxTx,11,52641,96,orange,N,X,S,orange,N,X
TxTx,11,53491,180,orange,N,X,G,purple,N,X
TxTx,11,53975,49,orange,N,X,S,orange,N,X
TxTx,11,54053,564,orange,N,X,G,purple,N,X
TxTx,11,54833,123,orange,N,X,S,orange,N,X
TxTx,11,55215,25,orange,N,X,S,orange,N,X
TxTx,11,58191,85,orange,N,X,S,orange,N,X
TxTx,11,58508,21,orange,N,X,S,orange,N,X
TxTx,11,58597,74,orange,N,X,S,orange,N,X
TxTx,11,58717,59,orange,N,X,S,orange,N,X
TxTx,11,58803,208,orange,N,X,S,orange,N,X
TxTx,11,59153,100,orange,N,X,S,orange,N,X
TxTx,11,59433,156,orange,N,X,S,orange,N,X
TxTx,11,59742,77,orange,N,X,S,orange,N,X
TxTx,11,62808,29,orange,N,X,S,orange,N,X
TxTx,11,64334,53,orange,N,X,S,orange,N,X
TxTx,11,64439,41,orange,N,X,S,orange,N,X
TxTx,11,64682,11,orange,N,X,S,orange,N,X
TxTx,11,64721,60,orange,N,X,S,orange,N,X
TxTx,11,64994,24,orange,N,X,S,orange,N,X
TxTx,11,65117,106,orange,N,X,S,orange,N,X
TxTx,11,65389,50,orange,N,X,S,orange,N,X
TxTx,11,65548,31,orange,N,X,S,orange,N,X
TxTx,11,65909,152,orange,N,X,S,orange,N,X
TxTx,11,66092,18,orange,N,X,S,orange,N,X
TxTx,11,66404,42,orange,N,X,S,orange,N,X
TxTx,11,66462,304,orange,N,X,G,green,N,X
TxTx,11,68528,22,orange,N,X,S,orange,N,X
TxTx,11,68985,12,orange,N,X,S,orange,N,X
TxTx,11,70094,310,orange,N,X,S,orange,N,X
TxTx,11,70566,55,orange,N,X,S,orange,N,X
TxTx,11,70735,39,orange,N,X,S,orange,N,X
TxTx,11,71421,32,orange,N,X,S,orange,N,X
TxTx,11,72025,17,orange,N,X,S,orange,N,X
TxTx,11,72896,211,orange,N,X,S,orange,N,X
TxTx,11,73249,71,orange,N,X,S,orange,N,X
TxTx,11,73437,125,orange,N,X,S,orange,N,X
TxTx,11,76034,33,orange,N,X,S,orange,N,X
TxTx,11,76124,62,orange,N,X,S,orange,N,X
TxTx,11,76342,152,orange,N,X,S,orange,N,X
TxTx,11,78056,17,orange,N,X,S,orange,N,X
TxTx,11,78743,130,orange,N,X,S,orange,N,X
TxTx,11,79101,100,orange,N,X,S,orange,N,X
TxTx,11,79270,21,orange,N,X,S,orange,N,X
TxTx,11,79398,32,orange,N,X,S,orange,N,X
TxTx,11,80431,75,orange,N,X,S,orange,N,X
TxTx,11,766,22,red,N,X,S,red,N,X
TxTx,11,838,262,red,N,X,S,red,N,X
TxTx,11,1260,50,red,N,X,S,red,N,X
TxTx,11,1467,23,red,N,X,S,red,N,X
TxTx,11,1656,103,red,N,X,S,red,N,X
TxTx,11,2590,15,red,N,X,S,red,N,X
TxTx,11,3858,55,red,N,X,S,red,N,X
TxTx,11,6172,44,red,N,X,S,red,N,X
TxTx,11,7807,185,red,N,X,S,red,N,X
TxTx,11,8414,11,red,N,X,S,red,N,X
TxTx,11,8553,51,red,N,X,S,red,N,X
TxTx,11,9082,74,red,N,X,S,red,N,X
TxTx,11,9296,179,red,N,X,S,red,N,X
TxTx,11,9867,108,red,N,X,S,red,N,X
TxTx,11,11822,62,red,N,X,S,red,N,X
TxTx,11,11971,162,red,N,X,S,red,N,X
TxTx,11,12941,104,red,N,X,S,red,N,X
TxTx,11,13512,16,red,N,X,S,red,N,X
TxTx,11,14490,96,red,N,X,S,red,N,X
TxTx,11,14703,31,red,N,X,S,red,N,X
TxTx,11,16450,55,red,N,X,S,red,N,X
TxTx,11,16661,89,red,N,X,S,red,N,X
TxTx,11,16863,119,red,N,X,S,red,N,X
TxTx,11,17513,38,red,N,X,S,red,N,X
TxTx,11,20261,166,red,N,X,S,red,N,X
TxTx,11,21775,88,red,N,X,S,red,N,X
TxTx,11,21891,82,red,N,X,S,red,N,X
TxTx,11,23521,67,red,N,X,S,red,N,X
TxTx,11,25905,214,red,N,X,S,red,N,X
TxTx,11,26515,169,red,N,X,S,red,N,X
TxTx,11,31260,51,red,N,X,S,red,N,X
TxTx,11,31386,48,red,N,X,S,red,N,X
TxTx,11,33817,165,red,N,X,S,red,N,X
TxTx,11,34028,107,red,N,X,S,red,N,X
TxTx,11,34781,134,red,N,X,S,red,N,X
TxTx,11,35262,28,red,N,X,S,red,N,X
TxTx,11,37590,73,red,N,X,S,red,N,X
TxTx,11,37978,104,red,N,X,S,red,N,X
TxTx,11,38708,96,red,N,X,S,red,N,X
TxTx,11,39790,140,red,N,X,S,red,N,X
TxTx,11,40239,170,red,N,X,S,red,N,X
TxTx,11,42441,28,red,N,X,S,red,N,X
TxTx,11,43217,129,red,N,X,S,red,N,X
TxTx,11,44310,165,red,N,X,S,red,N,X
TxTx,11,46664,65,red,N,X,S,red,N,X
TxTx,11,46853,52,red,N,X,S,red,N,X
TxTx,11,47842,123,red,N,X,S,red,N,X
TxTx,11,49432,141,red,N,X,S,red,N,X
TxTx,11,51567,121,red,N,X,S,red,N,X
TxTx,11,53188,183,red,N,X,S,red,N,X
TxTx,11,54226,50,red,N,X,S,red,N,X
TxTx,11,54655,162,red,N,X,S,red,N,X
TxTx,11,55626,106,red,N,X,S,red,N,X
TxTx,11,55841,77,red,N,X,S,red,N,X
TxTx,11,57126,121,red,N,X,S,red,N,X
TxTx,11,57576,62,red,N,X,S,red,N,X
TxTx,11,58873,173,red,N,X,S,red,N,X
TxTx,11,59508,176,red,N,X,S,red,N,X
TxTx,11,60663,40,red,N,X,S,red,N,X
TxTx,11,61911,77,red,N,X,S,red,N,X
TxTx,11,61994,44,red,N,X,S,red,N,X
TxTx,11,63179,163,red,N,X,S,red,N,X
TxTx,11,65413,233,red,N,X,S,red,N,X
TxTx,11,67525,94,red,N,X,S,red,N,X
TxTx,11,68934,187,red,N,X,S,red,N,X
TxTx,11,70745,146,red,N,X,S,red,N,X
TxTx,11,71747,197,red,N,X,S,red,N,X
TxTx,11,72037,228,red,N,X,S,red,N,X
TxTx,11,73631,164,red,N,X,S,red,N,X
TxTx,11,75326,259,red,N,X,S,red,N,X
TxTx,11,75951,137,red,N,X,S,red,N,X
TxTx,11,76175,220,red,N,X,S,red,N,X
TxTx,11,80730,92,red,N,X,S,red,N,X
TxTx,11,81114,209,red,N,X,S,red,N,X
TxTx,11,349,35,purple,N,X,G,red,N,X
TxTx,11,633,15,purple,N,X,S,purple,N,X
TxTx,11,677,6105,purple,N,X,G,green,N,X
TxTx,11,6888,4510,purple,N,X,G,yellow,T,X
TxTx,11,11645,1018,purple,N,X,G,yellow,T,X
TxTx,11,12680,130,purple,N,X,G,red,N,X
TxTx,11,12950,1021,purple,N,X,G,blue,T,X
TxTx,11,14188,1970,purple,N,X,G,blue,T,X
TxTx,11,16298,3492,purple,N,X,G,blue,T,X
TxTx,11,19840,365,purple,N,X,G,yellow,T,X
TxTx,11,20328,257,purple,N,X,G,yellow,T,X
TxTx,11,20937,78,purple,N,X,G,green,N,X
TxTx,11,21138,37,purple,N,X,S,purple,N,X
TxTx,11,21175,2318,purple,N,X,G,blue,T,X
TxTx,11,23552,135,purple,N,X,G,yellow,T,X
TxTx,11,23722,166,purple,N,X,G,yellow,T,X
TxTx,11,24281,18,purple,N,X,S,purple,N,X
TxTx,11,24334,2328,purple,N,X,G,blue,T,X
TxTx,11,26878,82,purple,N,X,G,yellow,T,X
TxTx,11,27412,13,purple,N,X,S,purple,N,X
TxTx,11,27549,26,purple,N,X,S,purple,N,X
TxTx,11,27594,1594,purple,N,X,G,blue,T,X
TxTx,11,29206,903,purple,N,X,G,red,N,X
TxTx,11,30154,992,purple,N,X,G,red,N,X
TxTx,11,31386,34,purple,N,X,G,yellow,T,X
TxTx,11,31658,136,purple,N,X,G,yellow,T,X
TxTx,11,31976,36,purple,N,X,S,purple,N,X
TxTx,11,32356,1316,purple,N,X,G,green,N,X
TxTx,11,33700,51,purple,N,X,G,yellow,T,X
TxTx,11,33834,82,purple,N,X,G,yellow,T,X
TxTx,11,34180,19,purple,N,X,S,purple,N,X
TxTx,11,34345,85,purple,N,X,G,red,N,X
TxTx,11,34839,98,purple,N,X,G,red,N,X
TxTx,11,35262,749,purple,N,X,G,yellow,T,X
TxTx,11,36094,888,purple,N,X,G,yellow,T,X
TxTx,11,37726,45,purple,N,X,S,purple,N,X
TxTx,11,38138,19,purple,N,X,S,purple,N,X
TxTx,11,38197,46,purple,N,X,S,purple,N,X
TxTx,11,38974,39,purple,N,X,S,purple,N,X
TxTx,11,39344,73,purple,N,X,S,purple,N,X
TxTx,11,39511,3048,purple,N,X,G,blue,T,X
TxTx,11,43051,74,purple,N,X,G,yellow,T,X
TxTx,11,43607,10,purple,N,X,S,purple,N,X
TxTx,11,43705,26,purple,N,X,S,purple,N,X
TxTx,11,44137,18,purple,N,X,G,red,N,X
TxTx,11,44535,1398,purple,N,X,G,yellow,T,X
TxTx,11,46023,102,purple,N,X,G,yellow,T,X
TxTx,11,46983,1259,purple,N,X,G,orange,N,X
TxTx,11,48828,490,purple,N,X,G,green,N,X
TxTx,11,49418,70,purple,N,X,G,green,N,X
TxTx,11,49816,14,purple,N,X,S,purple,N,X
TxTx,11,50056,20,purple,N,X,S,purple,N,X
TxTx,11,50129,479,purple,N,X,G,blue,T,X
TxTx,11,50665,87,purple,N,X,G,blue,T,X
TxTx,11,50862,16,purple,N,X,S,purple,N,X
TxTx,11,51329,130,purple,N,X,G,yellow,T,X
TxTx,11,52241,2404,purple,N,X,G,yellow,T,X
TxTx,11,54728,5134,purple,N,X,G,blue,T,X
TxTx,11,60050,145,purple,N,X,G,yellow,T,X
TxTx,11,60367,52,purple,N,X,S,purple,N,X
TxTx,11,60787,90,purple,N,X,S,purple,N,X
TxTx,11,60940,39,purple,N,X,S,purple,N,X
TxTx,11,61913,30,purple,N,X,S,purple,N,X
TxTx,11,61982,32,purple,N,X,S,purple,N,X
TxTx,11,62168,59,purple,N,X,S,purple,N,X
TxTx,11,63071,18,purple,N,X,S,purple,N,X
TxTx,11,64960,12,purple,N,X,S,purple,N,X
TxTx,11,65768,27,purple,N,X,G,green,N,X
TxTx,11,65842,17,purple,N,X,S,purple,N,X
TxTx,11,66056,37,purple,N,X,S,purple,N,X
TxTx,11,68882,510,purple,N,X,G,green,N,X
TxTx,11,69602,447,purple,N,X,G,yellow,T,X
TxTx,11,70129,164,purple,N,X,G,yellow,T,X
TxTx,11,70329,350,purple,N,X,G,yellow,T,X
TxTx,11,70714,63,purple,N,X,G,yellow,T,X
TxTx,11,71207,617,purple,N,X,G,blue,T,X
TxTx,11,71824,77,purple,N,X,S,purple,N,X
TxTx,11,71911,1231,purple,N,X,G,blue,T,X
TxTx,11,73181,394,purple,N,X,S,purple,N,X
TxTx,11,73915,121,purple,N,X,S,purple,N,X
TxTx,11,75012,30,purple,N,X,S,purple,N,X
TxTx,11,75451,26,purple,N,X,S,purple,N,X
TxTx,11,75517,19,purple,N,X,G,yellow,T,X
TxTx,11,75640,84,purple,N,X,G,yellow,T,X
TxTx,11,76505,42,purple,N,X,S,purple,N,X
TxTx,11,76624,39,purple,N,X,S,purple,N,X
TxTx,11,77111,314,purple,N,X,G,yellow,T,X
TxTx,11,77782,45,purple,N,X,S,purple,N,X
TxTx,11,78138,45,purple,N,X,S,purple,N,X
TxTx,11,78479,3051,purple,N,X,G,yellow,T,X
TxTx,11,23679,21,blue,T,X,S,blue,T,X
TxTx,11,35038,127,blue,T,X,G,green,N,X
TxTx,11,35387,25,blue,T,X,S,blue,T,X
TxTx,11,35525,41,blue,T,X,S,blue,T,X
TxTx,11,45656,55,blue,T,X,S,blue,T,X
TxTx,11,45790,50,blue,T,X,S,blue,T,X
TxTx,11,46035,346,blue,T,X,G,green,N,X
TxTx,11,47025,26,blue,T,X,S,blue,T,X
TxTx,11,47091,225,blue,T,X,S,blue,T,X
TxTx,11,47526,198,blue,T,X,G,green,N,X
TxTx,11,47878,168,blue,T,X,G,green,N,X
TxTx,11,48123,36,blue,T,X,G,green,N,X
TxTx,11,48266,135,blue,T,X,G,yellow,T,X
TxTx,11,51212,44,blue,T,X,S,blue,T,X
TxTx,11,51343,41,blue,T,X,S,blue,T,X
TxTx,11,51456,25,blue,T,X,S,blue,T,X
TxTx,11,51495,1361,blue,T,X,G,purple,N,X
TxTx,11,53024,503,blue,T,X,G,purple,N,X
TxTx,11,63620,23,blue,T,X,S,blue,T,X
TxTx,11,63991,34,blue,T,X,S,blue,T,X
TxTx,11,64106,199,blue,T,X,G,yellow,T,X
TxTx,11,64398,10,blue,T,X,S,blue,T,X
TxTx,11,64845,19,blue,T,X,G,green,N,X
TxTx,11,65790,82,blue,T,X,G,orange,N,X
TxTx,11,66179,17,blue,T,X,S,blue,T,X
TxTx,11,66279,39,blue,T,X,G,purple,N,X
TxTx,11,66412,13,blue,T,X,S,blue,T,X
TxTx,11,66724,99,blue,T,X,S,blue,T,X
TxTx,11,67005,30,blue,T,X,S,blue,T,X
TxTx,11,67781,15,blue,T,X,S,blue,T,X
TxTx,11,67848,53,blue,T,X,S,blue,T,X
TxTx,11,67925,93,blue,T,X,G,yellow,T,X
TxTx,11,68095,67,blue,T,X,G,yellow,T,X
TxTx,11,68620,21,blue,T,X,S,blue,T,X
TxTx,11,69260,132,blue,T,X,G,yellow,T,X
TxTx,11,69442,608,blue,T,X,G,yellow,T,X
TxTx,11,70937,15,blue,T,X,S,blue,T,X
TxTx,11,71118,54,blue,T,X,S,blue,T,X
TxTx,11,74057,209,blue,T,X,S,blue,T,X
TxTx,11,74610,142,blue,T,X,G,yellow,T,X
TxTx,11,75652,1145,blue,T,X,G,green,N,X
TxTx,11,77607,46,blue,T,X,S,blue,T,X
TxTx,11,25421,774,green,N,X,G,blue,T,X
TxTx,11,26248,1230,green,N,X,G,blue,T,X
TxTx,11,27674,1001,green,N,X,G,blue,T,X
TxTx,11,28819,65,green,N,X,S,green,N,X
TxTx,11,28976,60,green,N,X,S,green,N,X
TxTx,11,29191,107,green,N,X,S,green,N,X
TxTx,11,29354,145,green,N,X,S,green,N,X
TxTx,11,29521,638,green,N,X,G,blue,T,X
TxTx,11,41808,42,green,N,X,S,green,N,X
TxTx,11,42194,26,green,N,X,S,green,N,X
TxTx,11,42868,18,green,N,X,S,green,N,X
TxTx,11,42922,45,green,N,X,S,green,N,X
TxTx,11,43021,90,green,N,X,S,green,N,X
TxTx,11,44272,97,green,N,X,S,green,N,X
TxTx,11,44426,87,green,N,X,S,green,N,X
TxTx,11,44579,63,green,N,X,S,green,N,X
TxTx,11,47097,1030,green,N,X,G,yellow,T,X
TxTx,11,48219,31,green,N,X,S,green,N,X
TxTx,11,48284,67,green,N,X,S,green,N,X
TxTx,11,48477,32,green,N,X,G,blue,T,X
TxTx,11,48549,38,green,N,X,S,green,N,X
TxTx,11,48728,69,green,N,X,S,green,N,X
TxTx,11,48830,661,green,N,X,G,blue,T,X
TxTx,11,49718,530,green,N,X,G,blue,T,X
TxTx,11,50438,67,green,N,X,S,green,N,X
TxTx,11,51446,106,green,N,X,S,green,N,X
TxTx,11,51680,11,green,N,X,S,green,N,X
TxTx,11,54640,1146,green,N,X,G,blue,T,X
TxTx,11,55824,50,green,N,X,S,green,N,X
TxTx,11,55912,46,green,N,X,G,blue,T,X
TxTx,11,57119,78,green,N,X,S,green,N,X
TxTx,11,57486,64,green,N,X,S,green,N,X
TxTx,11,57618,123,green,N,X,S,green,N,X
TxTx,11,57823,41,green,N,X,S,green,N,X
TxTx,11,58147,75,green,N,X,S,green,N,X
TxTx,11,64530,351,green,N,X,G,yellow,T,X
TxTx,11,64941,46,green,N,X,S,green,N,X
TxTx,11,65017,46,green,N,X,S,green,N,X
TxTx,11,65095,1066,green,N,X,G,yellow,T,X
TxTx,11,66415,15,green,N,X,S,green,N,X
TxTx,11,67530,103,green,N,X,G,yellow,T,X
TxTx,11,67733,94,green,N,X,S,green,N,X
TxTx,11,72390,80,green,N,X,S,green,N,X
TxTx,11,73139,47,green,N,X,S,green,N,X
TxTx,11,75225,158,green,N,X,S,green,N,X
TxTx,11,75474,177,green,N,X,S,green,N,X
TxTx,11,76844,35,green,N,X,S,green,N,X
TxTx,11,77217,75,green,N,X,S,green,N,X
TxTx,11,77400,731,green,N,X,S,green,N,X
TxTx,11,0,429,yellow,T,X,H,yellow,T,X
TxTx,11,508,173,yellow,T,X,H,yellow,T,X
TxTx,11,1648,1,yellow,T,X,A,yellow,T,X
TxTx,11,1781,167,yellow,T,X,H,yellow,T,X
TxTx,11,1959,152,yellow,T,X,R,yellow,T,X
TxTx,11,2299,46,yellow,T,X,H,yellow,T,X
TxTx,11,3881,1,yellow,T,X,A,yellow,T,X
TxTx,11,3908,1,yellow,T,X,A,yellow,T,X
TxTx,11,6093,120,yellow,T,X,H,yellow,T,X
TxTx,11,13203,130,yellow,T,X,H,yellow,T,X
TxTx,11,13406,147,yellow,T,X,H,yellow,T,X
TxTx,11,13834,84,yellow,T,X,H,yellow,T,X
TxTx,11,14131,1,yellow,T,X,A,yellow,T,X
TxTx,11,14154,1,yellow,T,X,A,yellow,T,X
TxTx,11,14162,1,yellow,T,X,A,yellow,T,X
TxTx,11,14195,74,yellow,T,X,H,yellow,T,X
TxTx,11,14395,51,yellow,T,X,H,yellow,T,X
TxTx,11,14520,76,yellow,T,X,H,yellow,T,X
TxTx,11,14721,172,yellow,T,X,H,yellow,T,X
TxTx,11,14901,159,yellow,T,X,R,yellow,T,X
TxTx,11,15433,1,yellow,T,X,A,yellow,T,X
TxTx,11,15460,1,yellow,T,X,A,yellow,T,X
TxTx,11,15486,1,yellow,T,X,A,yellow,T,X
TxTx,11,15509,1,yellow,T,X,A,yellow,T,X
TxTx,11,15535,1,yellow,T,X,A,yellow,T,X
TxTx,11,15557,1,yellow,T,X,A,yellow,T,X
TxTx,11,15580,1,yellow,T,X,A,yellow,T,X
TxTx,11,15712,39,yellow,T,X,H,yellow,T,X
TxTx,11,20608,1,yellow,T,X,A,yellow,T,X
TxTx,11,20633,1,yellow,T,X,A,yellow,T,X
TxTx,11,20685,1,yellow,T,X,A,yellow,T,X
TxTx,11,20759,1,yellow,T,X,A,yellow,T,X
TxTx,11,20780,1,yellow,T,X,A,yellow,T,X
TxTx,11,20802,1,yellow,T,X,A,yellow,T,X
TxTx,11,20826,1,yellow,T,X,A,yellow,T,X
TxTx,11,20924,78,yellow,T,X,H,yellow,T,X
TxTx,11,26601,1,yellow,T,X,A,yellow,T,X
TxTx,11,26625,1,yellow,T,X,A,yellow,T,X
TxTx,11,26627,13,yellow,T,X,H,yellow,T,X
TxTx,11,33986,1,yellow,T,X,A,yellow,T,X
TxTx,11,34013,1,yellow,T,X,A,yellow,T,X
TxTx,11,34040,1,yellow,T,X,A,yellow,T,X
TxTx,11,34061,1,yellow,T,X,A,yellow,T,X
TxTx,11,34090,1,yellow,T,X,A,yellow,T,X
TxTx,11,39487,1,yellow,T,X,A,yellow,T,X
TxTx,11,39515,1,yellow,T,X,A,yellow,T,X
TxTx,11,39548,1,yellow,T,X,A,yellow,T,X
TxTx,11,39573,1,yellow,T,X,A,yellow,T,X
TxTx,11,39600,1,yellow,T,X,A,yellow,T,X
TxTx,11,39626,1,yellow,T,X,A,yellow,T,X
TxTx,11,39887,124,yellow,T,X,H,yellow,T,X
TxTx,11,43782,1,yellow,T,X,A,yellow,T,X
TxTx,11,43813,1,yellow,T,X,A,yellow,T,X
TxTx,11,43847,1,yellow,T,X,A,yellow,T,X
TxTx,11,43873,1,yellow,T,X,A,yellow,T,X
TxTx,11,43907,1,yellow,T,X,A,yellow,T,X
TxTx,11,43934,1,yellow,T,X,A,yellow,T,X
TxTx,11,44058,1,yellow,T,X,A,yellow,T,X
TxTx,11,46176,1,yellow,T,X,A,yellow,T,X
TxTx,11,48630,1,yellow,T,X,A,yellow,T,X
TxTx,11,48662,1,yellow,T,X,A,yellow,T,X
TxTx,11,48689,1,yellow,T,X,A,yellow,T,X
TxTx,11,48758,1,yellow,T,X,A,yellow,T,X
TxTx,11,48785,1,yellow,T,X,A,yellow,T,X
TxTx,11,48811,1,yellow,T,X,A,yellow,T,X
TxTx,11,48822,24,yellow,T,X,H,yellow,T,X
TxTx,11,49207,155,yellow,T,X,R,yellow,T,X
TxTx,11,57481,1,yellow,T,X,A,yellow,T,X
TxTx,11,57512,1,yellow,T,X,A,yellow,T,X
TxTx,11,57544,1,yellow,T,X,A,yellow,T,X
TxTx,11,57576,1,yellow,T,X,A,yellow,T,X
TxTx,11,57579,22,yellow,T,X,H,yellow,T,X
TxTx,11,59412,1,yellow,T,X,A,yellow,T,X
TxTx,11,59448,1,yellow,T,X,A,yellow,T,X
TxTx,11,59477,1,yellow,T,X,A,yellow,T,X
TxTx,11,59514,1,yellow,T,X,A,yellow,T,X
TxTx,11,59565,161,yellow,T,X,H,yellow,T,X
TxTx,11,60022,1,yellow,T,X,A,yellow,T,X
TxTx,11,60060,1,yellow,T,X,A,yellow,T,X
TxTx,11,60785,186,yellow,T,X,H,yellow,T,X
TxTx,11,67884,1,yellow,T,X,A,yellow,T,X
TxTx,11,67912,1,yellow,T,X,A,yellow,T,X
TxTx,11,67951,1,yellow,T,X,A,yellow,T,X
TxTx,11,67995,1,yellow,T,X,A,yellow,T,X
TxTx,11,68058,1,yellow,T,X,A,yellow,T,X
TxTx,11,68090,1,yellow,T,X,A,yellow,T,X
TxTx,11,68122,1,yellow,T,X,A,yellow,T,X
TxTx,11,68263,1,yellow,T,X,A,yellow,T,X
TxTx,11,68292,1,yellow,T,X,A,yellow,T,X
TxTx,11,68325,1,yellow,T,X,A,yellow,T,X
TxTx,11,68363,1,yellow,T,X,A,yellow,T,X
TxTx,11,70380,1,yellow,T,X,A,yellow,T,X
TxTx,11,70409,1,yellow,T,X,A,yellow,T,X
TxTx,11,70460,21,yellow,T,X,H,yellow,T,X
TxTx,11,70506,112,yellow,T,X,R,yellow,T,X
TxTx,11,71351,1,yellow,T,X,A,yellow,T,X
TxTx,11,71381,1,yellow,T,X,A,yellow,T,X
TxTx,11,71407,1,yellow,T,X,A,yellow,T,X
TxTx,11,71430,1,yellow,T,X,A,yellow,T,X
TxTx,11,71452,1,yellow,T,X,A,yellow,T,X
TxTx,11,71475,1,yellow,T,X,A,yellow,T,X
TxTx,11,71498,1,yellow,T,X,A,yellow,T,X
TxTx,11,71525,1,yellow,T,X,A,yellow,T,X
TxTx,11,72869,1,yellow,T,X,A,yellow,T,X
TxTx,11,72895,1,yellow,T,X,A,yellow,T,X
TxTx,11,73002,1,yellow,T,X,A,yellow,T,X
TxTx,11,73029,1,yellow,T,X,A,yellow,T,X
TxTx,11,73054,1,yellow,T,X,A,yellow,T,X
TxTx,11,73084,1,yellow,T,X,A,yellow,T,X
TxTx,11,73108,1,yellow,T,X,A,yellow,T,X
TxTx,11,73135,1,yellow,T,X,A,yellow,T,X
TxTx,11,73164,1,yellow,T,X,A,yellow,T,X
TxTx,11,73373,132,yellow,T,X,H,yellow,T,X
TxTx,11,110,1,orange,N,X,A,orange,N,X
TxTx,11,132,1,orange,N,X,A,orange,N,X
TxTx,11,153,1,orange,N,X,A,orange,N,X
TxTx,11,173,1,orange,N,X,A,orange,N,X
TxTx,11,191,1,orange,N,X,A,orange,N,X
TxTx,11,239,28,orange,N,X,H,orange,N,X
TxTx,11,812,1,orange,N,X,A,orange,N,X
TxTx,11,831,1,orange,N,X,A,orange,N,X
TxTx,11,850,1,orange,N,X,A,orange,N,X
TxTx,11,1029,23,orange,N,X,H,orange,N,X
TxTx,11,1059,34,orange,N,X,H,orange,N,X
TxTx,11,1110,29,orange,N,X,H,orange,N,X
TxTx,11,1236,1,orange,N,X,A,orange,N,X
TxTx,11,1257,1,orange,N,X,A,orange,N,X
TxTx,11,1297,1,orange,N,X,A,orange,N,X
TxTx,11,1326,1,orange,N,X,A,orange,N,X
TxTx,11,1346,1,orange,N,X,A,orange,N,X
TxTx,11,1366,1,orange,N,X,A,orange,N,X
TxTx,11,1384,1,orange,N,X,A,orange,N,X
TxTx,11,1420,1,orange,N,X,A,orange,N,X
TxTx,11,1439,1,orange,N,X,A,orange,N,X
TxTx,11,1454,1,orange,N,X,A,orange,N,X
TxTx,11,1887,1,orange,N,X,A,orange,N,X
TxTx,11,1925,1,orange,N,X,A,orange,N,X
TxTx,11,1944,1,orange,N,X,A,orange,N,X
TxTx,11,1962,1,orange,N,X,A,orange,N,X
TxTx,11,2051,1,orange,N,X,A,orange,N,X
TxTx,11,2077,1,orange,N,X,A,orange,N,X
TxTx,11,2095,1,orange,N,X,A,orange,N,X
TxTx,11,2118,1,orange,N,X,A,orange,N,X
TxTx,11,2140,1,orange,N,X,A,orange,N,X
TxTx,11,2146,46,orange,N,X,H,orange,N,X
TxTx,11,2542,63,orange,N,X,H,orange,N,X
TxTx,11,2705,62,orange,N,X,H,orange,N,X
TxTx,11,2795,72,orange,N,X,H,orange,N,X
TxTx,11,2966,336,orange,N,X,H,orange,N,X
TxTx,11,3486,1,orange,N,X,A,orange,N,X
TxTx,11,3519,1,orange,N,X,A,orange,N,X
TxTx,11,3541,1,orange,N,X,A,orange,N,X
TxTx,11,3563,1,orange,N,X,A,orange,N,X
TxTx,11,3586,1,orange,N,X,A,orange,N,X
TxTx,11,3610,1,orange,N,X,A,orange,N,X
TxTx,11,3630,1,orange,N,X,A,orange,N,X
TxTx,11,3652,1,orange,N,X,A,orange,N,X
TxTx,11,3672,1,orange,N,X,A,orange,N,X
TxTx,11,3695,1,orange,N,X,A,orange,N,X
TxTx,11,3716,1,orange,N,X,A,orange,N,X
TxTx,11,3737,1,orange,N,X,A,orange,N,X
TxTx,11,3758,1,orange,N,X,A,orange,N,X
TxTx,11,3776,1,orange,N,X,A,orange,N,X
TxTx,11,3932,1,orange,N,X,A,orange,N,X
TxTx,11,3952,1,orange,N,X,A,orange,N,X
TxTx,11,3976,1,orange,N,X,A,orange,N,X
TxTx,11,4000,1,orange,N,X,A,orange,N,X
TxTx,11,4021,1,orange,N,X,A,orange,N,X
TxTx,11,4042,1,orange,N,X,A,orange,N,X
TxTx,11,4063,1,orange,N,X,A,orange,N,X
TxTx,11,4083,1,orange,N,X,A,orange,N,X
TxTx,11,4103,1,orange,N,X,A,orange,N,X
TxTx,11,4123,1,orange,N,X,A,orange,N,X
TxTx,11,4145,1,orange,N,X,A,orange,N,X
TxTx,11,4165,1,orange,N,X,A,orange,N,X
TxTx,11,4187,1,orange,N,X,A,orange,N,X
TxTx,11,4212,1,orange,N,X,A,orange,N,X
TxTx,11,4234,1,orange,N,X,A,orange,N,X
TxTx,11,4327,1,orange,N,X,A,orange,N,X
TxTx,11,4352,1,orange,N,X,A,orange,N,X
TxTx,11,4376,1,orange,N,X,A,orange,N,X
TxTx,11,4401,1,orange,N,X,A,orange,N,X
TxTx,11,4430,1,orange,N,X,A,orange,N,X
TxTx,11,4460,1,orange,N,X,A,orange,N,X
TxTx,11,4482,1,orange,N,X,A,orange,N,X
TxTx,11,4505,1,orange,N,X,A,orange,N,X
TxTx,11,4525,53,orange,N,X,H,orange,N,X
TxTx,11,4639,1,orange,N,X,A,orange,N,X
TxTx,11,4659,1,orange,N,X,A,orange,N,X
TxTx,11,4678,1,orange,N,X,A,orange,N,X
TxTx,11,4700,1,orange,N,X,A,orange,N,X
TxTx,11,4719,1,orange,N,X,A,orange,N,X
TxTx,11,4741,1,orange,N,X,A,orange,N,X
TxTx,11,4759,1,orange,N,X,A,orange,N,X
TxTx,11,4964,75,orange,N,X,H,orange,N,X
TxTx,11,5060,134,orange,N,X,H,orange,N,X
TxTx,11,5217,29,orange,N,X,H,orange,N,X
TxTx,11,5695,1,orange,N,X,A,orange,N,X
TxTx,11,5721,1,orange,N,X,A,orange,N,X
TxTx,11,5746,1,orange,N,X,A,orange,N,X
TxTx,11,5785,1,orange,N,X,A,orange,N,X
TxTx,11,6273,1,orange,N,X,A,orange,N,X
TxTx,11,6295,1,orange,N,X,A,orange,N,X
TxTx,11,6317,1,orange,N,X,A,orange,N,X
TxTx,11,6340,1,orange,N,X,A,orange,N,X
TxTx,11,6392,1,orange,N,X,A,orange,N,X
TxTx,11,6415,1,orange,N,X,A,orange,N,X
TxTx,11,6441,1,orange,N,X,A,orange,N,X
TxTx,11,6467,1,orange,N,X,A,orange,N,X
TxTx,11,6493,1,orange,N,X,A,orange,N,X
TxTx,11,6557,1,orange,N,X,A,orange,N,X
TxTx,11,6581,1,orange,N,X,A,orange,N,X
TxTx,11,6603,1,orange,N,X,A,orange,N,X
TxTx,11,6636,1,orange,N,X,A,orange,N,X
TxTx,11,6659,1,orange,N,X,A,orange,N,X
TxTx,11,6681,1,orange,N,X,A,orange,N,X
TxTx,11,6703,1,orange,N,X,A,orange,N,X
TxTx,11,6718,8,orange,N,X,H,orange,N,X
TxTx,11,6792,26,orange,N,X,H,orange,N,X
TxTx,11,6842,41,orange,N,X,H,orange,N,X
TxTx,11,7086,1,orange,N,X,A,orange,N,X
TxTx,11,7104,1,orange,N,X,A,orange,N,X
TxTx,11,7128,1,orange,N,X,A,orange,N,X
TxTx,11,7147,1,orange,N,X,A,orange,N,X
TxTx,11,7166,1,orange,N,X,A,orange,N,X
TxTx,11,7186,1,orange,N,X,A,orange,N,X
TxTx,11,7212,1,orange,N,X,A,orange,N,X
TxTx,11,7231,1,orange,N,X,A,orange,N,X
TxTx,11,7853,1,orange,N,X,A,orange,N,X
TxTx,11,7878,1,orange,N,X,A,orange,N,X
TxTx,11,7921,1,orange,N,X,A,orange,N,X
TxTx,11,7944,1,orange,N,X,A,orange,N,X
TxTx,11,7963,1,orange,N,X,A,orange,N,X
TxTx,11,7993,1,orange,N,X,A,orange,N,X
TxTx,11,8018,1,orange,N,X,A,orange,N,X
TxTx,11,8083,70,orange,N,X,H,orange,N,X
TxTx,11,8247,1,orange,N,X,A,orange,N,X
TxTx,11,8266,1,orange,N,X,A,orange,N,X
TxTx,11,8294,1,orange,N,X,A,orange,N,X
TxTx,11,8320,1,orange,N,X,A,orange,N,X
TxTx,11,8345,1,orange,N,X,A,orange,N,X
TxTx,11,8370,1,orange,N,X,A,orange,N,X
TxTx,11,8579,1,orange,N,X,A,orange,N,X
TxTx,11,8598,1,orange,N,X,A,orange,N,X
TxTx,11,8621,1,orange,N,X,A,orange,N,X
TxTx,11,8642,1,orange,N,X,A,orange,N,X
TxTx,11,8762,1,orange,N,X,A,orange,N,X
TxTx,11,8780,1,orange,N,X,A,orange,N,X
TxTx,11,8799,1,orange,N,X,A,orange,N,X
TxTx,11,8819,1,orange,N,X,A,orange,N,X
TxTx,11,8834,1,orange,N,X,A,orange,N,X
TxTx,11,8869,1,orange,N,X,A,orange,N,X
TxTx,11,8889,1,orange,N,X,A,orange,N,X
TxTx,11,8911,1,orange,N,X,A,orange,N,X
TxTx,11,8929,1,orange,N,X,A,orange,N,X
TxTx,11,8951,1,orange,N,X,A,orange,N,X
TxTx,11,8970,1,orange,N,X,A,orange,N,X
TxTx,11,8990,1,orange,N,X,A,orange,N,X
TxTx,11,9012,1,orange,N,X,A,orange,N,X
TxTx,11,9032,1,orange,N,X,A,orange,N,X
TxTx,11,9058,1,orange,N,X,A,orange,N,X
TxTx,11,9082,1,orange,N,X,A,orange,N,X
TxTx,11,9101,1,orange,N,X,A,orange,N,X
TxTx,11,9237,1,orange,N,X,A,orange,N,X
TxTx,11,9256,1,orange,N,X,A,orange,N,X
TxTx,11,9274,1,orange,N,X,A,orange,N,X
TxTx,11,9294,1,orange,N,X,A,orange,N,X
TxTx,11,9313,1,orange,N,X,A,orange,N,X
TxTx,11,9339,1,orange,N,X,A,orange,N,X
TxTx,11,9359,1,orange,N,X,A,orange,N,X
TxTx,11,9380,1,orange,N,X,A,orange,N,X
TxTx,11,9400,1,orange,N,X,A,orange,N,X
TxTx,11,9414,369,orange,N,X,H,orange,N,X
TxTx,11,9839,64,orange,N,X,H,orange,N,X
TxTx,11,10338,1,orange,N,X,A,orange,N,X
TxTx,11,10358,1,orange,N,X,A,orange,N,X
TxTx,11,10376,1,orange,N,X,A,orange,N,X
TxTx,11,10393,1,orange,N,X,A,orange,N,X
TxTx,11,10448,1,orange,N,X,A,orange,N,X
TxTx,11,10467,1,orange,N,X,A,orange,N,X
TxTx,11,10485,1,orange,N,X,A,orange,N,X
TxTx,11,10512,1,orange,N,X,A,orange,N,X
TxTx,11,10533,1,orange,N,X,A,orange,N,X
TxTx,11,10605,1,orange,N,X,A,orange,N,X
TxTx,11,10624,1,orange,N,X,A,orange,N,X
TxTx,11,10641,1,orange,N,X,A,orange,N,X
TxTx,11,10666,1,orange,N,X,A,orange,N,X
TxTx,11,11028,1,orange,N,X,A,orange,N,X
TxTx,11,11046,1,orange,N,X,A,orange,N,X
TxTx,11,11066,1,orange,N,X,A,orange,N,X
TxTx,11,11202,1,orange,N,X,A,orange,N,X
TxTx,11,11225,1,orange,N,X,A,orange,N,X
TxTx,11,11246,1,orange,N,X,A,orange,N,X
TxTx,11,11265,1,orange,N,X,A,orange,N,X
TxTx,11,11317,1,orange,N,X,A,orange,N,X
TxTx,11,11337,1,orange,N,X,A,orange,N,X
TxTx,11,11354,1,orange,N,X,A,orange,N,X
TxTx,11,11559,1,orange,N,X,A,orange,N,X
TxTx,11,11579,1,orange,N,X,A,orange,N,X
TxTx,11,11598,1,orange,N,X,A,orange,N,X
TxTx,11,11617,1,orange,N,X,A,orange,N,X
TxTx,11,11636,1,orange,N,X,A,orange,N,X
TxTx,11,11655,1,orange,N,X,A,orange,N,X
TxTx,11,11701,176,orange,N,X,H,orange,N,X
TxTx,11,11961,1,orange,N,X,A,orange,N,X
TxTx,11,11981,1,orange,N,X,A,orange,N,X
TxTx,11,12001,1,orange,N,X,A,orange,N,X
TxTx,11,12023,1,orange,N,X,A,orange,N,X
TxTx,11,12045,1,orange,N,X,A,orange,N,X
TxTx,11,12065,1,orange,N,X,A,orange,N,X
TxTx,11,12092,1,orange,N,X,A,orange,N,X
TxTx,11,12110,1,orange,N,X,A,orange,N,X
TxTx,11,12233,1,orange,N,X,A,orange,N,X
TxTx,11,12256,1,orange,N,X,A,orange,N,X
TxTx,11,12280,1,orange,N,X,A,orange,N,X
TxTx,11,12305,1,orange,N,X,A,orange,N,X
TxTx,11,12342,1,orange,N,X,A,orange,N,X
TxTx,11,12361,1,orange,N,X,A,orange,N,X
TxTx,11,12380,1,orange,N,X,A,orange,N,X
TxTx,11,12404,1,orange,N,X,A,orange,N,X
TxTx,11,12411,1,orange,N,X,A,orange,N,X
TxTx,11,12465,1,orange,N,X,A,orange,N,X
TxTx,11,12493,1,orange,N,X,A,orange,N,X
TxTx,11,12509,1,orange,N,X,A,orange,N,X
TxTx,11,12527,1,orange,N,X,A,orange,N,X
TxTx,11,12550,1,orange,N,X,A,orange,N,X
TxTx,11,12858,1,orange,N,X,A,orange,N,X
TxTx,11,12876,1,orange,N,X,A,orange,N,X
TxTx,11,12896,1,orange,N,X,A,orange,N,X
TxTx,11,12916,1,orange,N,X,A,orange,N,X
TxTx,11,12935,1,orange,N,X,A,orange,N,X
TxTx,11,13162,1,orange,N,X,A,orange,N,X
TxTx,11,13181,1,orange,N,X,A,orange,N,X
TxTx,11,13200,1,orange,N,X,A,orange,N,X
TxTx,11,13251,1,orange,N,X,A,orange,N,X
TxTx,11,13271,1,orange,N,X,A,orange,N,X
TxTx,11,13293,1,orange,N,X,A,orange,N,X
TxTx,11,13310,1,orange,N,X,A,orange,N,X
TxTx,11,13330,1,orange,N,X,A,orange,N,X
TxTx,11,13354,1,orange,N,X,A,orange,N,X
TxTx,11,13374,1,orange,N,X,A,orange,N,X
TxTx,11,13394,1,orange,N,X,A,orange,N,X
TxTx,11,13414,1,orange,N,X,A,orange,N,X
TxTx,11,13435,1,orange,N,X,A,orange,N,X
TxTx,11,13455,1,orange,N,X,A,orange,N,X
TxTx,11,13478,1,orange,N,X,A,orange,N,X
TxTx,11,13499,1,orange,N,X,A,orange,N,X
TxTx,11,13521,1,orange,N,X,A,orange,N,X
TxTx,11,13545,1,orange,N,X,A,orange,N,X
TxTx,11,13570,1,orange,N,X,A,orange,N,X
TxTx,11,13590,1,orange,N,X,A,orange,N,X
TxTx,11,13610,1,orange,N,X,A,orange,N,X
TxTx,11,13632,1,orange,N,X,A,orange,N,X
TxTx,11,13657,1,orange,N,X,A,orange,N,X
TxTx,11,13678,1,orange,N,X,A,orange,N,X
TxTx,11,13702,1,orange,N,X,A,orange,N,X
TxTx,11,13722,1,orange,N,X,A,orange,N,X
TxTx,11,13746,1,orange,N,X,A,orange,N,X
TxTx,11,13766,1,orange,N,X,A,orange,N,X
TxTx,11,13847,1,orange,N,X,A,orange,N,X
TxTx,11,13869,1,orange,N,X,A,orange,N,X
TxTx,11,13895,1,orange,N,X,A,orange,N,X
TxTx,11,13915,1,orange,N,X,A,orange,N,X
TxTx,11,13938,1,orange,N,X,A,orange,N,X
TxTx,11,13962,1,orange,N,X,A,orange,N,X
TxTx,11,13982,1,orange,N,X,A,orange,N,X
TxTx,11,14002,1,orange,N,X,A,orange,N,X
TxTx,11,14019,1,orange,N,X,A,orange,N,X
TxTx,11,14042,1,orange,N,X,A,orange,N,X
TxTx,11,14058,1,orange,N,X,A,orange,N,X
TxTx,11,14171,1,orange,N,X,A,orange,N,X
TxTx,11,14189,1,orange,N,X,A,orange,N,X
TxTx,11,14211,1,orange,N,X,A,orange,N,X
TxTx,11,14231,1,orange,N,X,A,orange,N,X
TxTx,11,14250,1,orange,N,X,A,orange,N,X
TxTx,11,14271,1,orange,N,X,A,orange,N,X
TxTx,11,14293,1,orange,N,X,A,orange,N,X
TxTx,11,14310,1,orange,N,X,A,orange,N,X
TxTx,11,14335,1,orange,N,X,A,orange,N,X
TxTx,11,14701,79,orange,N,X,H,orange,N,X
TxTx,11,14859,5,orange,N,X,H,orange,N,X
TxTx,11,14922,132,orange,N,X,H,orange,N,X
TxTx,11,15098,224,orange,N,X,H,orange,N,X
TxTx,11,15338,32,orange,N,X,H,orange,N,X
TxTx,11,15401,1,orange,N,X,A,orange,N,X
TxTx,11,15693,154,orange,N,X,H,orange,N,X
TxTx,11,15860,74,orange,N,X,H,orange,N,X
TxTx,11,15941,64,orange,N,X,H,orange,N,X
TxTx,11,16020,56,orange,N,X,H,orange,N,X
TxTx,11,16097,67,orange,N,X,H,orange,N,X
TxTx,11,16363,1,orange,N,X,A,orange,N,X
TxTx,11,16385,1,orange,N,X,A,orange,N,X
TxTx,11,16531,1,orange,N,X,A,orange,N,X
TxTx,11,16554,1,orange,N,X,A,orange,N,X
TxTx,11,16601,1,orange,N,X,A,orange,N,X
TxTx,11,16618,1,orange,N,X,A,orange,N,X
TxTx,11,16637,1,orange,N,X,A,orange,N,X
TxTx,11,16656,1,orange,N,X,A,orange,N,X
TxTx,11,16674,1,orange,N,X,A,orange,N,X
TxTx,11,16692,1,orange,N,X,A,orange,N,X
TxTx,11,16710,1,orange,N,X,A,orange,N,X
TxTx,11,16727,1,orange,N,X,A,orange,N,X
TxTx,11,16770,1,orange,N,X,A,orange,N,X
TxTx,11,16788,1,orange,N,X,A,orange,N,X
TxTx,11,16807,1,orange,N,X,A,orange,N,X
TxTx,11,16836,1,orange,N,X,A,orange,N,X
TxTx,11,17197,150,orange,N,X,H,orange,N,X
TxTx,11,17456,140,orange,N,X,H,orange,N,X
TxTx,11,17624,261,orange,N,X,H,orange,N,X
TxTx,11,17930,69,orange,N,X,H,orange,N,X
TxTx,11,18096,1,orange,N,X,A,orange,N,X
TxTx,11,18114,1,orange,N,X,A,orange,N,X
TxTx,11,18132,1,orange,N,X,A,orange,N,X
TxTx,11,18149,1,orange,N,X,A,orange,N,X
TxTx,11,18169,1,orange,N,X,A,orange,N,X
TxTx,11,18187,1,orange,N,X,A,orange,N,X
TxTx,11,18209,1,orange,N,X,A,orange,N,X
TxTx,11,18225,1,orange,N,X,A,orange,N,X
TxTx,11,18242,1,orange,N,X,A,orange,N,X
TxTx,11,18413,1,orange,N,X,A,orange,N,X
TxTx,11,18436,1,orange,N,X,A,orange,N,X
TxTx,11,18460,1,orange,N,X,A,orange,N,X
TxTx,11,18487,1,orange,N,X,A,orange,N,X
TxTx,11,18508,1,orange,N,X,A,orange,N,X
TxTx,11,18526,1,orange,N,X,A,orange,N,X
TxTx,11,19138,1,orange,N,X,A,orange,N,X
TxTx,11,19155,1,orange,N,X,A,orange,N,X
TxTx,11,19175,1,orange,N,X,A,orange,N,X
TxTx,11,19194,1,orange,N,X,A,orange,N,X
TxTx,11,19491,1,orange,N,X,A,orange,N,X
TxTx,11,19512,1,orange,N,X,A,orange,N,X
TxTx,11,19532,1,orange,N,X,A,orange,N,X
TxTx,11,19552,1,orange,N,X,A,orange,N,X
TxTx,11,19563,18,orange,N,X,H,orange,N,X
TxTx,11,19605,9,orange,N,X,H,orange,N,X
TxTx,11,19750,1,orange,N,X,A,orange,N,X
TxTx,11,19767,1,orange,N,X,A,orange,N,X
TxTx,11,19787,1,orange,N,X,A,orange,N,X
TxTx,11,19805,1,orange,N,X,A,orange,N,X
TxTx,11,19823,1,orange,N,X,A,orange,N,X
TxTx,11,19920,1,orange,N,X,A,orange,N,X
TxTx,11,19969,27,orange,N,X,H,orange,N,X
TxTx,11,20012,71,orange,N,X,H,orange,N,X
TxTx,11,20192,48,orange,N,X,H,orange,N,X
TxTx,11,20280,49,orange,N,X,H,orange,N,X
TxTx,11,20368,1,orange,N,X,A,orange,N,X
TxTx,11,20466,1,orange,N,X,A,orange,N,X
TxTx,11,20482,1,orange,N,X,A,orange,N,X
TxTx,11,20501,1,orange,N,X,A,orange,N,X
TxTx,11,20518,1,orange,N,X,A,orange,N,X
TxTx,11,20536,1,orange,N,X,A,orange,N,X
TxTx,11,20553,1,orange,N,X,A,orange,N,X
TxTx,11,20571,1,orange,N,X,A,orange,N,X
TxTx,11,20588,1,orange,N,X,A,orange,N,X
TxTx,11,20608,1,orange,N,X,A,orange,N,X
TxTx,11,20631,1,orange,N,X,A,orange,N,X
TxTx,11,20672,1,orange,N,X,A,orange,N,X
TxTx,11,20696,1,orange,N,X,A,orange,N,X
TxTx,11,20717,1,orange,N,X,A,orange,N,X
TxTx,11,20736,1,orange,N,X,A,orange,N,X
TxTx,11,20755,1,orange,N,X,A,orange,N,X
TxTx,11,20772,1,orange,N,X,A,orange,N,X
TxTx,11,20791,1,orange,N,X,A,orange,N,X
TxTx,11,20808,1,orange,N,X,A,orange,N,X
TxTx,11,20900,1,orange,N,X,A,orange,N,X
TxTx,11,20920,1,orange,N,X,A,orange,N,X
TxTx,11,20941,1,orange,N,X,A,orange,N,X
TxTx,11,20960,1,orange,N,X,A,orange,N,X
TxTx,11,20979,1,orange,N,X,A,orange,N,X
TxTx,11,21001,1,orange,N,X,A,orange,N,X
TxTx,11,21018,1,orange,N,X,A,orange,N,X
TxTx,11,21169,57,orange,N,X,H,orange,N,X
TxTx,11,21370,1,orange,N,X,A,orange,N,X
TxTx,11,21388,1,orange,N,X,A,orange,N,X
TxTx,11,21869,1,orange,N,X,A,orange,N,X
TxTx,11,21876,1,orange,N,X,A,orange,N,X
TxTx,11,21881,107,orange,N,X,H,orange,N,X
TxTx,11,22087,1,orange,N,X,A,orange,N,X
TxTx,11,22107,1,orange,N,X,A,orange,N,X
TxTx,11,22127,1,orange,N,X,A,orange,N,X
TxTx,11,22147,1,orange,N,X,A,orange,N,X
TxTx,11,22170,1,orange,N,X,A,orange,N,X
TxTx,11,22190,1,orange,N,X,A,orange,N,X
TxTx,11,22211,1,orange,N,X,A,orange,N,X
TxTx,11,22232,1,orange,N,X,A,orange,N,X
TxTx,11,22253,1,orange,N,X,A,orange,N,X
TxTx,11,22272,1,orange,N,X,A,orange,N,X
TxTx,11,22292,1,orange,N,X,A,orange,N,X
TxTx,11,22310,1,orange,N,X,A,orange,N,X
TxTx,11,22330,1,orange,N,X,A,orange,N,X
TxTx,11,22353,1,orange,N,X,A,orange,N,X
TxTx,11,22371,1,orange,N,X,A,orange,N,X
TxTx,11,22393,1,orange,N,X,A,orange,N,X
TxTx,11,22411,1,orange,N,X,A,orange,N,X
TxTx,11,22420,117,orange,N,X,H,orange,N,X
TxTx,11,22748,131,orange,N,X,H,orange,N,X
TxTx,11,22904,1,orange,N,X,A,orange,N,X
TxTx,11,23697,1,orange,N,X,A,orange,N,X
TxTx,11,23717,1,orange,N,X,A,orange,N,X
TxTx,11,23735,1,orange,N,X,A,orange,N,X
TxTx,11,23754,1,orange,N,X,A,orange,N,X
TxTx,11,23770,1,orange,N,X,A,orange,N,X
TxTx,11,23868,1,orange,N,X,A,orange,N,X
TxTx,11,23887,1,orange,N,X,A,orange,N,X
TxTx,11,23987,79,orange,N,X,H,orange,N,X
TxTx,11,24296,79,orange,N,X,H,orange,N,X
TxTx,11,24431,58,orange,N,X,H,orange,N,X
TxTx,11,24511,37,orange,N,X,H,orange,N,X
TxTx,11,24558,1,orange,N,X,A,orange,N,X
TxTx,11,24579,59,orange,N,X,H,orange,N,X
TxTx,11,24649,31,orange,N,X,H,orange,N,X
TxTx,11,24887,186,orange,N,X,H,orange,N,X
TxTx,11,25094,6,orange,N,X,H,orange,N,X
TxTx,11,25141,233,orange,N,X,H,orange,N,X
TxTx,11,25508,1,orange,N,X,A,orange,N,X
TxTx,11,25530,1,orange,N,X,A,orange,N,X
TxTx,11,25549,1,orange,N,X,A,orange,N,X
TxTx,11,25709,1,orange,N,X,A,orange,N,X
TxTx,11,25728,1,orange,N,X,A,orange,N,X
TxTx,11,25750,1,orange,N,X,A,orange,N,X
TxTx,11,25770,1,orange,N,X,A,orange,N,X
TxTx,11,25795,1,orange,N,X,A,orange,N,X
TxTx,11,25814,1,orange,N,X,A,orange,N,X
TxTx,11,25832,1,orange,N,X,A,orange,N,X
TxTx,11,25852,1,orange,N,X,A,orange,N,X
TxTx,11,25874,1,orange,N,X,A,orange,N,X
TxTx,11,25900,1,orange,N,X,A,orange,N,X
TxTx,11,25920,1,orange,N,X,A,orange,N,X
TxTx,11,25943,1,orange,N,X,A,orange,N,X
TxTx,11,25962,1,orange,N,X,A,orange,N,X
TxTx,11,25984,1,orange,N,X,A,orange,N,X
TxTx,11,26004,1,orange,N,X,A,orange,N,X
TxTx,11,26024,1,orange,N,X,A,orange,N,X
TxTx,11,26044,1,orange,N,X,A,orange,N,X
TxTx,11,26109,1,orange,N,X,A,orange,N,X
TxTx,11,26129,1,orange,N,X,A,orange,N,X
TxTx,11,26148,1,orange,N,X,A,orange,N,X
TxTx,11,26166,1,orange,N,X,A,orange,N,X
TxTx,11,26213,1,orange,N,X,A,orange,N,X
TxTx,11,26233,1,orange,N,X,A,orange,N,X
TxTx,11,26251,1,orange,N,X,A,orange,N,X
TxTx,11,26271,1,orange,N,X,A,orange,N,X
TxTx,11,26292,1,orange,N,X,A,orange,N,X
TxTx,11,26312,1,orange,N,X,A,orange,N,X
TxTx,11,26337,1,orange,N,X,A,orange,N,X
TxTx,11,26361,1,orange,N,X,A,orange,N,X
TxTx,11,26419,1,orange,N,X,A,orange,N,X
TxTx,11,26441,1,orange,N,X,A,orange,N,X
TxTx,11,26466,1,orange,N,X,A,orange,N,X
TxTx,11,26486,1,orange,N,X,A,orange,N,X
TxTx,11,26507,1,orange,N,X,A,orange,N,X
TxTx,11,26539,1,orange,N,X,A,orange,N,X
TxTx,11,26549,35,orange,N,X,H,orange,N,X
TxTx,11,26604,278,orange,N,X,H,orange,N,X
TxTx,11,26938,390,orange,N,X,H,orange,N,X
TxTx,11,27549,196,orange,N,X,H,orange,N,X
TxTx,11,27905,1,orange,N,X,A,orange,N,X
TxTx,11,27931,1,orange,N,X,A,orange,N,X
TxTx,11,27959,1,orange,N,X,A,orange,N,X
TxTx,11,27983,1,orange,N,X,A,orange,N,X
TxTx,11,28004,1,orange,N,X,A,orange,N,X
TxTx,11,28025,1,orange,N,X,A,orange,N,X
TxTx,11,28047,1,orange,N,X,A,orange,N,X
TxTx,11,28071,1,orange,N,X,A,orange,N,X
TxTx,11,28097,1,orange,N,X,A,orange,N,X
TxTx,11,28120,1,orange,N,X,A,orange,N,X
TxTx,11,28138,1,orange,N,X,A,orange,N,X
TxTx,11,28156,1,orange,N,X,A,orange,N,X
TxTx,11,28175,1,orange,N,X,A,orange,N,X
TxTx,11,28196,1,orange,N,X,A,orange,N,X
TxTx,11,28214,1,orange,N,X,A,orange,N,X
TxTx,11,28233,1,orange,N,X,A,orange,N,X
TxTx,11,28254,1,orange,N,X,A,orange,N,X
TxTx,11,28272,1,orange,N,X,A,orange,N,X
TxTx,11,28292,1,orange,N,X,A,orange,N,X
TxTx,11,28373,1,orange,N,X,A,orange,N,X
TxTx,11,28387,1,orange,N,X,A,orange,N,X
TxTx,11,28391,147,orange,N,X,H,orange,N,X
TxTx,11,28591,1,orange,N,X,A,orange,N,X
TxTx,11,28610,1,orange,N,X,A,orange,N,X
TxTx,11,28628,1,orange,N,X,A,orange,N,X
TxTx,11,28670,1,orange,N,X,A,orange,N,X
TxTx,11,28694,1,orange,N,X,A,orange,N,X
TxTx,11,28716,1,orange,N,X,A,orange,N,X
TxTx,11,28751,1,orange,N,X,A,orange,N,X
TxTx,11,28776,1,orange,N,X,A,orange,N,X
TxTx,11,28800,1,orange,N,X,A,orange,N,X
TxTx,11,28825,1,orange,N,X,A,orange,N,X
TxTx,11,28851,1,orange,N,X,A,orange,N,X
TxTx,11,28872,1,orange,N,X,A,orange,N,X
TxTx,11,28899,1,orange,N,X,A,orange,N,X
TxTx,11,28926,1,orange,N,X,A,orange,N,X
TxTx,11,28952,1,orange,N,X,A,orange,N,X
TxTx,11,28970,125,orange,N,X,H,orange,N,X
TxTx,11,29192,230,orange,N,X,H,orange,N,X
TxTx,11,29422,124,orange,N,X,R,orange,N,X
TxTx,11,29922,1,orange,N,X,A,orange,N,X
TxTx,11,29946,1,orange,N,X,A,orange,N,X
TxTx,11,29973,1,orange,N,X,A,orange,N,X
TxTx,11,30065,1,orange,N,X,A,orange,N,X
TxTx,11,30089,1,orange,N,X,A,orange,N,X
TxTx,11,30111,1,orange,N,X,A,orange,N,X
TxTx,11,30426,1,orange,N,X,A,orange,N,X
TxTx,11,30446,1,orange,N,X,A,orange,N,X
TxTx,11,30465,1,orange,N,X,A,orange,N,X
TxTx,11,30520,1,orange,N,X,A,orange,N,X
TxTx,11,30544,1,orange,N,X,A,orange,N,X
TxTx,11,30707,1,orange,N,X,A,orange,N,X
TxTx,11,30727,1,orange,N,X,A,orange,N,X
TxTx,11,30745,1,orange,N,X,A,orange,N,X
TxTx,11,30763,1,orange,N,X,A,orange,N,X
TxTx,11,30802,1,orange,N,X,A,orange,N,X
TxTx,11,30829,1,orange,N,X,A,orange,N,X
TxTx,11,30849,1,orange,N,X,A,orange,N,X
TxTx,11,30872,1,orange,N,X,A,orange,N,X
TxTx,11,30891,1,orange,N,X,A,orange,N,X
TxTx,11,30913,1,orange,N,X,A,orange,N,X
TxTx,11,30936,1,orange,N,X,A,orange,N,X
TxTx,11,30958,1,orange,N,X,A,orange,N,X
TxTx,11,30977,1,orange,N,X,A,orange,N,X
TxTx,11,30996,1,orange,N,X,A,orange,N,X
TxTx,11,31015,1,orange,N,X,A,orange,N,X
TxTx,11,31035,1,orange,N,X,A,orange,N,X
TxTx,11,31055,1,orange,N,X,A,orange,N,X
TxTx,11,31076,1,orange,N,X,A,orange,N,X
TxTx,11,31094,1,orange,N,X,A,orange,N,X
TxTx,11,31113,1,orange,N,X,A,orange,N,X
TxTx,11,31136,1,orange,N,X,A,orange,N,X
TxTx,11,31156,1,orange,N,X,A,orange,N,X
TxTx,11,31175,1,orange,N,X,A,orange,N,X
TxTx,11,31248,75,orange,N,X,H,orange,N,X
TxTx,11,31536,1,orange,N,X,A,orange,N,X
TxTx,11,31586,1,orange,N,X,A,orange,N,X
TxTx,11,31612,1,orange,N,X,A,orange,N,X
TxTx,11,31649,1,orange,N,X,A,orange,N,X
TxTx,11,31671,1,orange,N,X,A,orange,N,X
TxTx,11,31692,1,orange,N,X,A,orange,N,X
TxTx,11,31710,1,orange,N,X,A,orange,N,X
TxTx,11,31821,1,orange,N,X,A,orange,N,X
TxTx,11,31843,1,orange,N,X,A,orange,N,X
TxTx,11,31865,1,orange,N,X,A,orange,N,X
TxTx,11,31885,1,orange,N,X,A,orange,N,X
TxTx,11,31905,1,orange,N,X,A,orange,N,X
TxTx,11,32096,1,orange,N,X,A,orange,N,X
TxTx,11,32123,1,orange,N,X,A,orange,N,X
TxTx,11,32150,1,orange,N,X,A,orange,N,X
TxTx,11,32161,1,orange,N,X,A,orange,N,X
TxTx,11,32179,1,orange,N,X,A,orange,N,X
TxTx,11,32185,453,orange,N,X,H,orange,N,X
TxTx,11,32671,1,orange,N,X,A,orange,N,X
TxTx,11,33042,1,orange,N,X,A,orange,N,X
TxTx,11,33065,1,orange,N,X,A,orange,N,X
TxTx,11,33085,1,orange,N,X,A,orange,N,X
TxTx,11,33120,1,orange,N,X,A,orange,N,X
TxTx,11,33141,1,orange,N,X,A,orange,N,X
TxTx,11,33179,1,orange,N,X,A,orange,N,X
TxTx,11,33196,1,orange,N,X,A,orange,N,X
TxTx,11,33321,1,orange,N,X,A,orange,N,X
TxTx,11,33341,1,orange,N,X,A,orange,N,X
TxTx,11,33360,1,orange,N,X,A,orange,N,X
TxTx,11,33379,1,orange,N,X,A,orange,N,X
TxTx,11,33399,1,orange,N,X,A,orange,N,X
TxTx,11,33419,1,orange,N,X,A,orange,N,X
TxTx,11,33441,1,orange,N,X,A,orange,N,X
TxTx,11,33461,1,orange,N,X,A,orange,N,X
TxTx,11,33482,1,orange,N,X,A,orange,N,X
TxTx,11,33503,1,orange,N,X,A,orange,N,X
TxTx,11,33523,1,orange,N,X,A,orange,N,X
TxTx,11,33545,1,orange,N,X,A,orange,N,X
TxTx,11,33567,1,orange,N,X,A,orange,N,X
TxTx,11,33774,1,orange,N,X,A,orange,N,X
TxTx,11,33796,1,orange,N,X,A,orange,N,X
TxTx,11,34475,1,orange,N,X,A,orange,N,X
TxTx,11,34496,1,orange,N,X,A,orange,N,X
TxTx,11,34506,1,orange,N,X,A,orange,N,X
TxTx,11,34606,217,orange,N,X,H,orange,N,X
TxTx,11,34854,51,orange,N,X,H,orange,N,X
TxTx,11,34949,160,orange,N,X,H,orange,N,X
TxTx,11,35129,169,orange,N,X,H,orange,N,X
TxTx,11,35507,109,orange,N,X,H,orange,N,X
TxTx,11,35882,1,orange,N,X,A,orange,N,X
TxTx,11,35902,1,orange,N,X,A,orange,N,X
TxTx,11,35926,1,orange,N,X,A,orange,N,X
TxTx,11,35948,1,orange,N,X,A,orange,N,X
TxTx,11,35965,1,orange,N,X,A,orange,N,X
TxTx,11,36435,1,orange,N,X,A,orange,N,X
TxTx,11,36458,1,orange,N,X,A,orange,N,X
TxTx,11,36477,1,orange,N,X,A,orange,N,X
TxTx,11,36497,1,orange,N,X,A,orange,N,X
TxTx,11,36523,1,orange,N,X,A,orange,N,X
TxTx,11,36541,1,orange,N,X,A,orange,N,X
TxTx,11,36692,25,orange,N,X,H,orange,N,X
TxTx,11,37239,1,orange,N,X,A,orange,N,X
TxTx,11,37434,1,orange,N,X,A,orange,N,X
TxTx,11,37456,1,orange,N,X,A,orange,N,X
TxTx,11,37485,1,orange,N,X,A,orange,N,X
TxTx,11,37511,1,orange,N,X,A,orange,N,X
TxTx,11,37577,53,orange,N,X,H,orange,N,X
TxTx,11,38010,95,orange,N,X,H,orange,N,X
TxTx,11,38143,1,orange,N,X,A,orange,N,X
TxTx,11,38162,1,orange,N,X,A,orange,N,X
TxTx,11,38181,1,orange,N,X,A,orange,N,X
TxTx,11,38196,1,orange,N,X,A,orange,N,X
TxTx,11,38206,1,orange,N,X,A,orange,N,X
TxTx,11,38212,31,orange,N,X,H,orange,N,X
TxTx,11,38459,1,orange,N,X,A,orange,N,X
TxTx,11,38481,1,orange,N,X,A,orange,N,X
TxTx,11,38505,1,orange,N,X,A,orange,N,X
TxTx,11,38524,1,orange,N,X,A,orange,N,X
TxTx,11,38592,1,orange,N,X,A,orange,N,X
TxTx,11,38613,1,orange,N,X,A,orange,N,X
TxTx,11,38637,1,orange,N,X,A,orange,N,X
TxTx,11,38657,1,orange,N,X,A,orange,N,X
TxTx,11,38674,1,orange,N,X,A,orange,N,X
TxTx,11,38960,1,orange,N,X,A,orange,N,X
TxTx,11,38982,1,orange,N,X,A,orange,N,X
TxTx,11,39010,1,orange,N,X,A,orange,N,X
TxTx,11,39029,1,orange,N,X,A,orange,N,X
TxTx,11,39050,1,orange,N,X,A,orange,N,X
TxTx,11,39070,1,orange,N,X,A,orange,N,X
TxTx,11,39857,1,orange,N,X,A,orange,N,X
TxTx,11,39881,1,orange,N,X,A,orange,N,X
TxTx,11,39900,1,orange,N,X,A,orange,N,X
TxTx,11,39920,1,orange,N,X,A,orange,N,X
TxTx,11,39940,1,orange,N,X,A,orange,N,X
TxTx,11,39963,1,orange,N,X,A,orange,N,X
TxTx,11,39984,1,orange,N,X,A,orange,N,X
TxTx,11,40003,1,orange,N,X,A,orange,N,X
TxTx,11,40019,1,orange,N,X,A,orange,N,X
TxTx,11,40040,1,orange,N,X,A,orange,N,X
TxTx,11,40058,1,orange,N,X,A,orange,N,X
TxTx,11,40078,1,orange,N,X,A,orange,N,X
TxTx,11,40341,1,orange,N,X,A,orange,N,X
TxTx,11,40365,1,orange,N,X,A,orange,N,X
TxTx,11,40438,1,orange,N,X,A,orange,N,X
TxTx,11,40459,1,orange,N,X,A,orange,N,X
TxTx,11,40480,1,orange,N,X,A,orange,N,X
TxTx,11,40499,1,orange,N,X,A,orange,N,X
TxTx,11,40750,1,orange,N,X,A,orange,N,X
TxTx,11,40769,1,orange,N,X,A,orange,N,X
TxTx,11,40947,1,orange,N,X,A,orange,N,X
TxTx,11,40967,1,orange,N,X,A,orange,N,X
TxTx,11,40982,1,orange,N,X,A,orange,N,X
TxTx,11,41094,33,orange,N,X,H,orange,N,X
TxTx,11,41138,72,orange,N,X,H,orange,N,X
TxTx,11,41287,159,orange,N,X,H,orange,N,X
TxTx,11,41553,1,orange,N,X,A,orange,N,X
TxTx,11,41580,1,orange,N,X,A,orange,N,X
TxTx,11,41609,1,orange,N,X,A,orange,N,X
TxTx,11,41636,1,orange,N,X,A,orange,N,X
TxTx,11,41654,1,orange,N,X,A,orange,N,X
TxTx,11,41675,1,orange,N,X,A,orange,N,X
TxTx,11,41695,1,orange,N,X,A,orange,N,X
TxTx,11,41718,1,orange,N,X,A,orange,N,X
TxTx,11,41740,1,orange,N,X,A,orange,N,X
TxTx,11,41765,1,orange,N,X,A,orange,N,X
TxTx,11,41788,1,orange,N,X,A,orange,N,X
TxTx,11,41810,1,orange,N,X,A,orange,N,X
TxTx,11,41839,1,orange,N,X,A,orange,N,X
TxTx,11,41863,1,orange,N,X,A,orange,N,X
TxTx,11,41889,1,orange,N,X,A,orange,N,X
TxTx,11,41911,1,orange,N,X,A,orange,N,X
TxTx,11,41937,1,orange,N,X,A,orange,N,X
TxTx,11,41964,1,orange,N,X,A,orange,N,X
TxTx,11,41965,141,orange,N,X,H,orange,N,X
TxTx,11,42358,1,orange,N,X,A,orange,N,X
TxTx,11,42377,1,orange,N,X,A,orange,N,X
TxTx,11,42394,1,orange,N,X,A,orange,N,X
TxTx,11,42411,1,orange,N,X,A,orange,N,X
TxTx,11,42429,1,orange,N,X,A,orange,N,X
TxTx,11,42444,1,orange,N,X,A,orange,N,X
TxTx,11,42462,1,orange,N,X,A,orange,N,X
TxTx,11,42478,1,orange,N,X,A,orange,N,X
TxTx,11,42496,1,orange,N,X,A,orange,N,X
TxTx,11,42513,1,orange,N,X,A,orange,N,X
TxTx,11,42532,1,orange,N,X,A,orange,N,X
TxTx,11,42551,1,orange,N,X,A,orange,N,X
TxTx,11,42568,1,orange,N,X,A,orange,N,X
TxTx,11,42587,1,orange,N,X,A,orange,N,X
TxTx,11,42608,1,orange,N,X,A,orange,N,X
TxTx,11,42629,1,orange,N,X,A,orange,N,X
TxTx,11,42649,1,orange,N,X,A,orange,N,X
TxTx,11,42669,1,orange,N,X,A,orange,N,X
TxTx,11,42687,1,orange,N,X,A,orange,N,X
TxTx,11,42706,1,orange,N,X,A,orange,N,X
TxTx,11,42724,1,orange,N,X,A,orange,N,X
TxTx,11,42743,1,orange,N,X,A,orange,N,X
TxTx,11,42760,1,orange,N,X,A,orange,N,X
TxTx,11,42779,1,orange,N,X,A,orange,N,X
TxTx,11,42794,1,orange,N,X,A,orange,N,X
TxTx,11,42967,1,orange,N,X,A,orange,N,X
TxTx,11,42988,1,orange,N,X,A,orange,N,X
TxTx,11,43012,1,orange,N,X,A,orange,N,X
TxTx,11,43030,1,orange,N,X,A,orange,N,X
TxTx,11,43048,1,orange,N,X,A,orange,N,X
TxTx,11,43068,1,orange,N,X,A,orange,N,X
TxTx,11,43087,1,orange,N,X,A,orange,N,X
TxTx,11,43105,1,orange,N,X,A,orange,N,X
TxTx,11,43128,1,orange,N,X,A,orange,N,X
TxTx,11,43148,1,orange,N,X,A,orange,N,X
TxTx,11,43167,1,orange,N,X,A,orange,N,X
TxTx,11,43185,1,orange,N,X,A,orange,N,X
TxTx,11,43209,1,orange,N,X,A,orange,N,X
TxTx,11,43228,1,orange,N,X,A,orange,N,X
TxTx,11,43248,1,orange,N,X,A,orange,N,X
TxTx,11,43266,1,orange,N,X,A,orange,N,X
TxTx,11,43289,1,orange,N,X,A,orange,N,X
TxTx,11,43306,1,orange,N,X,A,orange,N,X
TxTx,11,43394,1,orange,N,X,A,orange,N,X
TxTx,11,43402,251,orange,N,X,H,orange,N,X
TxTx,11,44465,1,orange,N,X,A,orange,N,X
TxTx,11,44489,1,orange,N,X,A,orange,N,X
TxTx,11,44517,1,orange,N,X,A,orange,N,X
TxTx,11,44538,1,orange,N,X,A,orange,N,X
TxTx,11,44556,1,orange,N,X,A,orange,N,X
TxTx,11,44578,1,orange,N,X,A,orange,N,X
TxTx,11,44600,1,orange,N,X,A,orange,N,X
TxTx,11,44710,1,orange,N,X,A,orange,N,X
TxTx,11,44736,1,orange,N,X,A,orange,N,X
TxTx,11,44871,1,orange,N,X,A,orange,N,X
TxTx,11,44891,1,orange,N,X,A,orange,N,X
TxTx,11,44911,1,orange,N,X,A,orange,N,X
TxTx,11,44989,27,orange,N,X,H,orange,N,X
TxTx,11,45218,96,orange,N,X,H,orange,N,X
TxTx,11,45638,1,orange,N,X,A,orange,N,X
TxTx,11,45658,1,orange,N,X,A,orange,N,X
TxTx,11,45676,1,orange,N,X,A,orange,N,X
TxTx,11,45696,1,orange,N,X,A,orange,N,X
TxTx,11,45717,1,orange,N,X,A,orange,N,X
TxTx,11,45783,92,orange,N,X,H,orange,N,X
TxTx,11,46050,1,orange,N,X,A,orange,N,X
TxTx,11,46073,1,orange,N,X,A,orange,N,X
TxTx,11,46096,1,orange,N,X,A,orange,N,X
TxTx,11,46132,1,orange,N,X,A,orange,N,X
TxTx,11,46155,1,orange,N,X,A,orange,N,X
TxTx,11,46175,1,orange,N,X,A,orange,N,X
TxTx,11,46194,1,orange,N,X,A,orange,N,X
TxTx,11,46216,1,orange,N,X,A,orange,N,X
TxTx,11,46239,1,orange,N,X,A,orange,N,X
TxTx,11,46258,1,orange,N,X,A,orange,N,X
TxTx,11,46279,1,orange,N,X,A,orange,N,X
TxTx,11,46293,310,orange,N,X,H,orange,N,X
TxTx,11,46890,1,orange,N,X,A,orange,N,X
TxTx,11,46910,1,orange,N,X,A,orange,N,X
TxTx,11,46930,1,orange,N,X,A,orange,N,X
TxTx,11,46948,1,orange,N,X,A,orange,N,X
TxTx,11,46978,1,orange,N,X,A,orange,N,X
TxTx,11,47000,1,orange,N,X,A,orange,N,X
TxTx,11,47019,1,orange,N,X,A,orange,N,X
TxTx,11,48356,1,orange,N,X,A,orange,N,X
TxTx,11,48374,1,orange,N,X,A,orange,N,X
TxTx,11,48394,1,orange,N,X,A,orange,N,X
TxTx,11,48414,1,orange,N,X,A,orange,N,X
TxTx,11,48467,1,orange,N,X,A,orange,N,X
TxTx,11,48521,1,orange,N,X,A,orange,N,X
TxTx,11,48548,1,orange,N,X,A,orange,N,X
TxTx,11,48571,1,orange,N,X,A,orange,N,X
TxTx,11,48593,1,orange,N,X,A,orange,N,X
TxTx,11,48616,1,orange,N,X,A,orange,N,X
TxTx,11,48725,135,orange,N,X,H,orange,N,X
TxTx,11,48899,105,orange,N,X,H,orange,N,X
TxTx,11,49090,87,orange,N,X,H,orange,N,X
TxTx,11,49643,1,orange,N,X,A,orange,N,X
TxTx,11,49658,1,orange,N,X,A,orange,N,X
TxTx,11,49677,1,orange,N,X,A,orange,N,X
TxTx,11,49698,1,orange,N,X,A,orange,N,X
TxTx,11,49718,1,orange,N,X,A,orange,N,X
TxTx,11,49742,1,orange,N,X,A,orange,N,X
TxTx,11,49764,1,orange,N,X,A,orange,N,X
TxTx,11,49788,1,orange,N,X,A,orange,N,X
TxTx,11,49811,1,orange,N,X,A,orange,N,X
TxTx,11,49835,1,orange,N,X,A,orange,N,X
TxTx,11,49857,1,orange,N,X,A,orange,N,X
TxTx,11,49876,1,orange,N,X,A,orange,N,X
TxTx,11,49889,58,orange,N,X,H,orange,N,X
TxTx,11,50862,46,orange,N,X,H,orange,N,X
TxTx,11,51065,76,orange,N,X,H,orange,N,X
TxTx,11,51428,228,orange,N,X,H,orange,N,X
TxTx,11,51737,112,orange,N,X,H,orange,N,X
TxTx,11,51934,104,orange,N,X,H,orange,N,X
TxTx,11,52185,1,orange,N,X,A,orange,N,X
TxTx,11,52199,79,orange,N,X,H,orange,N,X
TxTx,11,52441,32,orange,N,X,H,orange,N,X
TxTx,11,52737,76,orange,N,X,H,orange,N,X
TxTx,11,52815,151,orange,N,X,R,orange,N,X
TxTx,11,53092,1,orange,N,X,A,orange,N,X
TxTx,11,53115,1,orange,N,X,A,orange,N,X
TxTx,11,53137,1,orange,N,X,A,orange,N,X
TxTx,11,53165,1,orange,N,X,A,orange,N,X
TxTx,11,53184,1,orange,N,X,A,orange,N,X
TxTx,11,53243,156,orange,N,X,H,orange,N,X
TxTx,11,53695,280,orange,N,X,H,orange,N,X
TxTx,11,54675,116,orange,N,X,H,orange,N,X
TxTx,11,55015,180,orange,N,X,H,orange,N,X
TxTx,11,55398,1,orange,N,X,A,orange,N,X
TxTx,11,55432,1,orange,N,X,A,orange,N,X
TxTx,11,55455,1,orange,N,X,A,orange,N,X
TxTx,11,55478,1,orange,N,X,A,orange,N,X
TxTx,11,55496,1,orange,N,X,A,orange,N,X
TxTx,11,55515,1,orange,N,X,A,orange,N,X
TxTx,11,55534,1,orange,N,X,A,orange,N,X
TxTx,11,55554,1,orange,N,X,A,orange,N,X
TxTx,11,55574,1,orange,N,X,A,orange,N,X
TxTx,11,55666,1,orange,N,X,A,orange,N,X
TxTx,11,55689,1,orange,N,X,A,orange,N,X
TxTx,11,55715,1,orange,N,X,A,orange,N,X
TxTx,11,55736,1,orange,N,X,A,orange,N,X
TxTx,11,55807,1,orange,N,X,A,orange,N,X
TxTx,11,55829,1,orange,N,X,A,orange,N,X
TxTx,11,55854,1,orange,N,X,A,orange,N,X
TxTx,11,55878,1,orange,N,X,A,orange,N,X
TxTx,11,55900,1,orange,N,X,A,orange,N,X
TxTx,11,55975,1,orange,N,X,A,orange,N,X
TxTx,11,55996,1,orange,N,X,A,orange,N,X
TxTx,11,56016,1,orange,N,X,A,orange,N,X
TxTx,11,56169,1,orange,N,X,A,orange,N,X
TxTx,11,56192,1,orange,N,X,A,orange,N,X
TxTx,11,56214,1,orange,N,X,A,orange,N,X
TxTx,11,56237,1,orange,N,X,A,orange,N,X
TxTx,11,56262,1,orange,N,X,A,orange,N,X
TxTx,11,56282,1,orange,N,X,A,orange,N,X
TxTx,11,56302,1,orange,N,X,A,orange,N,X
TxTx,11,56326,1,orange,N,X,A,orange,N,X
TxTx,11,56347,1,orange,N,X,A,orange,N,X
TxTx,11,57117,1,orange,N,X,A,orange,N,X
TxTx,11,57139,1,orange,N,X,A,orange,N,X
TxTx,11,57161,1,orange,N,X,A,orange,N,X
TxTx,11,57182,1,orange,N,X,A,orange,N,X
TxTx,11,57207,1,orange,N,X,A,orange,N,X
TxTx,11,57230,1,orange,N,X,A,orange,N,X
TxTx,11,57267,1,orange,N,X,A,orange,N,X
TxTx,11,57290,1,orange,N,X,A,orange,N,X
TxTx,11,57526,1,orange,N,X,A,orange,N,X
TxTx,11,57551,1,orange,N,X,A,orange,N,X
TxTx,11,57574,1,orange,N,X,A,orange,N,X
TxTx,11,57597,1,orange,N,X,A,orange,N,X
TxTx,11,57617,1,orange,N,X,A,orange,N,X
TxTx,11,57659,1,orange,N,X,A,orange,N,X
TxTx,11,57682,1,orange,N,X,A,orange,N,X
TxTx,11,57706,1,orange,N,X,A,orange,N,X
TxTx,11,57728,1,orange,N,X,A,orange,N,X
TxTx,11,57749,1,orange,N,X,A,orange,N,X
TxTx,11,57811,1,orange,N,X,A,orange,N,X
TxTx,11,57833,1,orange,N,X,A,orange,N,X
TxTx,11,57853,1,orange,N,X,A,orange,N,X
TxTx,11,57873,1,orange,N,X,A,orange,N,X
TxTx,11,57896,1,orange,N,X,A,orange,N,X
TxTx,11,58276,232,orange,N,X,H,orange,N,X
TxTx,11,58529,21,orange,N,X,H,orange,N,X
TxTx,11,58671,46,orange,N,X,H,orange,N,X
TxTx,11,59011,142,orange,N,X,H,orange,N,X
TxTx,11,59253,11,orange,N,X,H,orange,N,X
TxTx,11,59306,127,orange,N,X,H,orange,N,X
TxTx,11,59589,153,orange,N,X,H,orange,N,X
TxTx,11,60200,1,orange,N,X,A,orange,N,X
TxTx,11,60220,1,orange,N,X,A,orange,N,X
TxTx,11,60241,1,orange,N,X,A,orange,N,X
TxTx,11,60292,1,orange,N,X,A,orange,N,X
TxTx,11,60311,1,orange,N,X,A,orange,N,X
TxTx,11,60330,1,orange,N,X,A,orange,N,X
TxTx,11,60351,1,orange,N,X,A,orange,N,X
TxTx,11,61016,1,orange,N,X,A,orange,N,X
TxTx,11,61035,1,orange,N,X,A,orange,N,X
TxTx,11,61054,1,orange,N,X,A,orange,N,X
TxTx,11,61075,1,orange,N,X,A,orange,N,X
TxTx,11,61126,1,orange,N,X,A,orange,N,X
TxTx,11,61146,1,orange,N,X,A,orange,N,X
TxTx,11,61167,1,orange,N,X,A,orange,N,X
TxTx,11,61295,1,orange,N,X,A,orange,N,X
TxTx,11,61312,1,orange,N,X,A,orange,N,X
TxTx,11,61332,1,orange,N,X,A,orange,N,X
TxTx,11,61378,1,orange,N,X,A,orange,N,X
TxTx,11,61402,1,orange,N,X,A,orange,N,X
TxTx,11,61421,1,orange,N,X,A,orange,N,X
TxTx,11,61440,1,orange,N,X,A,orange,N,X
TxTx,11,61460,1,orange,N,X,A,orange,N,X
TxTx,11,61481,1,orange,N,X,A,orange,N,X
TxTx,11,61501,1,orange,N,X,A,orange,N,X
TxTx,11,61521,1,orange,N,X,A,orange,N,X
TxTx,11,61545,1,orange,N,X,A,orange,N,X
TxTx,11,61564,1,orange,N,X,A,orange,N,X
TxTx,11,61594,1,orange,N,X,A,orange,N,X
TxTx,11,61614,1,orange,N,X,A,orange,N,X
TxTx,11,61633,1,orange,N,X,A,orange,N,X
TxTx,11,61823,1,orange,N,X,A,orange,N,X
TxTx,11,61842,1,orange,N,X,A,orange,N,X
TxTx,11,61864,1,orange,N,X,A,orange,N,X
TxTx,11,61885,1,orange,N,X,A,orange,N,X
TxTx,11,61906,1,orange,N,X,A,orange,N,X
TxTx,11,61928,1,orange,N,X,A,orange,N,X
TxTx,11,61950,1,orange,N,X,A,orange,N,X
TxTx,11,61969,1,orange,N,X,A,orange,N,X
TxTx,11,61989,1,orange,N,X,A,orange,N,X
TxTx,11,62009,1,orange,N,X,A,orange,N,X
TxTx,11,62030,1,orange,N,X,A,orange,N,X
TxTx,11,62077,1,orange,N,X,A,orange,N,X
TxTx,11,62098,1,orange,N,X,A,orange,N,X
TxTx,11,62119,1,orange,N,X,A,orange,N,X
TxTx,11,62142,1,orange,N,X,A,orange,N,X
TxTx,11,62161,1,orange,N,X,A,orange,N,X
TxTx,11,62182,1,orange,N,X,A,orange,N,X
TxTx,11,62205,1,orange,N,X,A,orange,N,X
TxTx,11,62222,1,orange,N,X,A,orange,N,X
TxTx,11,62249,1,orange,N,X,A,orange,N,X
TxTx,11,62269,1,orange,N,X,A,orange,N,X
TxTx,11,62288,1,orange,N,X,A,orange,N,X
TxTx,11,62306,1,orange,N,X,A,orange,N,X
TxTx,11,62367,1,orange,N,X,A,orange,N,X
TxTx,11,62387,1,orange,N,X,A,orange,N,X
TxTx,11,62714,1,orange,N,X,A,orange,N,X
TxTx,11,62736,1,orange,N,X,A,orange,N,X
TxTx,11,62759,1,orange,N,X,A,orange,N,X
TxTx,11,62780,1,orange,N,X,A,orange,N,X
TxTx,11,62803,1,orange,N,X,A,orange,N,X
TxTx,11,62837,123,orange,N,X,H,orange,N,X
TxTx,11,63010,142,orange,N,X,H,orange,N,X
TxTx,11,64153,1,orange,N,X,A,orange,N,X
TxTx,11,64176,1,orange,N,X,A,orange,N,X
TxTx,11,64197,1,orange,N,X,A,orange,N,X
TxTx,11,64215,1,orange,N,X,A,orange,N,X
TxTx,11,64237,1,orange,N,X,A,orange,N,X
TxTx,11,64311,1,orange,N,X,A,orange,N,X
TxTx,11,64320,1,orange,N,X,A,orange,N,X
TxTx,11,64331,1,orange,N,X,A,orange,N,X
TxTx,11,64387,52,orange,N,X,H,orange,N,X
TxTx,11,64645,37,orange,N,X,H,orange,N,X
TxTx,11,64781,120,orange,N,X,H,orange,N,X
TxTx,11,65223,112,orange,N,X,H,orange,N,X
TxTx,11,65365,24,orange,N,X,H,orange,N,X
TxTx,11,65439,73,orange,N,X,H,orange,N,X
TxTx,11,65579,252,orange,N,X,H,orange,N,X
TxTx,11,66061,13,orange,N,X,H,orange,N,X
TxTx,11,66110,269,orange,N,X,H,orange,N,X
TxTx,11,66963,1,orange,N,X,A,orange,N,X
TxTx,11,66982,1,orange,N,X,A,orange,N,X
TxTx,11,67026,1,orange,N,X,A,orange,N,X
TxTx,11,67046,1,orange,N,X,A,orange,N,X
TxTx,11,67067,1,orange,N,X,A,orange,N,X
TxTx,11,67127,1,orange,N,X,A,orange,N,X
TxTx,11,67148,1,orange,N,X,A,orange,N,X
TxTx,11,67175,1,orange,N,X,A,orange,N,X
TxTx,11,67200,1,orange,N,X,A,orange,N,X
TxTx,11,67218,1,orange,N,X,A,orange,N,X
TxTx,11,67449,98,orange,N,X,H,orange,N,X
TxTx,11,67586,60,orange,N,X,H,orange,N,X
TxTx,11,67809,1,orange,N,X,A,orange,N,X
TxTx,11,67832,1,orange,N,X,A,orange,N,X
TxTx,11,67855,1,orange,N,X,A,orange,N,X
TxTx,11,67896,1,orange,N,X,A,orange,N,X
TxTx,11,67920,1,orange,N,X,A,orange,N,X
TxTx,11,67941,1,orange,N,X,A,orange,N,X
TxTx,11,67998,1,orange,N,X,A,orange,N,X
TxTx,11,68020,1,orange,N,X,A,orange,N,X
TxTx,11,68041,1,orange,N,X,A,orange,N,X
TxTx,11,68061,1,orange,N,X,A,orange,N,X
TxTx,11,68082,1,orange,N,X,A,orange,N,X
TxTx,11,68102,1,orange,N,X,A,orange,N,X
TxTx,11,68121,1,orange,N,X,A,orange,N,X
TxTx,11,68142,1,orange,N,X,A,orange,N,X
TxTx,11,68163,1,orange,N,X,A,orange,N,X
TxTx,11,68183,1,orange,N,X,A,orange,N,X
TxTx,11,68202,1,orange,N,X,A,orange,N,X
TxTx,11,68223,1,orange,N,X,A,orange,N,X
TxTx,11,68244,1,orange,N,X,A,orange,N,X
TxTx,11,68266,1,orange,N,X,A,orange,N,X
TxTx,11,68286,1,orange,N,X,A,orange,N,X
TxTx,11,68308,1,orange,N,X,A,orange,N,X
TxTx,11,68316,61,orange,N,X,H,orange,N,X
TxTx,11,68399,95,orange,N,X,H,orange,N,X
TxTx,11,68550,72,orange,N,X,H,orange,N,X
TxTx,11,68857,1,orange,N,X,A,orange,N,X
TxTx,11,68880,1,orange,N,X,A,orange,N,X
TxTx,11,68924,61,orange,N,X,H,orange,N,X
TxTx,11,69015,47,orange,N,X,H,orange,N,X
TxTx,11,69212,1,orange,N,X,A,orange,N,X
TxTx,11,69237,1,orange,N,X,A,orange,N,X
TxTx,11,69264,1,orange,N,X,A,orange,N,X
TxTx,11,69288,1,orange,N,X,A,orange,N,X
TxTx,11,69307,1,orange,N,X,A,orange,N,X
TxTx,11,69329,1,orange,N,X,A,orange,N,X
TxTx,11,69347,1,orange,N,X,A,orange,N,X
TxTx,11,69366,1,orange,N,X,A,orange,N,X
TxTx,11,69388,1,orange,N,X,A,orange,N,X
TxTx,11,69408,1,orange,N,X,A,orange,N,X
TxTx,11,69427,1,orange,N,X,A,orange,N,X
TxTx,11,69447,1,orange,N,X,A,orange,N,X
TxTx,11,69466,1,orange,N,X,A,orange,N,X
TxTx,11,69488,1,orange,N,X,A,orange,N,X
TxTx,11,70087,1,orange,N,X,A,orange,N,X
TxTx,11,70404,80,orange,N,X,H,orange,N,X
TxTx,11,70539,27,orange,N,X,H,orange,N,X
TxTx,11,70669,1,orange,N,X,A,orange,N,X
TxTx,11,70715,1,orange,N,X,A,orange,N,X
TxTx,11,70729,1,orange,N,X,A,orange,N,X
TxTx,11,70774,190,orange,N,X,H,orange,N,X
TxTx,11,71027,104,orange,N,X,H,orange,N,X
TxTx,11,71315,1,orange,N,X,A,orange,N,X
TxTx,11,71338,1,orange,N,X,A,orange,N,X
TxTx,11,71360,1,orange,N,X,A,orange,N,X
TxTx,11,71453,389,orange,N,X,H,orange,N,X
TxTx,11,72042,258,orange,N,X,H,orange,N,X
TxTx,11,72866,1,orange,N,X,A,orange,N,X
TxTx,11,73107,123,orange,N,X,H,orange,N,X
TxTx,11,73320,59,orange,N,X,H,orange,N,X
TxTx,11,73397,39,orange,N,X,H,orange,N,X
TxTx,11,73562,91,orange,N,X,H,orange,N,X
TxTx,11,74880,32,orange,N,X,H,orange,N,X
TxTx,11,74973,50,orange,N,X,H,orange,N,X
TxTx,11,75212,36,orange,N,X,H,orange,N,X
TxTx,11,75405,142,orange,N,X,H,orange,N,X
TxTx,11,75731,100,orange,N,X,H,orange,N,X
TxTx,11,76067,57,orange,N,X,H,orange,N,X
TxTx,11,76317,1,orange,N,X,A,orange,N,X
TxTx,11,76494,502,orange,N,X,H,orange,N,X
TxTx,11,77016,56,orange,N,X,H,orange,N,X
TxTx,11,77079,30,orange,N,X,H,orange,N,X
TxTx,11,77538,1,orange,N,X,A,orange,N,X
TxTx,11,77571,1,orange,N,X,A,orange,N,X
TxTx,11,77599,1,orange,N,X,A,orange,N,X
TxTx,11,77619,1,orange,N,X,A,orange,N,X
TxTx,11,77641,1,orange,N,X,A,orange,N,X
TxTx,11,77709,1,orange,N,X,A,orange,N,X
TxTx,11,77730,1,orange,N,X,A,orange,N,X
TxTx,11,77776,1,orange,N,X,A,orange,N,X
TxTx,11,77812,1,orange,N,X,A,orange,N,X
TxTx,11,77835,1,orange,N,X,A,orange,N,X
TxTx,11,77860,1,orange,N,X,A,orange,N,X
TxTx,11,77882,1,orange,N,X,A,orange,N,X
TxTx,11,77902,1,orange,N,X,A,orange,N,X
TxTx,11,77919,1,orange,N,X,A,orange,N,X
TxTx,11,77942,1,orange,N,X,A,orange,N,X
TxTx,11,77964,1,orange,N,X,A,orange,N,X
TxTx,11,77980,52,orange,N,X,H,orange,N,X
TxTx,11,78374,1,orange,N,X,A,orange,N,X
TxTx,11,78396,1,orange,N,X,A,orange,N,X
TxTx,11,78417,1,orange,N,X,A,orange,N,X
TxTx,11,78438,1,orange,N,X,A,orange,N,X
TxTx,11,78464,1,orange,N,X,A,orange,N,X
TxTx,11,78873,228,orange,N,X,H,orange,N,X
TxTx,11,79201,10,orange,N,X,H,orange,N,X
TxTx,11,79248,22,orange,N,X,H,orange,N,X
TxTx,11,79291,107,orange,N,X,H,orange,N,X
TxTx,11,79430,129,orange,N,X,H,orange,N,X
TxTx,11,79622,64,orange,N,X,H,orange,N,X
TxTx,11,80024,1,orange,N,X,A,orange,N,X
TxTx,11,80047,1,orange,N,X,A,orange,N,X
TxTx,11,80069,1,orange,N,X,A,orange,N,X
TxTx,11,80096,1,orange,N,X,A,orange,N,X
TxTx,11,80158,1,orange,N,X,A,orange,N,X
TxTx,11,80180,1,orange,N,X,A,orange,N,X
TxTx,11,80203,1,orange,N,X,A,orange,N,X
TxTx,11,80228,1,orange,N,X,A,orange,N,X
TxTx,11,80249,1,orange,N,X,A,orange,N,X
TxTx,11,80270,1,orange,N,X,A,orange,N,X
TxTx,11,80291,1,orange,N,X,A,orange,N,X
TxTx,11,80310,1,orange,N,X,A,orange,N,X
TxTx,11,80330,1,orange,N,X,A,orange,N,X
TxTx,11,80348,1,orange,N,X,A,orange,N,X
TxTx,11,80370,1,orange,N,X,A,orange,N,X
TxTx,11,80390,1,orange,N,X,A,orange,N,X
TxTx,11,80410,1,orange,N,X,A,orange,N,X
TxTx,11,80429,1,orange,N,X,A,orange,N,X
TxTx,11,80506,106,orange,N,X,H,orange,N,X
TxTx,11,80651,1,orange,N,X,A,orange,N,X
TxTx,11,80673,1,orange,N,X,A,orange,N,X
TxTx,11,80923,1,orange,N,X,A,orange,N,X
TxTx,11,80944,1,orange,N,X,A,orange,N,X
TxTx,11,80968,1,orange,N,X,A,orange,N,X
TxTx,11,80988,1,orange,N,X,A,orange,N,X
TxTx,11,81007,1,orange,N,X,A,orange,N,X
TxTx,11,81026,1,orange,N,X,A,orange,N,X
TxTx,11,81046,1,orange,N,X,A,orange,N,X
TxTx,11,81066,1,orange,N,X,A,orange,N,X
TxTx,11,81088,1,orange,N,X,A,orange,N,X
TxTx,11,81106,1,orange,N,X,A,orange,N,X
TxTx,11,81237,1,orange,N,X,A,orange,N,X
TxTx,11,81259,1,orange,N,X,A,orange,N,X
TxTx,11,81282,1,orange,N,X,A,orange,N,X
TxTx,11,81302,1,orange,N,X,A,orange,N,X
TxTx,11,81320,1,orange,N,X,A,orange,N,X
TxTx,11,81341,1,orange,N,X,A,orange,N,X
TxTx,11,81362,1,orange,N,X,A,orange,N,X
TxTx,11,81383,1,orange,N,X,A,orange,N,X
TxTx,11,81402,1,orange,N,X,A,orange,N,X
TxTx,11,81422,1,orange,N,X,A,orange,N,X
TxTx,11,81443,1,orange,N,X,A,orange,N,X
TxTx,11,81463,1,orange,N,X,A,orange,N,X
TxTx,11,81484,1,orange,N,X,A,orange,N,X
TxTx,11,81489,1,orange,N,X,A,orange,N,X
TxTx,11,81513,1,orange,N,X,A,orange,N,X
TxTx,11,81529,1,orange,N,X,A,orange,N,X
TxTx,11,314,1,red,N,X,A,red,N,X
TxTx,11,335,1,red,N,X,A,red,N,X
TxTx,11,354,1,red,N,X,A,red,N,X
TxTx,11,371,1,red,N,X,A,red,N,X
TxTx,11,419,1,red,N,X,A,red,N,X
TxTx,11,449,1,red,N,X,A,red,N,X
TxTx,11,469,1,red,N,X,A,red,N,X
TxTx,11,493,1,red,N,X,A,red,N,X
TxTx,11,513,1,red,N,X,A,red,N,X
TxTx,11,535,1,red,N,X,A,red,N,X
TxTx,11,556,1,red,N,X,A,red,N,X
TxTx,11,578,1,red,N,X,A,red,N,X
TxTx,11,599,1,red,N,X,A,red,N,X
TxTx,11,616,1,red,N,X,A,red,N,X
TxTx,11,640,1,red,N,X,A,red,N,X
TxTx,11,662,1,red,N,X,A,red,N,X
TxTx,11,682,1,red,N,X,A,red,N,X
TxTx,11,703,1,red,N,X,A,red,N,X
TxTx,11,726,1,red,N,X,A,red,N,X
TxTx,11,748,1,red,N,X,A,red,N,X
TxTx,11,1100,56,red,N,X,H,red,N,X
TxTx,11,1182,78,red,N,X,H,red,N,X
TxTx,11,1426,1,red,N,X,A,red,N,X
TxTx,11,1448,1,red,N,X,A,red,N,X
TxTx,11,1490,121,red,N,X,H,red,N,X
TxTx,11,1930,208,red,N,X,H,red,N,X
TxTx,11,2139,254,red,N,X,R,red,N,X
TxTx,11,2451,98,red,N,X,H,red,N,X
TxTx,11,2570,1,red,N,X,A,red,N,X
TxTx,11,2613,40,red,N,X,H,red,N,X
TxTx,11,3182,184,red,N,X,H,red,N,X
TxTx,11,3570,288,red,N,X,H,red,N,X
TxTx,11,3913,41,red,N,X,H,red,N,X
TxTx,11,4271,1,red,N,X,A,red,N,X
TxTx,11,4296,1,red,N,X,A,red,N,X
TxTx,11,4314,1,red,N,X,A,red,N,X
TxTx,11,4608,956,red,N,X,H,red,N,X
TxTx,11,5622,536,red,N,X,H,red,N,X
TxTx,11,6230,39,red,N,X,H,red,N,X
TxTx,11,6704,71,red,N,X,H,red,N,X
TxTx,11,6829,221,red,N,X,H,red,N,X
TxTx,11,7773,34,red,N,X,H,red,N,X
TxTx,11,7992,396,red,N,X,H,red,N,X
TxTx,11,8460,93,red,N,X,H,red,N,X
TxTx,11,8604,478,red,N,X,H,red,N,X
TxTx,11,9156,123,red,N,X,H,red,N,X
TxTx,11,9485,141,red,N,X,H,red,N,X
TxTx,11,9855,1,red,N,X,A,red,N,X
TxTx,11,10009,1,red,N,X,A,red,N,X
TxTx,11,10030,1,red,N,X,A,red,N,X
TxTx,11,10069,1,red,N,X,A,red,N,X
TxTx,11,10086,1,red,N,X,A,red,N,X
TxTx,11,10106,1,red,N,X,A,red,N,X
TxTx,11,10554,1,red,N,X,A,red,N,X
TxTx,11,10574,1,red,N,X,A,red,N,X
TxTx,11,10593,1,red,N,X,A,red,N,X
TxTx,11,10614,1,red,N,X,A,red,N,X
TxTx,11,10635,1,red,N,X,A,red,N,X
TxTx,11,10655,1,red,N,X,A,red,N,X
TxTx,11,10677,1,red,N,X,A,red,N,X
TxTx,11,10698,1,red,N,X,A,red,N,X
TxTx,11,10717,1,red,N,X,A,red,N,X
TxTx,11,10739,1,red,N,X,A,red,N,X
TxTx,11,10760,1,red,N,X,A,red,N,X
TxTx,11,10779,1,red,N,X,A,red,N,X
TxTx,11,10796,1,red,N,X,A,red,N,X
TxTx,11,10837,1,red,N,X,A,red,N,X
TxTx,11,11520,1,red,N,X,A,red,N,X
TxTx,11,11542,1,red,N,X,A,red,N,X
TxTx,11,11564,1,red,N,X,A,red,N,X
TxTx,11,11584,1,red,N,X,A,red,N,X
TxTx,11,11605,1,red,N,X,A,red,N,X
TxTx,11,11625,1,red,N,X,A,red,N,X
TxTx,11,11647,1,red,N,X,A,red,N,X
TxTx,11,11668,1,red,N,X,A,red,N,X
TxTx,11,11689,1,red,N,X,A,red,N,X
TxTx,11,11711,1,red,N,X,A,red,N,X
TxTx,11,11732,1,red,N,X,A,red,N,X
TxTx,11,11753,1,red,N,X,A,red,N,X
TxTx,11,11776,1,red,N,X,A,red,N,X
TxTx,11,11795,1,red,N,X,A,red,N,X
TxTx,11,11813,1,red,N,X,A,red,N,X
TxTx,11,11907,1,red,N,X,A,red,N,X
TxTx,11,12133,202,red,N,X,H,red,N,X
TxTx,11,12849,92,red,N,X,H,red,N,X
TxTx,11,13123,90,red,N,X,H,red,N,X
TxTx,11,13488,1,red,N,X,A,red,N,X
TxTx,11,13507,1,red,N,X,A,red,N,X
TxTx,11,13528,118,red,N,X,H,red,N,X
TxTx,11,13673,304,red,N,X,H,red,N,X
TxTx,11,14734,331,red,N,X,H,red,N,X
TxTx,11,15107,1,red,N,X,A,red,N,X
TxTx,11,15127,1,red,N,X,A,red,N,X
TxTx,11,15150,1,red,N,X,A,red,N,X
TxTx,11,15168,1,red,N,X,A,red,N,X
TxTx,11,15189,1,red,N,X,A,red,N,X
TxTx,11,15210,1,red,N,X,A,red,N,X
TxTx,11,15227,1,red,N,X,A,red,N,X
TxTx,11,15248,1,red,N,X,A,red,N,X
TxTx,11,15266,1,red,N,X,A,red,N,X
TxTx,11,15286,1,red,N,X,A,red,N,X
TxTx,11,15307,1,red,N,X,A,red,N,X
TxTx,11,15327,1,red,N,X,A,red,N,X
TxTx,11,15347,1,red,N,X,A,red,N,X
TxTx,11,15365,1,red,N,X,A,red,N,X
TxTx,11,15386,1,red,N,X,A,red,N,X
TxTx,11,15406,1,red,N,X,A,red,N,X
TxTx,11,15426,1,red,N,X,A,red,N,X
TxTx,11,15450,1,red,N,X,A,red,N,X
TxTx,11,15471,1,red,N,X,A,red,N,X
TxTx,11,15492,1,red,N,X,A,red,N,X
TxTx,11,15514,1,red,N,X,A,red,N,X
TxTx,11,15534,1,red,N,X,A,red,N,X
TxTx,11,15556,1,red,N,X,A,red,N,X
TxTx,11,15577,1,red,N,X,A,red,N,X
TxTx,11,15596,1,red,N,X,A,red,N,X
TxTx,11,15614,1,red,N,X,A,red,N,X
TxTx,11,15635,1,red,N,X,A,red,N,X
TxTx,11,15654,1,red,N,X,A,red,N,X
TxTx,11,15674,1,red,N,X,A,red,N,X
TxTx,11,15692,1,red,N,X,A,red,N,X
TxTx,11,15715,1,red,N,X,A,red,N,X
TxTx,11,15738,1,red,N,X,A,red,N,X
TxTx,11,15762,1,red,N,X,A,red,N,X
TxTx,11,15786,1,red,N,X,A,red,N,X
TxTx,11,15813,1,red,N,X,A,red,N,X
TxTx,11,15836,1,red,N,X,A,red,N,X
TxTx,11,15858,1,red,N,X,A,red,N,X
TxTx,11,16345,1,red,N,X,A,red,N,X
TxTx,11,16365,1,red,N,X,A,red,N,X
TxTx,11,16384,1,red,N,X,A,red,N,X
TxTx,11,16399,1,red,N,X,A,red,N,X
TxTx,11,16417,1,red,N,X,A,red,N,X
TxTx,11,16438,1,red,N,X,A,red,N,X
TxTx,11,16505,156,red,N,X,H,red,N,X
TxTx,11,16777,86,red,N,X,H,red,N,X
TxTx,11,16982,39,red,N,X,H,red,N,X
TxTx,11,17071,1,red,N,X,A,red,N,X
TxTx,11,17091,1,red,N,X,A,red,N,X
TxTx,11,17108,1,red,N,X,A,red,N,X
TxTx,11,17128,1,red,N,X,A,red,N,X
TxTx,11,17406,1,red,N,X,A,red,N,X
TxTx,11,17424,1,red,N,X,A,red,N,X
TxTx,11,17445,1,red,N,X,A,red,N,X
TxTx,11,17451,1,red,N,X,A,red,N,X
TxTx,11,17490,1,red,N,X,A,red,N,X
TxTx,11,18696,1,red,N,X,A,red,N,X
TxTx,11,18714,1,red,N,X,A,red,N,X
TxTx,11,18733,1,red,N,X,A,red,N,X
TxTx,11,18754,1,red,N,X,A,red,N,X
TxTx,11,18776,1,red,N,X,A,red,N,X
TxTx,11,18797,1,red,N,X,A,red,N,X
TxTx,11,18816,1,red,N,X,A,red,N,X
TxTx,11,18838,1,red,N,X,A,red,N,X
TxTx,11,19138,1,red,N,X,A,red,N,X
TxTx,11,19158,1,red,N,X,A,red,N,X
TxTx,11,19179,1,red,N,X,A,red,N,X
TxTx,11,19197,1,red,N,X,A,red,N,X
TxTx,11,19497,1,red,N,X,A,red,N,X
TxTx,11,19519,1,red,N,X,A,red,N,X
TxTx,11,19539,1,red,N,X,A,red,N,X
TxTx,11,19562,1,red,N,X,A,red,N,X
TxTx,11,19570,44,red,N,X,H,red,N,X
TxTx,11,19896,1,red,N,X,A,red,N,X
TxTx,11,19918,1,red,N,X,A,red,N,X
TxTx,11,19940,1,red,N,X,A,red,N,X
TxTx,11,19963,1,red,N,X,A,red,N,X
TxTx,11,19989,1,red,N,X,A,red,N,X
TxTx,11,20010,1,red,N,X,A,red,N,X
TxTx,11,20033,1,red,N,X,A,red,N,X
TxTx,11,20055,1,red,N,X,A,red,N,X
TxTx,11,20076,1,red,N,X,A,red,N,X
TxTx,11,20098,1,red,N,X,A,red,N,X
TxTx,11,20119,1,red,N,X,A,red,N,X
TxTx,11,20148,1,red,N,X,A,red,N,X
TxTx,11,20168,1,red,N,X,A,red,N,X
TxTx,11,20190,1,red,N,X,A,red,N,X
TxTx,11,20207,1,red,N,X,A,red,N,X
TxTx,11,20230,31,red,N,X,H,red,N,X
TxTx,11,20427,24,red,N,X,H,red,N,X
TxTx,11,20861,173,red,N,X,H,red,N,X
TxTx,11,21173,1,red,N,X,A,red,N,X
TxTx,11,21185,13,red,N,X,H,red,N,X
TxTx,11,21745,26,red,N,X,H,red,N,X
TxTx,11,21973,1095,red,N,X,H,red,N,X
TxTx,11,23119,245,red,N,X,H,red,N,X
TxTx,11,23512,1,red,N,X,A,red,N,X
TxTx,11,23588,73,red,N,X,H,red,N,X
TxTx,11,24363,1,red,N,X,A,red,N,X
TxTx,11,24384,1,red,N,X,A,red,N,X
TxTx,11,24403,1,red,N,X,A,red,N,X
TxTx,11,24423,1,red,N,X,A,red,N,X
TxTx,11,24443,1,red,N,X,A,red,N,X
TxTx,11,24463,1,red,N,X,A,red,N,X
TxTx,11,24481,1,red,N,X,A,red,N,X
TxTx,11,24501,1,red,N,X,A,red,N,X
TxTx,11,24523,1,red,N,X,A,red,N,X
TxTx,11,24545,1,red,N,X,A,red,N,X
TxTx,11,24568,1,red,N,X,A,red,N,X
TxTx,11,24589,1,red,N,X,A,red,N,X
TxTx,11,24612,1,red,N,X,A,red,N,X
TxTx,11,24634,1,red,N,X,A,red,N,X
TxTx,11,24655,1,red,N,X,A,red,N,X
TxTx,11,24677,1,red,N,X,A,red,N,X
TxTx,11,24991,1,red,N,X,A,red,N,X
TxTx,11,25012,1,red,N,X,A,red,N,X
TxTx,11,25033,1,red,N,X,A,red,N,X
TxTx,11,25053,1,red,N,X,A,red,N,X
TxTx,11,25079,1,red,N,X,A,red,N,X
TxTx,11,25100,1,red,N,X,A,red,N,X
TxTx,11,25119,1,red,N,X,A,red,N,X
TxTx,11,25144,1,red,N,X,A,red,N,X
TxTx,11,25165,1,red,N,X,A,red,N,X
TxTx,11,25185,1,red,N,X,A,red,N,X
TxTx,11,25206,1,red,N,X,A,red,N,X
TxTx,11,25228,1,red,N,X,A,red,N,X
TxTx,11,25249,1,red,N,X,A,red,N,X
TxTx,11,25269,1,red,N,X,A,red,N,X
TxTx,11,25289,1,red,N,X,A,red,N,X
TxTx,11,25309,1,red,N,X,A,red,N,X
TxTx,11,25332,1,red,N,X,A,red,N,X
TxTx,11,25581,324,red,N,X,H,red,N,X
TxTx,11,26145,1,red,N,X,A,red,N,X
TxTx,11,26153,29,red,N,X,H,red,N,X
TxTx,11,26478,1,red,N,X,A,red,N,X
TxTx,11,26499,1,red,N,X,A,red,N,X
TxTx,11,26511,1,red,N,X,A,red,N,X
TxTx,11,26707,1,red,N,X,A,red,N,X
TxTx,11,26729,1,red,N,X,A,red,N,X
TxTx,11,26746,1,red,N,X,A,red,N,X
TxTx,11,26762,1,red,N,X,A,red,N,X
TxTx,11,27329,1,red,N,X,A,red,N,X
TxTx,11,27349,1,red,N,X,A,red,N,X
TxTx,11,27367,1,red,N,X,A,red,N,X
TxTx,11,27386,1,red,N,X,A,red,N,X
TxTx,11,27406,1,red,N,X,A,red,N,X
TxTx,11,27427,1,red,N,X,A,red,N,X
TxTx,11,27447,1,red,N,X,A,red,N,X
TxTx,11,27470,1,red,N,X,A,red,N,X
TxTx,11,28225,1,red,N,X,A,red,N,X
TxTx,11,28249,1,red,N,X,A,red,N,X
TxTx,11,28387,1,red,N,X,A,red,N,X
TxTx,11,28410,1,red,N,X,A,red,N,X
TxTx,11,28431,1,red,N,X,A,red,N,X
TxTx,11,28452,1,red,N,X,A,red,N,X
TxTx,11,28472,1,red,N,X,A,red,N,X
TxTx,11,28493,1,red,N,X,A,red,N,X
TxTx,11,28517,1,red,N,X,A,red,N,X
TxTx,11,28858,1,red,N,X,A,red,N,X
TxTx,11,28877,1,red,N,X,A,red,N,X
TxTx,11,28898,1,red,N,X,A,red,N,X
TxTx,11,28923,1,red,N,X,A,red,N,X
TxTx,11,28942,1,red,N,X,A,red,N,X
TxTx,11,28959,1,red,N,X,A,red,N,X
TxTx,11,28978,1,red,N,X,A,red,N,X
TxTx,11,28995,1,red,N,X,A,red,N,X
TxTx,11,29013,1,red,N,X,A,red,N,X
TxTx,11,31170,1,red,N,X,A,red,N,X
TxTx,11,31178,82,red,N,X,H,red,N,X
TxTx,11,31355,31,red,N,X,H,red,N,X
TxTx,11,31434,84,red,N,X,H,red,N,X
TxTx,11,31899,1,red,N,X,A,red,N,X
TxTx,11,31918,1,red,N,X,A,red,N,X
TxTx,11,31938,1,red,N,X,A,red,N,X
TxTx,11,32378,1,red,N,X,A,red,N,X
TxTx,11,32396,1,red,N,X,A,red,N,X
TxTx,11,32416,1,red,N,X,A,red,N,X
TxTx,11,32434,1,red,N,X,A,red,N,X
TxTx,11,32453,1,red,N,X,A,red,N,X
TxTx,11,32472,1,red,N,X,A,red,N,X
TxTx,11,32491,1,red,N,X,A,red,N,X
TxTx,11,32512,1,red,N,X,A,red,N,X
TxTx,11,32531,1,red,N,X,A,red,N,X
TxTx,11,32551,1,red,N,X,A,red,N,X
TxTx,11,32572,1,red,N,X,A,red,N,X
TxTx,11,32581,1,red,N,X,A,red,N,X
TxTx,11,32585,194,red,N,X,H,red,N,X
TxTx,11,32949,142,red,N,X,H,red,N,X
TxTx,11,34163,187,red,N,X,H,red,N,X
TxTx,11,34526,255,red,N,X,H,red,N,X
TxTx,11,35131,126,red,N,X,H,red,N,X
TxTx,11,35299,42,red,N,X,H,red,N,X
TxTx,11,35563,482,red,N,X,H,red,N,X
TxTx,11,36394,1,red,N,X,A,red,N,X
TxTx,11,36414,1,red,N,X,A,red,N,X
TxTx,11,36432,1,red,N,X,A,red,N,X
TxTx,11,36768,116,red,N,X,H,red,N,X
TxTx,11,37290,273,red,N,X,H,red,N,X
TxTx,11,37966,1,red,N,X,A,red,N,X
TxTx,11,38082,276,red,N,X,H,red,N,X
TxTx,11,38669,1,red,N,X,A,red,N,X
TxTx,11,38682,1,red,N,X,A,red,N,X
TxTx,11,38692,1,red,N,X,A,red,N,X
TxTx,11,38707,1,red,N,X,A,red,N,X
TxTx,11,38804,106,red,N,X,H,red,N,X
TxTx,11,39710,80,red,N,X,H,red,N,X
TxTx,11,39930,302,red,N,X,H,red,N,X
TxTx,11,41018,1,red,N,X,A,red,N,X
TxTx,11,41040,1,red,N,X,A,red,N,X
TxTx,11,41072,1,red,N,X,A,red,N,X
TxTx,11,41181,353,red,N,X,H,red,N,X
TxTx,11,41562,55,red,N,X,H,red,N,X
TxTx,11,42378,1,red,N,X,A,red,N,X
TxTx,11,42397,1,red,N,X,A,red,N,X
TxTx,11,42431,1,red,N,X,A,red,N,X
TxTx,11,42469,72,red,N,X,H,red,N,X
TxTx,11,43035,182,red,N,X,H,red,N,X
TxTx,11,43531,273,red,N,X,H,red,N,X
TxTx,11,43924,94,red,N,X,H,red,N,X
TxTx,11,44111,23,red,N,X,H,red,N,X
TxTx,11,44482,104,red,N,X,H,red,N,X
TxTx,11,44819,147,red,N,X,H,red,N,X
TxTx,11,45458,171,red,N,X,H,red,N,X
TxTx,11,45995,1,red,N,X,A,red,N,X
TxTx,11,46015,1,red,N,X,A,red,N,X
TxTx,11,46053,32,red,N,X,H,red,N,X
TxTx,11,46592,72,red,N,X,H,red,N,X
TxTx,11,46787,23,red,N,X,H,red,N,X
TxTx,11,46905,39,red,N,X,H,red,N,X
TxTx,11,46978,833,red,N,X,H,red,N,X
TxTx,11,47984,53,red,N,X,H,red,N,X
TxTx,11,49191,233,red,N,X,H,red,N,X
TxTx,11,49573,56,red,N,X,H,red,N,X
TxTx,11,49827,129,red,N,X,H,red,N,X
TxTx,11,50481,34,red,N,X,H,red,N,X
TxTx,11,50556,451,red,N,X,H,red,N,X
TxTx,11,51522,45,red,N,X,H,red,N,X
TxTx,11,51688,341,red,N,X,H,red,N,X
TxTx,11,52830,358,red,N,X,H,red,N,X
TxTx,11,53371,855,red,N,X,H,red,N,X
TxTx,11,54276,324,red,N,X,H,red,N,X
TxTx,11,54853,41,red,N,X,H,red,N,X
TxTx,11,55595,19,red,N,X,H,red,N,X
TxTx,11,55806,35,red,N,X,H,red,N,X
TxTx,11,55918,50,red,N,X,H,red,N,X
TxTx,11,56445,681,red,N,X,H,red,N,X
TxTx,11,57531,35,red,N,X,H,red,N,X
TxTx,11,57980,538,red,N,X,H,red,N,X
TxTx,11,58767,45,red,N,X,H,red,N,X
TxTx,11,58861,1,red,N,X,A,red,N,X
TxTx,11,59046,199,red,N,X,H,red,N,X
TxTx,11,59714,62,red,N,X,H,red,N,X
TxTx,11,60411,55,red,N,X,H,red,N,X
TxTx,11,60491,166,red,N,X,H,red,N,X
TxTx,11,61412,1,red,N,X,A,red,N,X
TxTx,11,61422,439,red,N,X,H,red,N,X
TxTx,11,62038,418,red,N,X,H,red,N,X
TxTx,11,62456,367,red,N,X,R,red,N,X
TxTx,11,62860,297,red,N,X,H,red,N,X
TxTx,11,63909,130,red,N,X,H,red,N,X
TxTx,11,64505,307,red,N,X,H,red,N,X
TxTx,11,65221,173,red,N,X,H,red,N,X
TxTx,11,65723,1,red,N,X,A,red,N,X
TxTx,11,65745,1,red,N,X,A,red,N,X
TxTx,11,66274,672,red,N,X,H,red,N,X
TxTx,11,67504,1,red,N,X,A,red,N,X
TxTx,11,67521,1,red,N,X,A,red,N,X
TxTx,11,67619,47,red,N,X,H,red,N,X
TxTx,11,67684,84,red,N,X,H,red,N,X
TxTx,11,68913,1,red,N,X,A,red,N,X
TxTx,11,69121,791,red,N,X,H,red,N,X
TxTx,11,70720,25,red,N,X,H,red,N,X
TxTx,11,70891,303,red,N,X,H,red,N,X
TxTx,11,71336,411,red,N,X,H,red,N,X
TxTx,11,72277,79,red,N,X,H,red,N,X
TxTx,11,72994,218,red,N,X,H,red,N,X
TxTx,11,73836,319,red,N,X,H,red,N,X
TxTx,11,75585,333,red,N,X,H,red,N,X
TxTx,11,76117,58,red,N,X,H,red,N,X
TxTx,11,76395,608,red,N,X,H,red,N,X
TxTx,11,77741,1,red,N,X,A,red,N,X
TxTx,11,77762,1,red,N,X,A,red,N,X
TxTx,11,77780,1,red,N,X,A,red,N,X
TxTx,11,77801,1,red,N,X,A,red,N,X
TxTx,11,77821,1,red,N,X,A,red,N,X
TxTx,11,77840,1,red,N,X,A,red,N,X
TxTx,11,77861,1,red,N,X,A,red,N,X
TxTx,11,77881,1,red,N,X,A,red,N,X
TxTx,11,77904,1,red,N,X,A,red,N,X
TxTx,11,78212,1,red,N,X,A,red,N,X
TxTx,11,78233,1,red,N,X,A,red,N,X
TxTx,11,78255,1,red,N,X,A,red,N,X
TxTx,11,78275,1,red,N,X,A,red,N,X
TxTx,11,78294,1,red,N,X,A,red,N,X
TxTx,11,78313,1,red,N,X,A,red,N,X
TxTx,11,78331,1,red,N,X,A,red,N,X
TxTx,11,78350,1,red,N,X,A,red,N,X
TxTx,11,78368,1,red,N,X,A,red,N,X
TxTx,11,78382,1,red,N,X,A,red,N,X
TxTx,11,78458,1,red,N,X,A,red,N,X
TxTx,11,78480,1,red,N,X,A,red,N,X
TxTx,11,78507,1,red,N,X,A,red,N,X
TxTx,11,78893,1,red,N,X,A,red,N,X
TxTx,11,78910,1,red,N,X,A,red,N,X
TxTx,11,78929,1,red,N,X,A,red,N,X
TxTx,11,78946,1,red,N,X,A,red,N,X
TxTx,11,78964,1,red,N,X,A,red,N,X
TxTx,11,78984,1,red,N,X,A,red,N,X
TxTx,11,79002,1,red,N,X,A,red,N,X
TxTx,11,79021,1,red,N,X,A,red,N,X
TxTx,11,79041,1,red,N,X,A,red,N,X
TxTx,11,79060,1,red,N,X,A,red,N,X
TxTx,11,79079,1,red,N,X,A,red,N,X
TxTx,11,79099,1,red,N,X,A,red,N,X
TxTx,11,79119,1,red,N,X,A,red,N,X
TxTx,11,79137,1,red,N,X,A,red,N,X
TxTx,11,79160,1,red,N,X,A,red,N,X
TxTx,11,79182,1,red,N,X,A,red,N,X
TxTx,11,79205,1,red,N,X,A,red,N,X
TxTx,11,79225,1,red,N,X,A,red,N,X
TxTx,11,79248,1,red,N,X,A,red,N,X
TxTx,11,79271,1,red,N,X,A,red,N,X
TxTx,11,79294,1,red,N,X,A,red,N,X
TxTx,11,79317,1,red,N,X,A,red,N,X
TxTx,11,79675,1,red,N,X,A,red,N,X
TxTx,11,79697,1,red,N,X,A,red,N,X
TxTx,11,79705,384,red,N,X,H,red,N,X
TxTx,11,80534,196,red,N,X,H,red,N,X
TxTx,11,81323,65,red,N,X,H,red,N,X
TxTx,11,40,1,purple,N,X,A,purple,N,X
TxTx,11,67,1,purple,N,X,A,purple,N,X
TxTx,11,88,1,purple,N,X,A,purple,N,X
TxTx,11,318,1,purple,N,X,A,purple,N,X
TxTx,11,333,1,purple,N,X,A,purple,N,X
TxTx,11,493,1,purple,N,X,A,purple,N,X
TxTx,11,546,1,purple,N,X,A,purple,N,X
TxTx,11,568,1,purple,N,X,A,purple,N,X
TxTx,11,586,1,purple,N,X,A,purple,N,X
TxTx,11,6810,1,purple,N,X,A,purple,N,X
TxTx,11,6829,1,purple,N,X,A,purple,N,X
TxTx,11,6847,1,purple,N,X,A,purple,N,X
TxTx,11,6869,1,purple,N,X,A,purple,N,X
TxTx,11,11435,1,purple,N,X,A,purple,N,X
TxTx,11,11457,1,purple,N,X,A,purple,N,X
TxTx,11,11479,1,purple,N,X,A,purple,N,X
TxTx,11,11502,1,purple,N,X,A,purple,N,X
TxTx,11,11551,81,purple,N,X,H,purple,N,X
TxTx,11,12867,71,purple,N,X,H,purple,N,X
TxTx,11,14003,163,purple,N,X,H,purple,N,X
TxTx,11,20216,89,purple,N,X,H,purple,N,X
TxTx,11,20722,83,purple,N,X,H,purple,N,X
TxTx,11,23917,101,purple,N,X,H,purple,N,X
TxTx,11,24120,150,purple,N,X,H,purple,N,X
TxTx,11,26703,110,purple,N,X,H,purple,N,X
TxTx,11,27086,1,purple,N,X,A,purple,N,X
TxTx,11,27111,1,purple,N,X,A,purple,N,X
TxTx,11,27139,1,purple,N,X,A,purple,N,X
TxTx,11,27425,124,purple,N,X,H,purple,N,X
TxTx,11,31147,131,purple,N,X,H,purple,N,X
TxTx,11,31879,1,purple,N,X,A,purple,N,X
TxTx,11,31897,1,purple,N,X,A,purple,N,X
TxTx,11,31917,1,purple,N,X,A,purple,N,X
TxTx,11,31948,1,purple,N,X,A,purple,N,X
TxTx,11,32012,197,purple,N,X,H,purple,N,X
TxTx,11,32216,114,purple,N,X,R,purple,N,X
TxTx,11,34084,96,purple,N,X,H,purple,N,X
TxTx,11,34548,1,purple,N,X,A,purple,N,X
TxTx,11,34572,1,purple,N,X,A,purple,N,X
TxTx,11,34594,1,purple,N,X,A,purple,N,X
TxTx,11,35189,52,purple,N,X,H,purple,N,X
TxTx,11,37148,1,purple,N,X,A,purple,N,X
TxTx,11,37175,1,purple,N,X,A,purple,N,X
TxTx,11,37200,1,purple,N,X,A,purple,N,X
TxTx,11,37231,1,purple,N,X,A,purple,N,X
TxTx,11,37439,1,purple,N,X,A,purple,N,X
TxTx,11,37462,1,purple,N,X,A,purple,N,X
TxTx,11,37485,1,purple,N,X,A,purple,N,X
TxTx,11,37506,1,purple,N,X,A,purple,N,X
TxTx,11,37528,62,purple,N,X,H,purple,N,X
TxTx,11,37646,56,purple,N,X,H,purple,N,X
TxTx,11,38243,64,purple,N,X,H,purple,N,X
TxTx,11,38812,1,purple,N,X,A,purple,N,X
TxTx,11,38831,1,purple,N,X,A,purple,N,X
TxTx,11,38850,1,purple,N,X,A,purple,N,X
TxTx,11,38870,1,purple,N,X,A,purple,N,X
TxTx,11,38889,72,purple,N,X,H,purple,N,X
TxTx,11,39013,197,purple,N,X,H,purple,N,X
TxTx,11,39218,102,purple,N,X,R,purple,N,X
TxTx,11,39434,52,purple,N,X,H,purple,N,X
TxTx,11,42607,1,purple,N,X,A,purple,N,X
TxTx,11,42631,1,purple,N,X,A,purple,N,X
TxTx,11,42649,1,purple,N,X,A,purple,N,X
TxTx,11,42673,1,purple,N,X,A,purple,N,X
TxTx,11,42696,1,purple,N,X,A,purple,N,X
TxTx,11,42875,107,purple,N,X,H,purple,N,X
TxTx,11,43593,1,purple,N,X,A,purple,N,X
TxTx,11,43617,78,purple,N,X,H,purple,N,X
TxTx,11,43731,110,purple,N,X,H,purple,N,X
TxTx,11,44393,1,purple,N,X,A,purple,N,X
TxTx,11,44412,1,purple,N,X,A,purple,N,X
TxTx,11,44435,1,purple,N,X,A,purple,N,X
TxTx,11,44461,1,purple,N,X,A,purple,N,X
TxTx,11,46442,1,purple,N,X,A,purple,N,X
TxTx,11,46461,1,purple,N,X,A,purple,N,X
TxTx,11,46480,1,purple,N,X,A,purple,N,X
TxTx,11,46648,10,purple,N,X,H,purple,N,X
TxTx,11,48345,54,purple,N,X,H,purple,N,X
TxTx,11,48479,109,purple,N,X,H,purple,N,X
TxTx,11,49858,182,purple,N,X,H,purple,N,X
TxTx,11,51025,29,purple,N,X,H,purple,N,X
TxTx,11,59879,76,purple,N,X,H,purple,N,X
TxTx,11,60419,67,purple,N,X,H,purple,N,X
TxTx,11,60998,1,purple,N,X,A,purple,N,X
TxTx,11,61024,1,purple,N,X,A,purple,N,X
TxTx,11,61053,1,purple,N,X,A,purple,N,X
TxTx,11,61068,22,purple,N,X,H,purple,N,X
TxTx,11,61091,1,purple,N,X,A,purple,N,X
TxTx,11,62093,75,purple,N,X,H,purple,N,X
TxTx,11,62591,1,purple,N,X,A,purple,N,X
TxTx,11,62615,1,purple,N,X,A,purple,N,X
TxTx,11,62639,1,purple,N,X,A,purple,N,X
TxTx,11,62663,1,purple,N,X,A,purple,N,X
TxTx,11,62681,71,purple,N,X,H,purple,N,X
TxTx,11,62783,182,purple,N,X,H,purple,N,X
TxTx,11,63089,101,purple,N,X,H,purple,N,X
TxTx,11,63190,169,purple,N,X,R,purple,N,X
TxTx,11,64735,1,purple,N,X,A,purple,N,X
TxTx,11,64756,1,purple,N,X,A,purple,N,X
TxTx,11,64777,1,purple,N,X,A,purple,N,X
TxTx,11,64922,1,purple,N,X,A,purple,N,X
TxTx,11,64942,1,purple,N,X,A,purple,N,X
TxTx,11,65119,1,purple,N,X,A,purple,N,X
TxTx,11,65145,1,purple,N,X,A,purple,N,X
TxTx,11,65168,1,purple,N,X,A,purple,N,X
TxTx,11,65206,92,purple,N,X,H,purple,N,X
TxTx,11,65662,1,purple,N,X,A,purple,N,X
TxTx,11,65707,1,purple,N,X,A,purple,N,X
TxTx,11,65728,1,purple,N,X,A,purple,N,X
TxTx,11,65754,1,purple,N,X,A,purple,N,X
TxTx,11,65859,190,purple,N,X,H,purple,N,X
TxTx,11,66147,59,purple,N,X,H,purple,N,X
TxTx,11,67328,50,purple,N,X,H,purple,N,X
TxTx,11,68037,1,purple,N,X,A,purple,N,X
TxTx,11,68059,1,purple,N,X,A,purple,N,X
TxTx,11,68092,1,purple,N,X,A,purple,N,X
TxTx,11,68126,1,purple,N,X,A,purple,N,X
TxTx,11,68157,1,purple,N,X,A,purple,N,X
TxTx,11,68190,1,purple,N,X,A,purple,N,X
TxTx,11,68210,1,purple,N,X,A,purple,N,X
TxTx,11,68232,1,purple,N,X,A,purple,N,X
TxTx,11,68253,1,purple,N,X,A,purple,N,X
TxTx,11,68274,1,purple,N,X,A,purple,N,X
TxTx,11,68477,1,purple,N,X,A,purple,N,X
TxTx,11,68498,1,purple,N,X,A,purple,N,X
TxTx,11,68533,1,purple,N,X,A,purple,N,X
TxTx,11,68555,1,purple,N,X,A,purple,N,X
TxTx,11,68630,1,purple,N,X,A,purple,N,X
TxTx,11,68662,1,purple,N,X,A,purple,N,X
TxTx,11,68689,1,purple,N,X,A,purple,N,X
TxTx,11,69407,174,purple,N,X,H,purple,N,X
TxTx,11,70957,1,purple,N,X,A,purple,N,X
TxTx,11,70979,1,purple,N,X,A,purple,N,X
TxTx,11,71008,1,purple,N,X,A,purple,N,X
TxTx,11,71033,1,purple,N,X,A,purple,N,X
TxTx,11,71061,1,purple,N,X,A,purple,N,X
TxTx,11,73575,271,purple,N,X,H,purple,N,X
TxTx,11,74036,295,purple,N,X,H,purple,N,X
TxTx,11,74379,60,purple,N,X,H,purple,N,X
TxTx,11,75043,27,purple,N,X,H,purple,N,X
TxTx,11,75113,238,purple,N,X,H,purple,N,X
TxTx,11,76126,370,purple,N,X,H,purple,N,X
TxTx,11,76547,77,purple,N,X,H,purple,N,X
TxTx,11,76699,72,purple,N,X,H,purple,N,X
TxTx,11,76771,208,purple,N,X,R,purple,N,X
TxTx,11,77519,1,purple,N,X,A,purple,N,X
TxTx,11,77692,1,purple,N,X,A,purple,N,X
TxTx,11,77716,1,purple,N,X,A,purple,N,X
TxTx,11,77739,1,purple,N,X,A,purple,N,X
TxTx,11,77760,1,purple,N,X,A,purple,N,X
TxTx,11,78183,120,purple,N,X,H,purple,N,X
TxTx,11,33,1,blue,T,X,A,blue,T,X
TxTx,11,51,1,blue,T,X,A,blue,T,X
TxTx,11,82,1,blue,T,X,A,blue,T,X
TxTx,11,100,1,blue,T,X,A,blue,T,X
TxTx,11,121,821,blue,T,X,H,blue,T,X
TxTx,11,4049,1400,blue,T,X,H,blue,T,X
TxTx,11,5452,298,blue,T,X,R,blue,T,X
TxTx,11,5834,49,blue,T,X,H,blue,T,X
TxTx,11,20625,550,blue,T,X,H,blue,T,X
TxTx,11,23572,95,blue,T,X,H,blue,T,X
TxTx,11,23700,624,blue,T,X,H,blue,T,X
TxTx,11,34493,117,blue,T,X,H,blue,T,X
TxTx,11,34667,289,blue,T,X,H,blue,T,X
TxTx,11,35412,55,blue,T,X,H,blue,T,X
TxTx,11,35566,136,blue,T,X,H,blue,T,X
TxTx,11,35707,313,blue,T,X,R,blue,T,X
TxTx,11,36256,1,blue,T,X,A,blue,T,X
TxTx,11,36322,23,blue,T,X,H,blue,T,X
TxTx,11,45063,593,blue,T,X,H,blue,T,X
TxTx,11,45902,71,blue,T,X,H,blue,T,X
TxTx,11,47316,71,blue,T,X,H,blue,T,X
TxTx,11,48568,67,blue,T,X,H,blue,T,X
TxTx,11,48747,88,blue,T,X,H,blue,T,X
TxTx,11,51256,87,blue,T,X,H,blue,T,X
TxTx,11,52889,129,blue,T,X,H,blue,T,X
TxTx,11,53868,197,blue,T,X,H,blue,T,X
TxTx,11,54113,203,blue,T,X,H,blue,T,X
TxTx,11,54321,232,blue,T,X,R,blue,T,X
TxTx,11,63643,36,blue,T,X,H,blue,T,X
TxTx,11,64334,64,blue,T,X,H,blue,T,X
TxTx,11,65227,432,blue,T,X,H,blue,T,X
TxTx,11,66063,1,blue,T,X,A,blue,T,X
TxTx,11,66089,1,blue,T,X,A,blue,T,X
TxTx,11,66124,1,blue,T,X,A,blue,T,X
TxTx,11,66127,40,blue,T,X,H,blue,T,X
TxTx,11,66196,57,blue,T,X,H,blue,T,X
TxTx,11,66438,280,blue,T,X,H,blue,T,X
TxTx,11,67116,91,blue,T,X,H,blue,T,X
TxTx,11,67244,15,blue,T,X,H,blue,T,X
TxTx,11,67382,25,blue,T,X,H,blue,T,X
TxTx,11,67632,1,blue,T,X,A,blue,T,X
TxTx,11,67647,1,blue,T,X,A,blue,T,X
TxTx,11,67696,1,blue,T,X,A,blue,T,X
TxTx,11,67715,1,blue,T,X,A,blue,T,X
TxTx,11,67736,1,blue,T,X,A,blue,T,X
TxTx,11,67796,42,blue,T,X,H,blue,T,X
TxTx,11,68641,266,blue,T,X,H,blue,T,X
TxTx,11,68993,185,blue,T,X,H,blue,T,X
TxTx,11,70095,69,blue,T,X,H,blue,T,X
TxTx,11,70254,128,blue,T,X,H,blue,T,X
TxTx,11,70808,1,blue,T,X,A,blue,T,X
TxTx,11,70830,1,blue,T,X,A,blue,T,X
TxTx,11,70856,1,blue,T,X,A,blue,T,X
TxTx,11,70885,1,blue,T,X,A,blue,T,X
TxTx,11,70917,1,blue,T,X,A,blue,T,X
TxTx,11,70952,29,blue,T,X,H,blue,T,X
TxTx,11,71172,64,blue,T,X,H,blue,T,X
TxTx,11,73324,64,blue,T,X,H,blue,T,X
TxTx,11,74266,1,blue,T,X,A,blue,T,X
TxTx,11,74481,43,blue,T,X,H,blue,T,X
TxTx,11,75221,1,blue,T,X,A,blue,T,X
TxTx,11,75234,1,blue,T,X,A,blue,T,X
TxTx,11,75272,1,blue,T,X,A,blue,T,X
TxTx,11,75295,1,blue,T,X,A,blue,T,X
TxTx,11,75324,1,blue,T,X,A,blue,T,X
TxTx,11,75346,1,blue,T,X,A,blue,T,X
TxTx,11,75441,32,blue,T,X,H,blue,T,X
TxTx,11,75537,94,blue,T,X,H,blue,T,X
TxTx,11,76851,64,blue,T,X,H,blue,T,X
TxTx,11,77077,45,blue,T,X,H,blue,T,X
TxTx,11,77673,1,blue,T,X,A,blue,T,X
TxTx,11,77707,1,blue,T,X,A,blue,T,X
TxTx,11,77729,1,blue,T,X,A,blue,T,X
TxTx,11,78351,297,blue,T,X,H,blue,T,X
TxTx,11,78744,147,blue,T,X,H,blue,T,X
TxTx,11,78895,549,blue,T,X,R,blue,T,X
TxTx,11,23,1,green,N,X,A,green,N,X
TxTx,11,45,1,green,N,X,A,green,N,X
TxTx,11,66,1,green,N,X,A,green,N,X
TxTx,11,84,1,green,N,X,A,green,N,X
TxTx,11,175,1,green,N,X,A,green,N,X
TxTx,11,325,1,green,N,X,A,green,N,X
TxTx,11,349,1,green,N,X,A,green,N,X
TxTx,11,369,1,green,N,X,A,green,N,X
TxTx,11,24177,789,green,N,X,H,green,N,X
TxTx,11,25035,45,green,N,X,H,green,N,X
TxTx,11,25080,238,green,N,X,R,green,N,X
TxTx,11,26210,31,green,N,X,H,green,N,X
TxTx,11,27491,178,green,N,X,H,green,N,X
TxTx,11,28753,66,green,N,X,H,green,N,X
TxTx,11,28884,92,green,N,X,H,green,N,X
TxTx,11,29079,112,green,N,X,H,green,N,X
TxTx,11,30217,512,green,N,X,H,green,N,X
TxTx,11,41722,86,green,N,X,H,green,N,X
TxTx,11,41850,344,green,N,X,H,green,N,X
TxTx,11,42220,37,green,N,X,H,green,N,X
TxTx,11,43124,1,green,N,X,A,green,N,X
TxTx,11,43157,1,green,N,X,A,green,N,X
TxTx,11,44513,66,green,N,X,H,green,N,X
TxTx,11,44642,178,green,N,X,H,green,N,X
TxTx,11,48250,34,green,N,X,H,green,N,X
TxTx,11,48411,46,green,N,X,H,green,N,X
TxTx,11,48646,43,green,N,X,H,green,N,X
TxTx,11,49573,109,green,N,X,H,green,N,X
TxTx,11,50587,83,green,N,X,H,green,N,X
TxTx,11,51552,46,green,N,X,H,green,N,X
TxTx,11,51641,39,green,N,X,H,green,N,X
TxTx,11,51691,241,green,N,X,H,green,N,X
TxTx,11,51932,229,green,N,X,R,green,N,X
TxTx,11,56560,1,green,N,X,A,green,N,X
TxTx,11,56569,81,green,N,X,H,green,N,X
TxTx,11,57550,68,green,N,X,H,green,N,X
TxTx,11,57741,82,green,N,X,H,green,N,X
TxTx,11,64178,137,green,N,X,H,green,N,X
TxTx,11,64360,123,green,N,X,H,green,N,X
TxTx,11,64987,30,green,N,X,H,green,N,X
TxTx,11,66221,108,green,N,X,H,green,N,X
TxTx,11,66404,1,green,N,X,A,green,N,X
TxTx,11,66440,1,green,N,X,A,green,N,X
TxTx,11,67282,1,green,N,X,A,green,N,X
TxTx,11,67308,1,green,N,X,A,green,N,X
TxTx,11,67335,1,green,N,X,A,green,N,X
TxTx,11,67365,1,green,N,X,A,green,N,X
TxTx,11,67391,1,green,N,X,A,green,N,X
TxTx,11,67421,1,green,N,X,A,green,N,X
TxTx,11,67721,1,green,N,X,A,green,N,X
TxTx,11,67827,67,green,N,X,H,green,N,X
TxTx,11,67933,180,green,N,X,H,green,N,X
TxTx,11,72497,1,green,N,X,A,green,N,X
TxTx,11,73746,98,green,N,X,H,green,N,X
TxTx,11,63465,185,yellow,T,X,T,purple,N,X
TxTx,11,30937,441,green,N,X,T,yellow,T,X
TxTx,11,77053,47,green,N,X,T,yellow,T,X
