Replicate,Dish,Colour,part,ch1,ch2
1,I,blue,head,1125,10725
1,I,blue,body,0,0
1,I,green,head,0,3575
1,I,green,body,0,64500
1,I,orange,head,0,2975
1,I,orange,body,0,0
1,I,purple,head,30000,0
1,I,purple,body,14925,0
1,I,red,head,2300,600
1,I,red,body,0,0
1,I,yellow,head,600,5375
1,I,yellow,body,0,225
1,II,blue,head,13375,0
1,II,blue,body,0,0
1,II,green,head,17975,0
1,II,green,body,0,0
1,II,orange,head,16050,0
1,II,orange,body,0,0
1,II,purple,head,17550,0
1,II,purple,body,0,225
1,II,red,head,0,0
1,II,red,body,0,0
1,II,yellow,head,1225,0
1,II,yellow,body,12125,0
1,III,blue,head,700,325
1,III,blue,body,200,0
1,III,green,head,0,0
1,III,green,body,0,0
1,III,orange,head,4675,0
1,III,orange,body,6850,0
1,III,purple,head,0,1875
1,III,purple,body,0,15200
1,III,red,head,275,1225
1,III,red,body,0,0
1,III,yellow,head,0,300
1,III,yellow,body,0,0
1,IV,blue,head,0,1975
1,IV,blue,body,0,0
1,IV,green,head,0,850
1,IV,green,body,0,0
1,IV,orange,head,0,400
1,IV,orange,body,0,225
1,IV,purple,head,0,1775
1,IV,purple,body,0,0
1,IV,red,head,0,8975
1,IV,red,body,0,22925
1,IV,yellow,head,0,250
1,IV,yellow,body,0,0
1,V,blue,head,0,0
1,V,blue,body,0,0
1,V,green,head,0,0
1,V,green,body,0,0
1,V,orange,head,0,0
1,V,orange,body,0,0
1,V,purple,head,0,0
1,V,purple,body,0,0
1,V,red,head,0,0
1,V,red,body,0,0
1,V,yellow,head,0,0
1,V,yellow,body,0,0
1,VI,blue,head,1825,0
1,VI,blue,body,4100,0
1,VI,green,head,0,0
1,VI,green,body,0,0
1,VI,orange,head,0,275
1,VI,orange,body,0,19200
1,VI,purple,head,225,1150
1,VI,purple,body,0,300
1,VI,red,head,225,0
1,VI,red,body,0,0
1,VI,yellow,head,0,0
1,VI,yellow,body,0,0
2,I,blue,head,0,375
2,I,blue,body,0,4250
2,I,green,head,0,0
2,I,green,body,0,0
2,I,orange,head,0,0
2,I,orange,body,0,0
2,I,purple,head,0,0
2,I,purple,body,0,0
2,I,red,head,0,0
2,I,red,body,0,0
2,I,yellow,head,0,650
2,I,yellow,body,0,0
2,II,blue,head,0,3250
2,II,blue,body,0,4350
2,II,green,head,0,0
2,II,green,body,0,0
2,II,orange,head,275,400
2,II,orange,body,0,0
2,II,purple,head,325,2475
2,II,purple,body,0,0
2,II,red,head,2650,0
2,II,red,body,2050,0
2,II,yellow,head,425,0
2,II,yellow,body,0,0
2,III,blue,head,0,0
2,III,blue,body,0,0
2,III,green,head,0,0
2,III,green,body,0,0
2,III,orange,head,0,0
2,III,orange,body,0,0
2,III,purple,head,0,0
2,III,purple,body,0,0
2,III,red,head,0,0
2,III,red,body,0,0
2,III,yellow,head,0,0
2,III,yellow,body,0,0
2,IV,blue,head,475,0
2,IV,blue,body,0,0
2,IV,green,head,375,0
2,IV,green,body,7400,0
2,IV,orange,head,3350,0
2,IV,orange,body,0,0
2,IV,purple,head,2425,0
2,IV,purple,body,175,0
2,IV,red,head,250,0
2,IV,red,body,0,0
2,IV,yellow,head,0,0
2,IV,yellow,body,0,0
2,V,blue,head,975,0
2,V,blue,body,1500,0
2,V,green,head,0,0
2,V,green,body,0,0
2,V,orange,head,2150,350
2,V,orange,body,0,0
2,V,purple,head,1500,425
2,V,purple,body,0,0
2,V,red,head,525,825
2,V,red,body,0,0
2,V,yellow,head,250,1400
2,V,yellow,body,0,18550
2,VI,blue,head,8275,5675
2,VI,blue,body,0,0
2,VI,green,head,0,0
2,VI,green,body,0,0
2,VI,orange,head,2275,5100
2,VI,orange,body,5750,29450
2,VI,purple,head,3650,0
2,VI,purple,body,21475,0
2,VI,red,head,1000,450
2,VI,red,body,0,0
2,VI,yellow,head,300,2725
2,VI,yellow,body,0,0
3,I,blue,head,0,0
3,I,blue,body,0,0
3,I,green,head,0,900
3,I,green,body,0,0
3,I,orange,head,0,925
3,I,orange,body,0,7475
3,I,purple,head,0,1000
3,I,purple,body,0,0
3,I,red,head,0,1175
3,I,red,body,0,0
3,I,yellow,head,0,800
3,I,yellow,body,0,0
3,II,blue,head,975,350
3,II,blue,body,0,0
3,II,green,head,0,1625
3,II,green,body,0,22225
3,II,orange,head,2575,500
3,II,orange,body,0,0
3,II,purple,head,14800,0
3,II,purple,body,18550,0
3,II,red,head,16575,4800
3,II,red,body,0,0
3,II,yellow,head,0,0
3,II,yellow,body,0,0
3,III,blue,head,5775,0
3,III,blue,body,19950,0
3,III,green,head,9075,4225
3,III,green,body,0,0
3,III,orange,head,725,0
3,III,orange,body,0,0
3,III,purple,head,175,0
3,III,purple,body,0,0
3,III,red,head,2300,1875
3,III,red,body,0,0
3,III,yellow,head,0,2575
3,III,yellow,body,0,24950
3,IV,blue,head,9125,2950
3,IV,blue,body,0,0
3,IV,green,head,1075,225
3,IV,green,body,550,0
3,IV,orange,head,0,1125
3,IV,orange,body,0,9400
3,IV,purple,head,375,225
3,IV,purple,body,0,0
3,IV,red,head,1775,0
3,IV,red,body,70750,0
3,IV,yellow,head,0,575
3,IV,yellow,body,0,0
3,V,blue,head,0,0
3,V,blue,body,0,0
3,V,green,head,0,0
3,V,green,body,0,0
3,V,orange,head,0,0
3,V,orange,body,0,0
3,V,purple,head,0,0
3,V,purple,body,0,0
3,V,red,head,0,0
3,V,red,body,0,0
3,V,yellow,head,0,0
3,V,yellow,body,0,0
3,VI,blue,head,3250,0
3,VI,blue,body,0,0
3,VI,green,head,250,0
3,VI,green,body,0,0
3,VI,orange,head,625,0
3,VI,orange,body,0,0
3,VI,purple,head,0,0
3,VI,purple,body,0,0
3,VI,red,head,5875,0
3,VI,red,body,14500,0
3,VI,yellow,head,375,0
3,VI,yellow,body,0,0
4,I,blue,head,0,0
4,I,blue,body,0,0
4,I,green,head,0,0
4,I,green,body,0,0
4,I,orange,head,0,1800
4,I,orange,body,0,8425
4,I,purple,head,0,16825
4,I,purple,body,0,0
4,I,red,head,0,0
4,I,red,body,0,0
4,I,yellow,head,0,225
4,I,yellow,body,0,0
4,II,blue,head,0,0
4,II,blue,body,0,0
4,II,green,head,1550,0
4,II,green,body,0,0
4,II,orange,head,2100,0
4,II,orange,body,10025,0
4,II,purple,head,400,0
4,II,purple,body,0,0
4,II,red,head,500,4000
4,II,red,body,0,0
4,II,yellow,head,175,8000
4,II,yellow,body,0,27500
4,III,blue,head,425,0
4,III,blue,body,8050,0
4,III,green,head,0,0
4,III,green,body,1675,8125
4,III,orange,head,0,0
4,III,orange,body,0,0
4,III,purple,head,0,0
4,III,purple,body,0,0
4,III,red,head,0,0
4,III,red,body,225,0
4,III,yellow,head,0,350
4,III,yellow,body,0,0
4,IV,blue,head,0,0
4,IV,blue,body,0,0
4,IV,green,head,0,900
4,IV,green,body,0,0
4,IV,orange,head,0,0
4,IV,orange,body,0,0
4,IV,purple,head,0,1750
4,IV,purple,body,0,0
4,IV,red,head,0,1875
4,IV,red,body,0,0
4,IV,yellow,head,0,7875
4,IV,yellow,body,0,7300
4,V,blue,head,0,0
4,V,blue,body,0,0
4,V,green,head,0,0
4,V,green,body,0,0
4,V,orange,head,0,0
4,V,orange,body,0,0
4,V,purple,head,0,0
4,V,purple,body,0,0
4,V,red,head,0,0
4,V,red,body,0,0
4,V,yellow,head,0,0
4,V,yellow,body,0,0
4,VI,blue,head,0,4950
4,VI,blue,body,0,14925
4,VI,green,head,625,5525
4,VI,green,body,0,0
4,VI,orange,head,0,0
4,VI,orange,body,0,0
4,VI,purple,head,6850,0
4,VI,purple,body,50000,0
4,VI,red,head,0,0
4,VI,red,body,0,0
4,VI,yellow,head,575,675
4,VI,yellow,body,0,0
5,I,blue,head,0,0
5,I,blue,body,0,0
5,I,green,head,850,950
5,I,green,body,0,0
5,I,orange,head,1025,1025
5,I,orange,body,0,0
5,I,purple,head,4200,8025
5,I,purple,body,0,16900
5,I,red,head,200,0
5,I,red,body,2975,1425
5,I,yellow,head,11275,0
5,I,yellow,body,40500,0
5,II,blue,head,0,6725
5,II,blue,body,0,13700
5,II,green,head,0,0
5,II,green,body,200,0
5,II,orange,head,3450,8150
5,II,orange,body,0,0
5,II,purple,head,700,375
5,II,purple,body,0,0
5,II,red,head,450,0
5,II,red,body,4600,225
5,II,yellow,head,2700,3375
5,II,yellow,body,0,0
5,III,blue,head,4700,300
5,III,blue,body,4050,0
5,III,green,head,0,5100
5,III,green,body,0,18250
5,III,orange,head,2425,1150
5,III,orange,body,0,0
5,III,purple,head,3150,6025
5,III,purple,body,0,0
5,III,red,head,225,350
5,III,red,body,0,0
5,III,yellow,head,10500,1600
5,III,yellow,body,0,0
5,IV,blue,head,12300,0
5,IV,blue,body,0,0
5,IV,green,head,250,0
5,IV,green,body,0,0
5,IV,orange,head,2700,0
5,IV,orange,body,0,0
5,IV,purple,head,825,0
5,IV,purple,body,250,0
5,IV,red,head,17500,0
5,IV,red,body,11350,0
5,IV,yellow,head,2700,0
5,IV,yellow,body,0,0
5,V,blue,head,0,0
5,V,blue,body,0,0
5,V,green,head,0,0
5,V,green,body,0,0
5,V,orange,head,0,0
5,V,orange,body,0,0
5,V,purple,head,0,0
5,V,purple,body,0,0
5,V,red,head,0,0
5,V,red,body,0,0
5,V,yellow,head,0,0
5,V,yellow,body,0,0
5,VI,blue,head,1625,0
5,VI,blue,body,50250,0
5,VI,green,head,7925,0
5,VI,green,body,0,0
5,VI,orange,head,1275,0
5,VI,orange,body,0,0
5,VI,purple,head,0,0
5,VI,purple,body,0,0
5,VI,red,head,0,0
5,VI,red,body,0,0
5,VI,yellow,head,2400,0
5,VI,yellow,body,0,0
6,I,blue,head,0,0
6,I,blue,body,0,0
6,I,green,head,0,0
6,I,green,body,0,0
6,I,orange,head,0,0
6,I,orange,body,0,0
6,I,purple,head,0,0
6,I,purple,body,0,0
6,I,red,head,0,0
6,I,red,body,0,0
6,I,yellow,head,0,0
6,I,yellow,body,0,0
6,II,blue,head,1950,750
6,II,blue,body,0,0
6,II,green,head,625,0
6,II,green,body,12375,0
6,II,orange,head,8350,4725
6,II,orange,body,0,0
6,II,purple,head,0,16225
6,II,purple,body,0,37875
6,II,red,head,0,0
6,II,red,body,0,0
6,II,yellow,head,0,0
6,II,yellow,body,0,0
6,III,blue,head,14100,675
6,III,blue,body,18175,0
6,III,green,head,1475,2350
6,III,green,body,0,0
6,III,orange,head,1575,4450
6,III,orange,body,0,0
6,III,purple,head,2475,325
6,III,purple,body,0,0
6,III,red,head,0,375
6,III,red,body,0,0
6,III,yellow,head,0,14350
6,III,yellow,body,0,41250
6,V,blue,head,1525,0
6,V,blue,body,0,0
6,V,green,head,0,0
6,V,green,body,0,0
6,V,orange,head,7300,0
6,V,orange,body,45500,0
6,V,purple,head,6500,0
6,V,purple,body,0,0
6,V,red,head,12350,0
6,V,red,body,0,0
6,V,yellow,head,20900,0
6,V,yellow,body,0,0
7,I,blue,head,0,0
7,I,blue,body,0,0
7,I,green,head,5050,0
7,I,green,body,0,0
7,I,orange,head,14000,0
7,I,orange,body,32000,0
7,I,purple,head,0,0
7,I,purple,body,0,0
7,I,red,head,0,0
7,I,red,body,0,0
7,I,yellow,head,0,0
7,I,yellow,body,0,0
7,II,blue,head,0,0
7,II,blue,body,0,0
7,II,green,head,0,0
7,II,green,body,0,0
7,II,orange,head,0,0
7,II,orange,body,0,0
7,II,purple,head,0,0
7,II,purple,body,0,0
7,II,red,head,0,0
7,II,red,body,0,0
7,II,yellow,head,5125,0
7,II,yellow,body,99500,0
7,III,blue,head,0,0
7,III,blue,body,0,0
7,III,green,head,3125,0
7,III,green,body,59000,0
7,III,orange,head,900,1675
7,III,orange,body,0,0
7,III,purple,head,0,0
7,III,purple,body,0,0
7,III,red,head,0,0
7,III,red,body,0,0
7,III,yellow,head,0,3250
7,III,yellow,body,325,63750
7,IV,blue,head,0,3500
7,IV,blue,body,0,20000
7,IV,green,head,500,18000
7,IV,green,body,0,0
7,IV,orange,head,0,0
7,IV,orange,body,0,0
7,IV,purple,head,7750,0
7,IV,purple,body,13250,0
7,IV,red,head,925,0
7,IV,red,body,175,0
7,IV,yellow,head,0,0
7,IV,yellow,body,0,0
7,V,blue,head,0,0
7,V,blue,body,0,0
7,V,green,head,0,0
7,V,green,body,0,0
7,V,orange,head,0,0
7,V,orange,body,0,0
7,V,purple,head,0,0
7,V,purple,body,0,0
7,V,red,head,0,0
7,V,red,body,0,0
7,V,yellow,head,0,0
7,V,yellow,body,0,0
7,VI,blue,head,0,16250
7,VI,blue,body,175,28750
7,VI,green,head,2425,375
7,VI,green,body,18750,0
7,VI,orange,head,4250,5050
7,VI,orange,body,0,0
7,VI,purple,head,3650,1875
7,VI,purple,body,0,0
7,VI,red,head,6000,21500
7,VI,red,body,0,225
7,VI,yellow,head,1075,475
7,VI,yellow,body,400,850
8,I,blue,head,0,0
8,I,blue,body,0,0
8,I,green,head,0,0
8,I,green,body,0,0
8,I,orange,head,0,0
8,I,orange,body,0,0
8,I,purple,head,0,0
8,I,purple,body,0,0
8,I,red,head,0,0
8,I,red,body,0,0
8,I,yellow,head,0,0
8,I,yellow,body,0,0
8,II,blue,head,0,0
8,II,blue,body,0,0
8,II,green,head,0,250
8,II,green,body,0,0
8,II,orange,head,6475,1575
8,II,orange,body,0,0
8,II,purple,head,225,900
8,II,purple,body,0,225
8,II,red,head,2900,11750
8,II,red,body,0,2325
8,II,yellow,head,12175,2725
8,II,yellow,body,12950,275
8,III,blue,head,600,1425
8,III,blue,body,0,0
8,III,green,head,0,575
8,III,green,body,0,0
8,III,orange,head,775,300
8,III,orange,body,0,0
8,III,purple,head,9000,0
8,III,purple,body,7725,0
8,III,red,head,0,425
8,III,red,body,0,7375
8,III,yellow,head,5100,425
8,III,yellow,body,0,0
8,IV,blue,head,0,5075
8,IV,blue,body,0,0
8,IV,green,head,0,0
8,IV,green,body,0,0
8,IV,orange,head,0,775
8,IV,orange,body,0,50000
8,IV,purple,head,0,2225
8,IV,purple,body,0,0
8,IV,red,head,0,1475
8,IV,red,body,0,0
8,IV,yellow,head,0,0
8,IV,yellow,body,0,0
8,V,blue,head,975,600
8,V,blue,body,0,0
8,V,green,head,3125,2900
8,V,green,body,0,0
8,V,orange,head,0,3025
8,V,orange,body,200,60750
8,V,purple,head,475,350
8,V,purple,body,0,350
8,V,red,head,7500,450
8,V,red,body,8650,0
8,V,yellow,head,11050,4800
8,V,yellow,body,0,0
8,VI,blue,head,725,0
8,VI,blue,body,0,0
8,VI,green,head,2800,0
8,VI,green,body,6800,0
8,VI,orange,head,0,0
8,VI,orange,body,0,0
8,VI,purple,head,0,0
8,VI,purple,body,0,0
8,VI,red,head,2925,0
8,VI,red,body,0,0
8,VI,yellow,head,6850,0
8,VI,yellow,body,0,0
9,I,blue,head,0,0
9,I,blue,body,0,0
9,I,green,head,0,1625
9,I,green,body,0,0
9,I,orange,head,0,30200
9,I,orange,body,0,0
9,I,purple,head,0,34325
9,I,purple,body,0,17725
9,I,red,head,0,0
9,I,red,body,0,0
9,I,yellow,head,0,0
9,I,yellow,body,0,0
9,II,blue,head,0,17525
9,II,blue,body,0,0
9,II,green,head,450,0
9,II,green,body,0,0
9,II,orange,head,0,19900
9,II,orange,body,0,39075
9,II,purple,head,675,0
9,II,purple,body,0,0
9,II,red,head,1525,0
9,II,red,body,11350,0
9,II,yellow,head,0,0
9,II,yellow,body,0,0
9,III,blue,head,6150,3425
9,III,blue,body,0,0
9,III,green,head,1600,0
9,III,green,body,11450,0
9,III,orange,head,4750,2600
9,III,orange,body,0,0
9,III,purple,head,0,8500
9,III,purple,body,0,0
9,III,red,head,0,4225
9,III,red,body,0,18525
9,III,yellow,head,250,425
9,III,yellow,body,0,0
9,IV,blue,head,0,0
9,IV,blue,body,0,0
9,IV,green,head,4050,0
9,IV,green,body,0,0
9,IV,orange,head,7050,0
9,IV,orange,body,0,0
9,IV,purple,head,13825,0
9,IV,purple,body,40000,0
9,IV,red,head,7250,5775
9,IV,red,body,0,0
9,IV,yellow,head,0,7325
9,IV,yellow,body,0,51325
9,V,blue,head,0,450
9,V,blue,body,0,0
9,V,green,head,0,17375
9,V,green,body,0,0
9,V,orange,head,0,5350
9,V,orange,body,0,0
9,V,purple,head,0,4775
9,V,purple,body,0,29425
9,V,red,head,0,12475
9,V,red,body,0,0
9,V,yellow,head,0,5025
9,V,yellow,body,0,0
9,VI,blue,head,0,0
9,VI,blue,body,0,0
9,VI,green,head,0,0
9,VI,green,body,0,0
9,VI,purple,head,0,0
9,VI,purple,body,0,0
9,VI,red,head,0,0
9,VI,red,body,0,0
9,VI,yellow,head,0,0
9,VI,yellow,body,0,0
10,I,blue,head,0,6525
10,I,blue,body,0,0
10,I,green,head,0,750
10,I,green,body,0,0
10,I,orange,head,0,1250
10,I,orange,body,0,0
10,I,purple,head,0,0
10,I,purple,body,0,0
10,I,red,head,0,39250
10,I,red,body,0,11425
10,I,yellow,head,0,8400
10,I,yellow,body,0,0
10,II,blue,head,0,0
10,II,blue,body,0,0
10,II,green,head,0,0
10,II,green,body,0,0
10,II,orange,head,0,0
10,II,orange,body,0,0
10,II,purple,head,0,0
10,II,purple,body,0,0
10,II,red,head,0,0
10,II,red,body,0,0
10,II,yellow,head,0,0
10,II,yellow,body,0,0
10,III,blue,head,725,1075
10,III,blue,body,0,0
10,III,green,head,300,225
10,III,green,body,0,0
10,III,orange,head,0,375
10,III,orange,body,0,1175
10,III,purple,head,0,0
10,III,purple,body,0,0
10,III,red,head,0,0
10,III,red,body,0,0
10,III,yellow,head,200,0
10,III,yellow,body,925,0
10,IV,blue,head,0,0
10,IV,blue,body,0,0
10,IV,green,head,0,0
10,IV,green,body,0,0
10,IV,orange,head,0,0
10,IV,orange,body,0,0
10,IV,purple,head,0,0
10,IV,purple,body,0,0
10,IV,red,head,0,9550
10,IV,red,body,0,0
10,IV,yellow,head,0,0
10,IV,yellow,body,0,850
10,V,blue,head,0,11300
10,V,blue,body,0,8150
10,V,green,head,4825,1375
10,V,green,body,0,0
10,V,orange,head,575,675
10,V,orange,body,0,0
10,V,purple,head,7525,0
10,V,purple,body,31250,0
10,V,red,head,1975,1175
10,V,red,body,0,0
10,V,yellow,head,375,0
10,V,yellow,body,0,0
10,VI,blue,head,11525,725
10,VI,blue,body,5725,0
10,VI,green,head,1625,15425
10,VI,green,body,0,30750
10,VI,orange,head,600,2175
10,VI,orange,body,0,0
10,VI,purple,head,14850,17575
10,VI,purple,body,0,0
10,VI,red,head,500,0
10,VI,red,body,0,0
10,VI,yellow,head,0,650
10,VI,yellow,body,0,250
11,I,blue,head,0,0
11,I,blue,body,0,0
11,I,green,head,2725,0
11,I,green,body,0,0
11,I,orange,head,4000,0
11,I,orange,body,28500,0
11,I,purple,head,6675,0
11,I,purple,body,0,0
11,I,red,head,175,0
11,I,red,body,0,0
11,I,yellow,head,950,0
11,I,yellow,body,0,0
11,II,blue,head,0,0
11,II,blue,body,0,0
11,II,green,head,0,0
11,II,green,body,0,0
11,II,orange,head,0,0
11,II,orange,body,0,0
11,II,purple,head,0,0
11,II,purple,body,0,0
11,II,red,head,0,0
11,II,red,body,0,0
11,II,yellow,head,0,0
11,II,yellow,body,0,0
12,I,blue,head,3725,0
12,I,blue,body,0,0
12,I,green,head,0,0
12,I,green,body,0,0
12,I,orange,head,8200,0
12,I,orange,body,0,0
12,I,purple,head,0,0
12,I,purple,body,0,0
12,I,red,head,5150,0
12,I,red,body,41950,0
12,I,yellow,head,0,0
12,I,yellow,body,0,0
12,II,blue,head,0,0
12,II,blue,body,0,0
12,II,green,head,0,0
12,II,green,body,0,0
12,II,orange,head,0,0
12,II,orange,body,0,0
12,II,purple,head,0,0
12,II,purple,body,0,0
12,II,red,head,0,0
12,II,red,body,0,0
12,II,yellow,head,0,0
12,II,yellow,body,0,0
12,III,blue,head,17250,350
12,III,blue,body,35000,0
12,III,green,head,400,7950
12,III,green,body,0,11600
12,III,orange,head,0,500
12,III,orange,body,175,0
12,III,purple,head,4875,10250
12,III,purple,body,0,0
12,III,red,head,0,500
12,III,red,body,0,0
12,III,yellow,head,0,0
12,III,yellow,body,0,0
12,IV,blue,head,1000,0
12,IV,blue,body,5375,0
12,IV,green,head,0,0
12,IV,green,body,0,0
12,IV,orange,head,0,0
12,IV,orange,body,0,0
12,IV,purple,head,0,10950
12,IV,purple,body,0,36900
12,IV,red,head,3000,2900
12,IV,red,body,0,0
12,IV,yellow,head,2875,9250
12,IV,yellow,body,0,0
12,V,blue,head,3350,900
12,V,blue,body,16275,275
12,V,green,head,500,1250
12,V,green,body,0,0
12,V,orange,head,0,1800
12,V,orange,body,0,0
12,V,purple,head,4475,2675
12,V,purple,body,0,0
12,V,red,head,1225,10600
12,V,red,body,0,0
12,V,yellow,head,0,2050
12,V,yellow,body,1025,18250
12,VI,blue,head,1750,0
12,VI,blue,body,4450,0
12,VI,green,head,1000,0
12,VI,green,body,0,0
12,VI,orange,head,475,0
12,VI,orange,body,0,0
12,VI,purple,head,0,0
12,VI,purple,body,0,0
12,VI,red,head,0,0
12,VI,red,body,0,0
12,VI,yellow,head,0,0
12,VI,yellow,body,0,0
13,I,blue,head,0,0
13,I,blue,body,0,0
13,I,green,head,0,450
13,I,green,body,0,0
13,I,orange,head,0,2175
13,I,orange,body,0,17300
13,I,purple,head,0,3375
13,I,purple,body,0,0
13,I,red,head,0,400
13,I,red,body,0,0
13,I,yellow,head,0,11800
13,I,yellow,body,0,0
13,II,blue,head,2725,0
13,II,blue,body,0,0
13,II,green,head,0,10350
13,II,green,body,0,17000
13,II,orange,head,3275,4425
13,II,orange,body,0,0
13,II,purple,head,0,0
13,II,purple,body,0,0
13,II,red,head,9750,0
13,II,red,body,8550,0
13,II,yellow,head,0,550
13,II,yellow,body,0,0
13,III,blue,head,0,1750
13,III,blue,body,0,0
13,III,green,head,0,325
13,III,green,body,0,0
13,III,orange,head,0,8500
13,III,orange,body,0,0
13,III,purple,head,0,6425
13,III,purple,body,0,0
13,III,red,head,0,1175
13,III,red,body,0,0
13,III,yellow,head,0,9375
13,III,yellow,body,0,49500
13,IV,blue,head,0,0
13,IV,blue,body,0,0
13,IV,green,head,0,0
13,IV,green,body,0,0
13,IV,orange,head,0,0
13,IV,orange,body,0,0
13,IV,purple,head,0,0
13,IV,purple,body,0,0
13,IV,red,head,0,0
13,IV,red,body,0,0
13,IV,yellow,head,0,0
13,IV,yellow,body,0,0
13,V,blue,head,0,0
13,V,blue,body,0,0
13,V,green,head,2225,2625
13,V,green,body,0,0
13,V,orange,head,20650,675
13,V,orange,body,27900,0
13,V,purple,head,8350,1825
13,V,purple,body,0,0
13,V,red,head,0,12975
13,V,red,body,0,28700
13,V,yellow,head,0,325
13,V,yellow,body,425,0
13,VI,blue,head,0,925
13,VI,blue,body,0,13675
13,VI,green,head,10350,0
13,VI,green,body,0,0
13,VI,orange,head,17000,0
13,VI,orange,body,0,0
13,VI,purple,head,9025,4750
13,VI,purple,body,0,0
13,VI,red,head,3850,0
13,VI,red,body,10350,0
13,VI,yellow,head,250,550
13,VI,yellow,body,0,0
14,I,blue,head,600,16750
14,I,blue,body,0,10150
14,I,green,head,225,0
14,I,green,body,0,0
14,I,orange,head,675,1000
14,I,orange,body,0,0
14,I,purple,head,350,0
14,I,purple,body,0,0
14,I,red,head,1325,225
14,I,red,body,0,0
14,I,yellow,head,15050,0
14,I,yellow,body,32325,0
14,II,blue,head,0,6800
14,II,blue,body,0,0
14,II,green,head,0,7425
14,II,green,body,0,0
14,II,orange,head,0,0
14,II,orange,body,0,225
14,II,purple,head,0,0
14,II,purple,body,0,0
14,II,red,head,0,12925
14,II,red,body,0,0
14,II,yellow,head,0,12025
14,II,yellow,body,0,21200
14,III,blue,head,0,0
14,III,blue,body,0,0
14,III,green,head,0,0
14,III,green,body,0,0
14,III,orange,head,0,0
14,III,orange,body,0,0
14,III,purple,head,0,0
14,III,purple,body,0,0
14,III,red,head,0,0
14,III,red,body,0,0
14,III,yellow,head,0,0
14,III,yellow,body,0,0
14,IV,blue,head,0,4375
14,IV,blue,body,0,0
14,IV,green,head,0,275
14,IV,green,body,0,0
14,IV,orange,head,0,0
14,IV,orange,body,0,0
14,IV,purple,head,0,0
14,IV,purple,body,0,0
14,IV,red,head,0,9675
14,IV,red,body,0,2525
14,IV,yellow,head,0,225
14,IV,yellow,body,0,0
14,V,blue,head,1525,5175
14,V,blue,body,0,0
14,V,green,head,0,14175
14,V,green,body,0,23900
14,V,orange,head,5525,725
14,V,orange,body,4475,0
14,V,purple,head,1575,8300
14,V,purple,body,0,0
14,V,red,head,2150,8200
14,V,red,body,6800,0
14,V,yellow,head,550,0
14,V,yellow,body,0,0
14,VI,blue,head,500,12250
14,VI,blue,body,0,8900
14,VI,green,head,12250,325
14,VI,green,body,27975,0
14,VI,orange,head,200,3350
14,VI,orange,body,0,0
14,VI,purple,head,0,1125
14,VI,purple,body,250,0
14,VI,red,head,5025,675
14,VI,red,body,0,0
14,VI,yellow,head,2050,1575
14,VI,yellow,body,0,0
15,I,blue,head,0,850
15,I,blue,body,0,0
15,I,green,head,0,0
15,I,green,body,0,0
15,I,orange,head,0,9825
15,I,orange,body,0,325
15,I,purple,head,0,5900
15,I,purple,body,0,0
15,I,red,head,0,1575
15,I,red,body,0,6250
15,I,yellow,head,0,0
15,I,yellow,body,0,0
15,II,blue,head,5500,2950
15,II,blue,body,0,0
15,II,green,head,0,850
15,II,green,body,0,19650
15,II,orange,head,0,0
15,II,orange,body,0,0
15,II,purple,head,13075,0
15,II,purple,body,18275,0
15,II,red,head,2050,225
15,II,red,body,0,0
15,II,yellow,head,0,400
15,II,yellow,body,0,0
15,III,blue,head,0,0
15,III,blue,body,0,0
15,III,green,head,0,0
15,III,green,body,0,0
15,III,orange,head,0,0
15,III,orange,body,0,0
15,III,purple,head,0,0
15,III,purple,body,0,0
15,III,red,head,0,0
15,III,red,body,0,0
15,III,yellow,head,0,0
15,III,yellow,body,0,0
15,IV,blue,head,0,0
15,IV,blue,body,0,0
15,IV,green,head,0,0
15,IV,green,body,0,0
15,IV,orange,head,0,275
15,IV,orange,body,0,0
15,IV,purple,head,0,24350
15,IV,purple,body,0,0
15,IV,red,head,0,0
15,IV,red,body,0,0
15,IV,yellow,head,0,2650
15,IV,yellow,body,0,51500
15,V,blue,head,750,350
15,V,blue,body,275,300
15,V,green,head,0,0
15,V,green,body,0,450
15,V,orange,head,250,7725
15,V,orange,body,0,0
15,V,purple,head,800,29450
15,V,purple,body,0,23625
15,V,red,head,0,0
15,V,red,body,0,0
15,V,yellow,head,31250,325
15,V,yellow,body,47250,0
15,VI,blue,head,775,0
15,VI,blue,body,0,0
15,VI,green,head,950,0
15,VI,green,body,0,0
15,VI,orange,head,0,0
15,VI,orange,body,0,0
15,VI,purple,head,7875,225
15,VI,purple,body,24300,0
15,VI,red,head,0,300
15,VI,red,body,0,425
15,VI,yellow,head,0,4050
15,VI,yellow,body,0,17500
16,II,blue,head,0,725
16,II,blue,body,0,0
16,II,green,head,0,5750
16,II,green,body,0,0
16,II,orange,head,0,4100
16,II,orange,body,0,0
16,II,purple,head,0,8350
16,II,purple,body,0,0
16,II,red,head,0,500
16,II,red,body,0,0
16,II,yellow,head,0,4150
16,II,yellow,body,0,46425
16,IV,blue,head,0,0
16,IV,blue,body,275,0
16,IV,green,head,300,250
16,IV,green,body,0,0
16,IV,orange,head,875,0
16,IV,orange,body,35250,0
16,IV,purple,head,13225,4275
16,IV,purple,body,0,250
16,IV,red,body,0,167400
16,IV,red,head,0,14150
16,IV,yellow,head,0,325
16,IV,yellow,body,0,0
16,V,blue,head,0,0
16,V,blue,body,0,0
16,V,green,head,15100,0
16,V,green,body,26575,0
16,V,orange,head,0,4050
16,V,orange,body,0,16000
16,V,purple,head,900,8050
16,V,purple,body,0,0
16,V,red,head,1225,0
16,V,red,body,0,0
16,V,yellow,head,0,0
16,V,yellow,body,175,0
16,VI,blue,head,275,0
16,VI,blue,body,0,0
16,VI,green,head,15500,0
16,VI,green,body,43000,0
16,VI,orange,head,425,0
16,VI,orange,body,175,0
16,VI,purple,head,3525,0
16,VI,purple,body,0,0
16,VI,red,head,450,0
16,VI,red,body,0,0
16,VI,yellow,head,11450,0
16,VI,yellow,body,275,0
17,I,blue,head,1150,0
17,I,blue,body,0,0
17,I,green,head,0,0
17,I,green,body,0,0
17,I,orange,head,6125,0
17,I,orange,body,225,0
17,I,purple,head,11100,0
17,I,purple,body,27500,0
17,I,red,head,250,0
17,I,red,body,0,0
17,I,yellow,head,21500,0
17,I,yellow,body,0,0
17,II,blue,head,9850,350
17,II,blue,body,26625,0
17,II,green,head,1000,3000
17,II,green,body,5700,16100
17,II,orange,head,2975,3850
17,II,orange,body,0,325
17,II,purple,head,0,0
17,II,purple,body,0,0
17,II,red,head,0,0
17,II,red,body,375,0
17,II,yellow,head,8150,8725
17,II,yellow,body,0,0
17,III,blue,head,0,6950
17,III,blue,body,0,0
17,III,green,head,0,800
17,III,green,body,0,0
17,III,orange,head,0,4575
17,III,orange,body,0,0
17,III,purple,head,0,21225
17,III,purple,body,0,27600
17,III,red,head,0,0
17,III,red,body,0,0
17,III,yellow,head,0,10625
17,III,yellow,body,0,0
17,IV,blue,head,575,600
17,IV,blue,body,0,0
17,IV,green,head,3500,7950
17,IV,green,body,0,0
17,IV,orange,head,7375,0
17,IV,orange,body,19875,0
17,IV,purple,head,0,11425
17,IV,purple,body,0,32100
17,IV,red,head,0,250
17,IV,red,body,0,0
17,IV,yellow,head,3000,0
17,IV,yellow,body,0,0
17,V,blue,head,0,0
17,V,blue,body,0,0
17,V,green,head,0,2675
17,V,green,body,0,0
17,V,orange,head,0,10100
17,V,orange,body,0,20625
17,V,purple,head,20050,0
17,V,purple,body,21800,0
17,V,red,head,9450,6425
17,V,red,body,0,0
17,V,yellow,head,0,0
17,V,yellow,body,0,0
17,VI,blue,head,0,0
17,VI,blue,body,0,0
17,VI,green,head,0,0
17,VI,green,body,0,0
17,VI,orange,head,0,0
17,VI,orange,body,0,0
17,VI,purple,head,0,0
17,VI,purple,body,0,0
17,VI,red,head,0,0
17,VI,red,body,0,0
17,VI,yellow,head,0,0
17,VI,yellow,body,0,0
18,II,blue,head,1575,825
18,II,blue,body,200,225
18,II,green,head,200,0
18,II,green,body,0,0
18,II,orange,head,12100,0
18,II,orange,body,59500,0
18,II,purple,head,500,4300
18,II,purple,body,16100,19400
18,II,red,head,3375,0
18,II,red,body,0,0
18,II,yellow,head,11350,3900
18,II,yellow,body,0,0
18,III,blue,head,0,2450
18,III,blue,body,10850,350
18,III,green,head,1300,4475
18,III,green,body,0,0
18,III,orange,head,0,1775
18,III,orange,body,0,18800
18,III,purple,head,12200,300
18,III,purple,body,10300,0
18,III,red,head,0,425
18,III,red,body,175,250
18,III,yellow,head,225,425
18,III,yellow,body,0,0
18,IV,blue,head,0,0
18,IV,blue,body,0,0
18,IV,green,head,0,0
18,IV,green,body,0,0
18,IV,orange,head,0,0
18,IV,orange,body,0,0
18,IV,purple,head,0,0
18,IV,purple,body,0,0
18,IV,red,head,0,0
18,IV,red,body,0,0
18,IV,yellow,head,0,0
18,IV,yellow,body,0,0
18,V,blue,head,0,0
18,V,blue,body,0,0
18,V,green,head,0,725
18,V,green,body,0,450
18,V,orange,head,0,8400
18,V,orange,body,0,72750
18,V,purple,head,2750,10500
18,V,purple,body,0,0
18,V,red,head,200,2925
18,V,red,body,0,0
18,V,yellow,head,9825,6975
18,V,yellow,body,29000,0
18,VI,blue,head,0,6225
18,VI,blue,body,0,0
18,VI,green,head,0,475
18,VI,green,body,0,0
18,VI,orange,head,0,3175
18,VI,orange,body,0,0
18,VI,purple,head,0,0
18,VI,purple,body,0,0
18,VI,red,head,0,4200
18,VI,red,body,0,0
18,VI,yellow,head,0,33000
18,VI,yellow,body,0,48500
